# Blender 5.0.1
# www.blender.org
mtllib Untitled.mtl
o c0a0
v 190.100006 347.675140 74.066467
v 190.100006 344.585266 81.999977
v 190.100006 343.300018 85.299980
v 190.100006 354.100006 85.299973
v 190.100006 355.385254 81.999969
v 190.100006 357.070526 77.672997
v 190.100006 365.200012 56.799973
v 190.100006 354.399994 56.799973
v 190.100006 347.675140 74.066467
v 190.100006 357.070526 77.672997
v 294.000000 224.000015 103.899986
v 294.000000 224.000000 85.299988
v 305.700012 224.000000 85.299988
v 305.700012 224.000015 103.899986
v 294.000000 224.000015 142.099991
v 294.000000 224.000015 103.899986
v 305.700012 224.000015 103.899986
v 305.700012 224.000015 142.099991
v 193.699997 224.000000 23.219986
v 193.699997 224.000000 28.499983
v 190.100006 224.000000 28.499983
v 190.100006 224.000000 23.219986
v 190.100006 224.000000 -28.300018
v 193.699997 224.000000 -28.300018
v 193.699997 224.000000 23.219986
v 190.100006 224.000000 23.219986
v 216.100006 224.000000 23.219986
v 216.100006 224.000000 28.499983
v 212.500000 224.000000 28.499983
v 193.699997 224.000000 28.499983
v 193.699997 224.000000 23.219986
v 193.699997 224.000000 -28.300018
v 216.100006 224.000000 -28.300018
v 216.100006 224.000000 23.219986
v 193.699997 224.000000 23.219986
v 238.500000 224.000000 23.219986
v 238.500000 224.000000 28.499983
v 234.900009 224.000000 28.499983
v 216.100006 224.000000 28.499983
v 216.100006 224.000000 23.219986
v 216.100006 224.000000 -28.300018
v 238.500000 224.000000 -28.300018
v 238.500000 224.000000 23.219986
v 216.100006 224.000000 23.219986
v 260.899994 224.000000 23.219986
v 260.899994 224.000000 28.499983
v 257.300018 224.000000 28.499983
v 238.500000 224.000000 28.499983
v 238.500000 224.000000 23.219986
v 238.500000 224.000000 -28.300018
v 260.899994 224.000000 -28.300018
v 260.899994 224.000000 23.219986
v 238.500000 224.000000 23.219986
v 283.300018 224.000000 23.219986
v 283.300018 224.000000 28.499983
v 268.800018 224.000000 28.499983
v 260.899994 224.000000 28.499983
v 260.899994 224.000000 23.219986
v 260.899994 224.000000 -28.300018
v 283.300018 224.000000 -28.300018
v 283.300018 224.000000 23.219986
v 260.899994 224.000000 23.219986
v 305.700012 224.000000 23.219986
v 305.700012 224.000000 26.099983
v 305.700012 224.000000 28.499983
v 291.200012 224.000000 28.499983
v 283.300018 224.000000 28.499983
v 283.300018 224.000000 23.219986
v 283.300018 224.000000 -28.300018
v 295.300018 224.000000 -28.300018
v 305.700012 224.000000 -28.300018
v 305.700012 224.000000 23.219986
v 283.300018 224.000000 23.219986
v 307.200012 236.300003 79.999985
v 302.399994 236.300003 79.999985
v 302.399994 237.900009 79.999985
v 307.200012 237.900009 79.999985
v 291.100006 380.399994 85.299973
v 291.100006 380.399994 82.399971
v 291.100006 374.000000 84.899971
v 291.100006 374.000000 85.299973
v 305.700012 306.000000 79.999977
v 305.700012 306.000000 80.499977
v 301.899994 306.000000 80.499977
v 301.899994 306.000000 79.999977
v 291.100006 343.300018 142.099976
v 291.100006 306.000000 142.099976
v 305.700012 306.000000 142.099976
v 305.700012 328.399994 142.099976
v 305.700012 343.300018 142.099976
v 291.100006 387.700012 85.299973
v 305.700012 387.700012 85.299973
v 307.771545 387.700012 79.999969
v 295.300018 387.700012 79.999969
v 291.100006 387.700012 79.999969
v 291.100006 380.399994 85.299973
v 291.100006 374.000000 85.299973
v 291.100006 354.100006 85.299973
v 305.700012 354.100006 85.299973
v 305.700012 365.300018 85.299973
v 305.700012 387.700012 85.299973
v 291.100006 387.700012 85.299973
v 305.700012 365.300018 85.299973
v 305.700012 354.100006 85.299973
v 307.771454 356.164215 79.999969
v 307.771484 365.300018 79.999969
v 307.771545 387.700012 79.999969
v 305.700012 387.700012 85.299973
v 305.700012 365.300018 85.299973
v 307.771484 365.300018 79.999969
v 291.100006 356.164215 79.999969
v 295.300018 356.164215 79.999969
v 307.771454 356.164215 79.999969
v 305.700012 354.100006 85.299973
v 291.100006 354.100006 85.299973
v 305.700012 343.300018 85.299980
v 291.100006 343.300018 85.299980
v 291.100006 343.300018 103.899979
v 305.700012 343.300018 103.899979
v 305.700012 343.300018 103.899979
v 291.100006 343.300018 103.899979
v 291.100006 343.300018 142.099976
v 305.700012 343.300018 142.099976
v 291.100006 343.300018 85.299980
v 305.700012 343.300018 85.299980
v 307.771484 345.364258 79.999977
v 295.300018 345.364258 79.999977
v 291.100006 345.364258 79.999977
v 307.771454 343.300018 79.999977
v 307.771484 345.364258 79.999977
v 305.700012 343.300018 85.299980
v 305.700012 306.000000 85.299980
v 305.700012 320.899994 85.299980
v 305.700012 320.899994 103.899979
v 305.700012 306.000000 103.899979
v 305.700012 320.899994 85.299980
v 305.700012 343.300018 85.299980
v 305.700012 343.300018 103.899979
v 305.700012 328.399994 103.899979
v 305.700012 320.899994 103.899979
v 305.700012 328.399994 103.899979
v 305.700012 343.300018 103.899979
v 305.700012 343.300018 142.099976
v 305.700012 328.399994 142.099976
v 305.700012 306.000000 103.899979
v 305.700012 320.899994 103.899979
v 305.700012 328.399994 103.899979
v 305.700012 328.399994 142.099976
v 305.700012 306.000000 142.099976
v 307.771454 306.000000 79.999977
v 307.771454 309.600006 79.999977
v 307.771454 320.899994 79.999977
v 305.700012 320.899994 85.299980
v 305.700012 306.000000 85.299980
v 307.771454 320.899994 79.999977
v 307.771454 332.000000 79.999977
v 307.771454 343.300018 79.999977
v 305.700012 343.300018 85.299980
v 305.700012 320.899994 85.299980
v 398.200012 283.600006 83.699982
v 398.200012 268.800018 83.699982
v 398.200012 265.100006 79.999977
v 398.200012 302.100006 79.999977
v 398.200012 298.399994 83.699982
v 383.500000 283.600006 83.699982
v 398.200012 283.600006 83.699982
v 398.200012 298.399994 83.699982
v 383.500000 298.399994 83.699982
v 361.100006 283.600006 83.699982
v 383.500000 283.600006 83.699982
v 383.500000 298.399994 83.699982
v 361.100006 298.399994 83.699982
v 338.700012 283.600006 83.699982
v 361.100006 283.600006 83.699982
v 361.100006 298.399994 83.699982
v 338.700012 298.399994 83.699982
v 383.500000 268.800018 83.699982
v 398.200012 268.800018 83.699982
v 398.200012 283.600006 83.699982
v 383.500000 283.600006 83.699982
v 361.100006 268.800018 83.699982
v 383.500000 268.800018 83.699982
v 383.500000 283.600006 83.699982
v 361.100006 283.600006 83.699982
v 338.700012 268.800018 83.699982
v 361.100006 268.800018 83.699982
v 361.100006 283.600006 83.699982
v 338.700012 283.600006 83.699982
v 398.200012 298.399994 83.699982
v 398.200012 302.100006 79.999977
v 383.500000 302.100006 79.999977
v 383.500000 298.399994 83.699982
v 383.500000 302.100006 79.999977
v 361.100006 302.100006 79.999977
v 361.100006 298.399994 83.699982
v 383.500000 298.399994 83.699982
v 361.100006 302.100006 79.999977
v 338.700012 302.100006 79.999977
v 338.700012 298.399994 83.699982
v 361.100006 298.399994 83.699982
v 383.500000 265.100006 79.999977
v 398.200012 265.100006 79.999977
v 398.200012 268.800018 83.699982
v 383.500000 268.800018 83.699982
v 361.100006 265.100006 79.999977
v 383.500000 265.100006 79.999977
v 383.500000 268.800018 83.699982
v 361.100006 268.800018 83.699982
v 338.700012 265.100006 79.999977
v 361.100006 265.100006 79.999977
v 361.100006 268.800018 83.699982
v 338.700012 268.800018 83.699982
v 291.100006 306.000000 142.099976
v 291.100006 224.000015 142.099991
v 294.000000 224.000015 142.099991
v 305.700012 224.000015 142.099991
v 305.700012 246.400024 142.099991
v 305.700012 268.800018 142.099991
v 305.700012 291.200012 142.099991
v 305.700012 306.000000 142.099976
v 305.700012 303.600006 82.899979
v 305.700012 306.000000 80.499977
v 305.700012 306.000000 79.999977
v 305.700012 303.600006 79.999977
v 305.700012 261.200012 79.999977
v 305.700012 261.200012 81.299980
v 305.700012 263.600006 83.699982
v 305.700012 263.600006 79.999977
v 305.700012 283.200012 103.299980
v 305.700012 299.600006 86.899979
v 305.700012 301.200012 85.299980
v 305.700012 303.600006 85.299980
v 305.700012 306.000000 85.299980
v 305.700012 306.000000 103.899979
v 305.700012 291.200012 103.899979
v 305.700012 282.600006 103.899979
v 305.700012 224.000000 85.299988
v 305.700012 238.400009 85.299988
v 305.700012 238.400024 103.899986
v 305.700012 224.000015 103.899986
v 305.700012 238.400009 85.299988
v 305.700012 241.199997 85.299988
v 305.700012 260.800018 85.299980
v 305.700012 260.800018 103.899979
v 305.700012 246.400024 103.899986
v 305.700012 238.400024 103.899986
v 305.700012 260.800018 85.299980
v 305.700012 263.600006 85.299980
v 305.700012 265.200012 85.299980
v 305.700012 266.800018 86.899979
v 305.700012 277.200012 97.299980
v 305.700012 283.200012 103.299980
v 305.700012 282.600006 103.899979
v 305.700012 268.800018 103.899979
v 305.700012 260.800018 103.899979
v 305.700012 277.200012 97.299980
v 305.700012 266.800018 86.899979
v 305.700012 277.200012 86.899979
v 305.700012 299.600006 86.899979
v 305.700012 283.200012 103.299980
v 305.700012 277.200012 97.299980
v 305.700012 277.200012 86.899979
v 305.700012 291.200012 103.899979
v 305.700012 306.000000 103.899979
v 305.700012 306.000000 142.099976
v 305.700012 291.200012 142.099991
v 305.700012 268.800018 103.899979
v 305.700012 282.600006 103.899979
v 305.700012 291.200012 103.899979
v 305.700012 291.200012 142.099991
v 305.700012 268.800018 142.099991
v 305.700012 246.400024 103.899986
v 305.700012 260.800018 103.899979
v 305.700012 268.800018 103.899979
v 305.700012 268.800018 142.099991
v 305.700012 246.400024 142.099991
v 305.700012 224.000015 103.899986
v 305.700012 238.400024 103.899986
v 305.700012 246.400024 103.899986
v 305.700012 246.400024 142.099991
v 305.700012 224.000015 142.099991
v 305.700012 302.800018 83.699982
v 305.700012 303.600006 83.699982
v 305.700012 303.600006 85.299980
v 305.700012 301.200012 85.299980
v 305.700012 263.600006 85.299980
v 305.700012 263.600006 83.699982
v 305.700012 265.200012 85.299980
v 305.700012 302.800018 83.699982
v 305.700012 303.600006 82.899979
v 305.700012 303.600006 83.699982
v 306.325012 263.600006 83.699982
v 305.700012 263.600006 83.699982
v 305.700012 263.600006 85.299980
v 305.700012 263.600006 79.999977
v 305.700012 263.600006 83.699982
v 306.325012 263.600006 83.699982
v 307.771118 263.600006 79.999977
v 305.700012 303.600006 83.699982
v 305.700012 303.600006 82.899979
v 305.700012 303.600006 79.999977
v 307.771118 303.600006 79.999977
v 306.325012 303.600006 83.699982
v 305.700012 303.600006 85.299980
v 305.700012 303.600006 83.699982
v 306.325012 303.600006 83.699982
v 305.700012 303.600006 85.299980
v 307.771118 303.600006 79.999977
v 307.771454 306.000000 79.999977
v 305.700012 306.000000 85.299980
v 328.100006 283.600006 83.699982
v 338.700012 283.600006 83.699982
v 338.700012 298.399994 83.699982
v 328.100006 298.399994 83.699982
v 305.700012 298.399994 83.699982
v 305.700012 283.600006 83.699982
v 328.100006 283.600006 83.699982
v 328.100006 298.399994 83.699982
v 328.100006 268.800018 83.699982
v 338.700012 268.800018 83.699982
v 338.700012 283.600006 83.699982
v 328.100006 283.600006 83.699982
v 305.700012 283.600006 83.699982
v 305.700012 276.000000 83.699982
v 305.700012 268.800018 83.699982
v 328.100006 268.800018 83.699982
v 328.100006 283.600006 83.699982
v 328.100006 265.100006 79.999977
v 338.700012 265.100006 79.999977
v 338.700012 268.800018 83.699982
v 328.100006 268.800018 83.699982
v 305.700012 268.800018 83.699982
v 305.700012 265.100006 79.999977
v 328.100006 265.100006 79.999977
v 328.100006 268.800018 83.699982
v 338.700012 302.100006 79.999977
v 328.100006 302.100006 79.999977
v 328.100006 298.399994 83.699982
v 338.700012 298.399994 83.699982
v 328.100006 302.100006 79.999977
v 305.700012 302.100006 79.999977
v 305.700012 298.399994 83.699982
v 328.100006 298.399994 83.699982
v 305.700012 241.199997 85.299988
v 305.700012 238.400009 85.299988
v 305.700012 224.000000 85.299988
v 306.833466 224.000000 82.399986
v 307.771484 224.000000 79.999985
v 307.771484 241.199997 79.999985
v 307.771118 263.600006 79.999977
v 305.700012 263.600006 85.299980
v 305.700012 260.800018 85.299980
v 305.700012 241.199997 85.299988
v 307.771484 241.199997 79.999985
v 301.899994 261.200012 79.999977
v 301.899994 261.200012 81.299980
v 305.700012 261.200012 81.299980
v 305.700012 261.200012 79.999977
v 305.700012 266.800018 86.899979
v 301.899994 266.800018 86.899979
v 301.899994 277.200012 86.899979
v 305.700012 277.200012 86.899979
v 301.899994 277.200012 86.899979
v 301.899994 299.600006 86.899979
v 305.700012 299.600006 86.899979
v 305.700012 277.200012 86.899979
v 301.899994 306.000000 79.999977
v 301.899994 306.000000 80.499977
v 301.899994 302.800018 83.699982
v 301.899994 302.800018 79.999977
v 301.899994 263.600006 79.999977
v 301.899994 264.399994 79.999977
v 301.899994 264.399994 83.699982
v 301.899994 263.600006 83.699982
v 301.899994 261.200012 81.299980
v 301.899994 261.200012 79.999977
v 301.899994 264.399994 83.699982
v 301.899994 264.399994 79.999977
v 301.899994 265.100006 79.999977
v 301.899994 268.800018 83.699982
v 301.899994 264.399994 83.699982
v 301.899994 268.800018 83.699982
v 301.899994 276.000000 83.699982
v 301.899994 298.399994 83.699982
v 301.899994 302.800018 83.699982
v 301.899994 299.600006 86.899979
v 301.899994 277.200012 86.899979
v 301.899994 266.800018 86.899979
v 301.899994 263.600006 83.699982
v 301.899994 298.399994 83.699982
v 301.899994 302.100006 79.999977
v 301.899994 302.800018 79.999977
v 301.899994 302.800018 83.699982
v 301.899994 276.000000 83.699982
v 301.899994 268.800018 83.699982
v 305.700012 268.800018 83.699982
v 305.700012 276.000000 83.699982
v 301.899994 298.399994 83.699982
v 301.899994 276.000000 83.699982
v 305.700012 276.000000 83.699982
v 305.700012 283.600006 83.699982
v 305.700012 298.399994 83.699982
v 301.899994 263.600006 83.699982
v 301.899994 266.800018 86.899979
v 305.700012 266.800018 86.899979
v 305.700012 265.200012 85.299980
v 305.700012 263.600006 83.699982
v 305.700012 302.800018 83.699982
v 305.700012 301.200012 85.299980
v 305.700012 299.600006 86.899979
v 301.899994 299.600006 86.899979
v 301.899994 302.800018 83.699982
v 301.899994 268.800018 83.699982
v 301.899994 265.100006 79.999977
v 305.700012 265.100006 79.999977
v 305.700012 268.800018 83.699982
v 301.899994 302.800018 83.699982
v 301.899994 306.000000 80.499977
v 305.700012 306.000000 80.499977
v 305.700012 303.600006 82.899979
v 305.700012 302.800018 83.699982
v 305.700012 298.399994 83.699982
v 305.700012 302.100006 79.999977
v 301.899994 302.100006 79.999977
v 301.899994 298.399994 83.699982
v 305.700012 263.600006 83.699982
v 305.700012 261.200012 81.299980
v 301.899994 261.200012 81.299980
v 301.899994 263.600006 83.699982
v 291.100006 343.300018 103.899979
v 279.700012 343.300018 103.899979
v 279.700012 343.300018 142.099976
v 291.100006 343.300018 142.099976
v 279.700012 343.300018 103.899979
v 268.700012 343.300018 103.899979
v 257.300018 343.300018 103.899979
v 257.300018 343.300018 142.099976
v 279.700012 343.300018 142.099976
v 257.300018 343.300018 103.899979
v 246.300003 343.300018 103.899979
v 234.900009 343.300018 103.899979
v 234.900009 343.300018 142.099976
v 257.300018 343.300018 142.099976
v 234.900009 343.300018 103.899979
v 223.900009 343.300018 103.899979
v 212.500000 343.300018 103.899979
v 212.500000 343.300018 142.099976
v 234.900009 343.300018 142.099976
v 212.500000 343.300018 103.899979
v 201.500000 343.300018 103.899979
v 190.100006 343.300018 103.899979
v 190.100006 343.300018 142.099976
v 212.500000 343.300018 142.099976
v 201.500000 343.300018 85.299980
v 190.100006 343.300018 85.299980
v 190.100006 343.300018 103.899979
v 201.500000 343.300018 103.899979
v 223.900009 343.300018 85.299980
v 221.699997 343.300018 85.299980
v 212.199997 343.300018 85.299980
v 201.500000 343.300018 85.299980
v 201.500000 343.300018 103.899979
v 212.500000 343.300018 103.899979
v 223.900009 343.300018 103.899979
v 246.300003 343.300018 85.299980
v 243.800003 343.300018 85.299980
v 223.900009 343.300018 85.299980
v 223.900009 343.300018 103.899979
v 234.900009 343.300018 103.899979
v 246.300003 343.300018 103.899979
v 268.700012 343.300018 85.299980
v 256.500000 343.300018 85.299980
v 246.300003 343.300018 85.299980
v 246.300003 343.300018 103.899979
v 257.300018 343.300018 103.899979
v 268.700012 343.300018 103.899979
v 291.100006 343.300018 85.299980
v 278.600006 343.300018 85.299980
v 268.700012 343.300018 85.299980
v 268.700012 343.300018 103.899979
v 279.700012 343.300018 103.899979
v 291.100006 343.300018 103.899979
v 291.100006 374.000000 84.899971
v 286.300018 374.000000 84.899971
v 286.300018 374.000000 85.299973
v 291.100006 374.000000 85.299973
v 264.399994 374.000000 84.899971
v 259.600006 374.000000 84.899971
v 259.600006 374.000000 85.299973
v 264.399994 374.000000 85.299973
v 211.000000 374.000000 84.899971
v 206.199997 374.000000 84.899971
v 206.199997 374.000000 85.299973
v 211.000000 374.000000 85.299973
v 237.699997 374.000000 84.899971
v 232.900009 374.000000 84.899971
v 232.900009 374.000000 85.299973
v 234.900009 374.000000 85.299973
v 237.699997 374.000000 85.299973
v 286.300018 380.399994 82.399971
v 291.100006 380.399994 82.399971
v 291.100006 380.399994 85.299973
v 286.300018 380.399994 85.299973
v 259.600006 380.399994 82.399971
v 264.399994 380.399994 82.399971
v 264.399994 380.399994 85.299973
v 259.600006 380.399994 85.299973
v 206.199997 380.399994 82.399971
v 211.000000 380.399994 82.399971
v 211.000000 380.399994 85.299973
v 206.199997 380.399994 85.299973
v 232.900009 380.399994 82.399971
v 237.699997 380.399994 82.399971
v 237.699997 380.399994 85.299973
v 234.900009 380.399994 85.299973
v 232.900009 380.399994 85.299973
v 190.100006 387.700012 81.999969
v 190.100006 387.700012 85.299973
v 201.500000 387.700012 85.299973
v 201.500000 387.700012 79.999969
v 199.000000 387.700012 79.999969
v 190.100006 387.700012 79.999969
v 201.500000 387.700012 85.299973
v 223.900009 387.700012 85.299973
v 223.900009 387.700012 79.999969
v 221.400009 387.700012 79.999969
v 201.500000 387.700012 79.999969
v 223.900009 387.700012 85.299973
v 234.900009 387.700012 85.299973
v 246.300003 387.700012 85.299973
v 246.300003 387.700012 79.999969
v 243.800003 387.700012 79.999969
v 223.900009 387.700012 79.999969
v 246.300003 387.700012 85.299973
v 268.700012 387.700012 85.299973
v 268.700012 387.700012 79.999969
v 250.500000 387.700012 79.999969
v 246.300003 387.700012 79.999969
v 268.700012 387.700012 85.299973
v 279.700012 387.700012 85.299973
v 291.100006 387.700012 85.299973
v 291.100006 387.700012 79.999969
v 272.899994 387.700012 79.999969
v 268.700012 387.700012 79.999969
v 291.100006 387.700012 85.299973
v 279.700012 387.700012 85.299973
v 279.700012 380.399994 85.299973
v 286.300018 380.399994 85.299973
v 291.100006 380.399994 85.299973
v 279.700012 387.700012 85.299973
v 268.700012 387.700012 85.299973
v 246.300003 387.700012 85.299973
v 234.900009 387.700012 85.299973
v 234.900009 380.399994 85.299973
v 237.699997 380.399994 85.299973
v 259.600006 380.399994 85.299973
v 264.399994 380.399994 85.299973
v 279.700012 380.399994 85.299973
v 234.900009 387.700012 85.299973
v 223.900009 387.700012 85.299973
v 201.500000 387.700012 85.299973
v 190.100006 387.700012 85.299973
v 190.100006 380.399994 85.299973
v 206.199997 380.399994 85.299973
v 211.000000 380.399994 85.299973
v 232.900009 380.399994 85.299973
v 234.900009 380.399994 85.299973
v 237.699997 380.399994 85.299973
v 237.699997 380.399994 82.399971
v 237.699997 374.000000 84.899971
v 237.699997 374.000000 85.299973
v 264.399994 380.399994 85.299973
v 264.399994 380.399994 82.399971
v 264.399994 374.000000 84.899971
v 264.399994 374.000000 85.299973
v 286.300018 374.000000 85.299973
v 286.300018 374.000000 84.899971
v 286.300018 380.399994 82.399971
v 286.300018 380.399994 85.299973
v 291.100006 380.399994 82.399971
v 286.300018 380.399994 82.399971
v 286.300018 374.000000 84.899971
v 291.100006 374.000000 84.899971
v 286.300018 380.399994 85.299973
v 279.700012 380.399994 85.299973
v 264.399994 380.399994 85.299973
v 264.399994 374.000000 85.299973
v 279.700012 374.000000 85.299973
v 286.300018 374.000000 85.299973
v 259.600006 374.000000 85.299973
v 259.600006 374.000000 84.899971
v 259.600006 380.399994 82.399971
v 259.600006 380.399994 85.299973
v 264.399994 380.399994 82.399971
v 259.600006 380.399994 82.399971
v 259.600006 374.000000 84.899971
v 264.399994 374.000000 84.899971
v 259.600006 380.399994 85.299973
v 237.699997 380.399994 85.299973
v 237.699997 374.000000 85.299973
v 259.600006 374.000000 85.299973
v 211.000000 380.399994 85.299973
v 211.000000 380.399994 82.399971
v 211.000000 374.000000 84.899971
v 211.000000 374.000000 85.299973
v 232.900009 374.000000 85.299973
v 232.900009 374.000000 84.899971
v 232.900009 380.399994 82.399971
v 232.900009 380.399994 85.299973
v 237.699997 380.399994 82.399971
v 232.900009 380.399994 82.399971
v 232.900009 374.000000 84.899971
v 237.699997 374.000000 84.899971
v 232.900009 380.399994 85.299973
v 211.000000 380.399994 85.299973
v 211.000000 374.000000 85.299973
v 232.900009 374.000000 85.299973
v 206.199997 374.000000 85.299973
v 206.199997 374.000000 84.899971
v 206.199997 380.399994 82.399971
v 206.199997 380.399994 85.299973
v 211.000000 380.399994 82.399971
v 206.199997 380.399994 82.399971
v 206.199997 374.000000 84.899971
v 211.000000 374.000000 84.899971
v 206.199997 380.399994 85.299973
v 190.100006 380.399994 85.299973
v 190.100006 374.000000 85.299973
v 206.199997 374.000000 85.299973
v 278.600006 354.100006 85.299973
v 256.500000 354.100006 85.299973
v 256.500000 343.300018 85.299980
v 268.700012 343.300018 85.299980
v 278.600006 343.300018 85.299980
v 243.800003 354.100006 85.299973
v 234.900009 354.100006 85.299973
v 221.699997 354.100006 85.299973
v 221.699997 343.300018 85.299980
v 223.900009 343.300018 85.299980
v 243.800003 343.300018 85.299980
v 212.199997 354.100006 85.299973
v 190.100006 354.100006 85.299973
v 190.100006 343.300018 85.299980
v 201.500000 343.300018 85.299980
v 212.199997 343.300018 85.299980
v 279.700012 354.100006 85.299973
v 291.100006 354.100006 85.299973
v 291.100006 374.000000 85.299973
v 286.300018 374.000000 85.299973
v 279.700012 374.000000 85.299973
v 234.900009 354.100006 85.299973
v 243.800003 354.100006 85.299973
v 256.500000 354.100006 85.299973
v 278.600006 354.100006 85.299973
v 279.700012 354.100006 85.299973
v 279.700012 374.000000 85.299973
v 264.399994 374.000000 85.299973
v 259.600006 374.000000 85.299973
v 237.699997 374.000000 85.299973
v 234.900009 374.000000 85.299973
v 190.100006 354.100006 85.299973
v 212.199997 354.100006 85.299973
v 221.699997 354.100006 85.299973
v 234.900009 354.100006 85.299973
v 234.900009 374.000000 85.299973
v 232.900009 374.000000 85.299973
v 211.000000 374.000000 85.299973
v 206.199997 374.000000 85.299973
v 190.100006 374.000000 85.299973
v 243.800003 356.164215 79.999969
v 243.800003 354.100006 85.299973
v 243.800003 343.300018 85.299980
v 243.800003 345.364227 79.999977
v 256.500000 345.364227 79.999977
v 256.500000 343.300018 85.299980
v 256.500000 354.100006 85.299973
v 256.500000 356.164215 79.999969
v 278.600006 356.164215 79.999969
v 278.600006 354.100006 85.299973
v 278.600006 343.300018 85.299980
v 278.600006 345.364227 79.999977
v 279.700012 354.100006 85.299973
v 278.600006 354.100006 85.299973
v 278.600006 356.164215 79.999969
v 291.100006 356.164215 79.999969
v 291.100006 354.100006 85.299973
v 278.600006 345.364227 79.999977
v 278.600006 343.300018 85.299980
v 291.100006 343.300018 85.299980
v 291.100006 345.364258 79.999977
v 246.300003 343.300018 85.299980
v 256.500000 343.300018 85.299980
v 256.500000 345.364227 79.999977
v 243.800003 345.364227 79.999977
v 243.800003 343.300018 85.299980
v 243.800003 354.100006 85.299973
v 243.800003 356.164215 79.999969
v 256.500000 356.164215 79.999969
v 256.500000 354.100006 85.299973
v 221.699997 345.364227 79.999977
v 221.699997 343.300018 85.299980
v 221.699997 354.100006 85.299973
v 221.699997 356.164215 79.999969
v 212.199997 356.164215 79.999969
v 212.199997 354.100006 85.299973
v 212.199997 343.300018 85.299980
v 212.199997 345.364227 79.999977
v 212.199997 354.100006 85.299973
v 212.199997 356.164215 79.999969
v 221.699997 356.164215 79.999969
v 221.699997 354.100006 85.299973
v 221.699997 343.300018 85.299980
v 221.699997 345.364227 79.999977
v 212.199997 345.364227 79.999977
v 212.199997 343.300018 85.299980
v 291.100006 306.000000 142.099976
v 291.100006 343.300018 142.099976
v 279.700012 343.300018 142.099976
v 257.300018 343.300018 142.099976
v 234.900009 343.300018 142.099976
v 212.500000 343.300018 142.099976
v 190.100006 343.300018 142.099976
v 190.100006 303.600006 142.099976
v 190.100006 224.000015 142.099991
v 242.900009 224.000015 142.099991
v 291.100006 224.000015 142.099991
v 295.300018 349.100006 63.199974
v 295.300018 351.000000 63.199974
v 295.300018 351.600006 63.199974
v 295.300018 351.600006 47.199974
v 301.899994 306.000000 32.499977
v 305.700012 306.000000 32.499977
v 305.700012 306.000000 79.999977
v 301.899994 306.000000 79.999977
v 305.700012 330.640015 28.499975
v 305.700012 343.300018 28.499973
v 327.899994 343.300018 28.499973
v 327.899994 330.640015 28.499975
v 305.700012 306.000000 28.499977
v 305.700012 320.899994 28.499975
v 305.700012 330.640015 28.499975
v 327.899994 330.640015 28.499975
v 327.899994 320.899994 28.499975
v 327.899994 306.000000 28.499977
v 295.300018 365.514008 55.999973
v 317.152008 365.514008 55.999973
v 316.938690 365.300018 56.545197
v 316.838989 365.200012 56.799973
v 295.300018 365.200012 56.799973
v 307.771545 387.700012 79.999969
v 317.152008 387.700012 55.999969
v 295.300018 387.700012 55.999969
v 295.300018 387.700012 79.999969
v 295.300018 387.700012 55.999969
v 317.152008 387.700012 55.999969
v 317.152008 365.514008 55.999973
v 295.300018 365.514008 55.999973
v 316.838989 365.200012 56.799973
v 316.938690 365.300018 56.545197
v 307.771484 365.300018 79.999969
v 307.771454 356.164215 79.999969
v 316.938690 365.300018 56.545197
v 317.152008 365.514008 55.999973
v 317.152008 387.700012 55.999969
v 307.771545 387.700012 79.999969
v 307.771484 365.300018 79.999969
v 295.300018 365.200012 56.799973
v 316.838989 365.200012 56.799973
v 307.771454 356.164215 79.999969
v 295.300018 356.164215 79.999969
v 303.300018 351.600006 47.199974
v 311.300018 351.600006 47.199974
v 312.200012 351.600006 47.199974
v 320.591003 351.600006 47.199974
v 320.591003 343.300018 47.199974
v 300.700012 343.300018 47.199974
v 300.700012 351.600006 47.199974
v 312.200012 358.165009 47.199974
v 320.591003 358.165009 47.199974
v 320.591003 351.600006 47.199974
v 312.200012 351.600006 47.199974
v 300.700012 324.720032 47.199978
v 300.700012 306.000000 47.199978
v 295.300018 306.000000 47.199978
v 295.300018 322.920013 47.199978
v 295.300018 324.720032 47.199978
v 295.300018 349.800018 47.199974
v 295.300018 351.600006 47.199974
v 300.700012 351.600006 47.199974
v 300.700012 343.300018 47.199974
v 300.700012 324.720032 47.199978
v 295.300018 324.720032 47.199978
v 320.591003 306.000000 47.199978
v 320.591003 313.364990 47.199978
v 316.838989 313.364990 56.799976
v 316.838989 309.600006 56.799976
v 316.838989 306.000000 56.799976
v 320.591003 313.364990 47.199978
v 320.591003 320.899994 47.199978
v 320.591003 335.764984 47.199974
v 316.838989 335.764984 56.799973
v 316.838989 332.000000 56.799973
v 316.838989 313.364990 56.799976
v 320.591003 335.764984 47.199974
v 320.591003 343.300018 47.199974
v 320.591003 351.600006 47.199974
v 320.591003 358.165009 47.199974
v 316.838989 354.399994 56.799973
v 316.838989 335.764984 56.799973
v 316.838989 306.000000 56.799976
v 316.838989 309.600006 56.799976
v 307.771454 309.600006 79.999977
v 307.771454 306.000000 79.999977
v 316.838989 309.600006 56.799976
v 316.838989 313.364990 56.799976
v 316.838989 332.000000 56.799973
v 307.771454 332.000000 79.999977
v 307.771454 320.899994 79.999977
v 307.771454 309.600006 79.999977
v 316.838989 332.000000 56.799973
v 316.838989 335.764984 56.799973
v 316.838989 354.399994 56.799973
v 307.771484 345.364258 79.999977
v 307.771454 343.300018 79.999977
v 307.771454 332.000000 79.999977
v 312.200012 351.596008 63.999973
v 312.200012 349.100006 63.999973
v 295.300018 349.100006 63.999973
v 295.300018 351.596008 63.999973
v 295.300018 345.364258 79.999977
v 307.771484 345.364258 79.999977
v 314.024994 351.596008 63.999973
v 312.200012 351.596008 63.999973
v 295.300018 351.596008 63.999973
v 312.200012 349.100006 63.199974
v 311.300018 349.100006 63.199974
v 306.300018 349.100006 63.199974
v 299.899994 349.100006 63.199974
v 295.300018 349.100006 63.199974
v 295.300018 349.100006 63.999973
v 312.200012 349.100006 63.999973
v 306.300018 349.100006 62.899975
v 299.899994 349.100006 62.899975
v 299.899994 349.100006 63.199974
v 306.300018 349.100006 63.199974
v 311.300018 351.600006 47.199974
v 311.300018 351.600006 63.199974
v 311.300018 351.000000 63.199974
v 311.300018 349.100006 63.199974
v 312.200012 354.399994 56.799973
v 312.200012 350.100006 56.799973
v 312.200012 349.100006 63.199974
v 312.200012 349.100006 63.999973
v 312.200012 351.596008 63.999973
v 312.200012 358.165009 47.199974
v 312.200012 351.600006 47.199974
v 312.200012 350.100006 56.799973
v 312.200012 354.399994 56.799973
v 312.200012 351.596008 63.999973
v 314.024994 351.596008 63.999973
v 314.337982 351.907013 63.199974
v 316.838989 354.399994 56.799973
v 312.200012 354.399994 56.799973
v 312.200012 354.399994 56.799973
v 316.838989 354.399994 56.799973
v 320.591003 358.165009 47.199974
v 312.200012 358.165009 47.199974
v 312.200012 350.100006 56.799973
v 312.200012 351.600006 47.199974
v 311.300018 351.600006 47.199974
v 311.300018 349.100006 63.199974
v 312.200012 349.100006 63.199974
v 311.300018 351.600006 47.199974
v 303.300018 351.600006 47.199974
v 303.300018 351.600006 63.199974
v 311.300018 351.600006 63.199974
v 303.300018 351.600006 47.199974
v 300.700012 351.600006 47.199974
v 295.300018 351.600006 47.199974
v 295.300018 351.600006 63.199974
v 303.300018 351.600006 63.199974
v 306.300018 351.000000 62.899975
v 299.899994 351.000000 62.899975
v 299.899994 349.100006 62.899975
v 306.300018 349.100006 62.899975
v 299.899994 351.000000 62.899975
v 306.300018 351.000000 62.899975
v 306.300018 351.000000 63.199974
v 299.899994 351.000000 63.199974
v 299.899994 351.000000 63.199974
v 306.300018 351.000000 63.199974
v 311.300018 351.000000 63.199974
v 311.300018 351.600006 63.199974
v 303.300018 351.600006 63.199974
v 295.300018 351.600006 63.199974
v 295.300018 351.000000 63.199974
v 306.300018 351.000000 63.199974
v 306.300018 351.000000 62.899975
v 306.300018 349.100006 62.899975
v 306.300018 349.100006 63.199974
v 306.300018 349.100006 63.199974
v 311.300018 349.100006 63.199974
v 311.300018 351.000000 63.199974
v 306.300018 351.000000 63.199974
v 299.899994 349.100006 62.899975
v 299.899994 351.000000 62.899975
v 299.899994 351.000000 63.199974
v 299.899994 349.100006 63.199974
v 295.300018 349.100006 63.199974
v 299.899994 349.100006 63.199974
v 299.899994 351.000000 63.199974
v 295.300018 351.000000 63.199974
v 320.942993 343.300018 46.299973
v 305.500000 343.300018 46.299973
v 300.700012 343.300018 46.299973
v 300.700012 343.300018 47.199974
v 320.591003 343.300018 47.199974
v 305.500000 343.300018 28.499973
v 295.300018 343.300018 28.499973
v 295.300018 343.300018 46.299973
v 300.700012 343.300018 46.299973
v 305.500000 343.300018 46.299973
v 320.942993 343.300018 46.299973
v 327.899994 343.300018 28.499973
v 305.700012 343.300018 28.499973
v 305.500000 343.300018 28.499973
v 305.500000 343.300018 46.299973
v 300.700012 343.300018 46.299973
v 300.700012 330.640015 46.299973
v 300.700012 306.000000 46.299976
v 300.700012 306.000000 47.199978
v 300.700012 324.720032 47.199978
v 300.700012 343.300018 47.199974
v 327.587311 306.000000 29.299978
v 327.899994 306.000000 28.499977
v 327.899994 320.899994 28.499975
v 320.591003 320.899994 47.199978
v 320.591003 313.364990 47.199978
v 320.591003 306.000000 47.199978
v 327.899994 320.899994 28.499975
v 327.899994 330.640015 28.499975
v 327.899994 343.300018 28.499973
v 320.591003 343.300018 47.199974
v 320.591003 335.764984 47.199974
v 320.591003 320.899994 47.199978
v 300.700012 330.640015 46.299973
v 300.700012 343.300018 46.299973
v 295.300018 343.300018 46.299973
v 295.300018 330.640015 46.299973
v 300.700012 306.000000 46.299976
v 300.700012 330.640015 46.299973
v 295.300018 330.640015 46.299973
v 295.300018 319.040009 46.299976
v 295.300018 306.000000 46.299976
v 295.300018 343.300018 23.219976
v 295.300018 343.300018 28.499973
v 305.500000 343.300018 28.499973
v 305.700012 343.300018 28.499973
v 305.700012 343.300018 23.219976
v 305.700012 343.300018 -28.300028
v 295.300018 343.300018 -28.300028
v 295.300018 343.300018 23.219976
v 305.700012 343.300018 23.219976
v 305.700012 343.300018 -28.300028
v 305.700012 320.899994 -28.300026
v 305.700012 306.000000 -28.300024
v 295.300018 306.000000 -28.300024
v 295.300018 343.300018 -28.300028
v 305.700012 320.899994 23.219978
v 305.700012 320.899994 28.499975
v 305.700012 306.000000 28.499977
v 305.700012 306.000000 26.099977
v 305.700012 306.000000 23.219980
v 305.700012 306.000000 -28.300024
v 305.700012 320.899994 -28.300026
v 305.700012 320.899994 23.219978
v 305.700012 306.000000 23.219980
v 305.700012 343.300018 23.219976
v 305.700012 343.300018 28.499973
v 305.700012 330.640015 28.499975
v 305.700012 320.899994 28.499975
v 305.700012 320.899994 23.219978
v 305.700012 320.899994 -28.300026
v 305.700012 343.300018 -28.300028
v 305.700012 343.300018 23.219976
v 305.700012 320.899994 23.219978
v 301.899994 278.000000 26.099979
v 301.899994 272.000000 26.099979
v 301.899994 266.800018 26.099979
v 305.700012 266.800018 26.099979
v 305.700012 278.000000 26.099979
v 305.700012 283.600006 26.099979
v 305.700012 300.399994 26.099977
v 301.899994 300.399994 26.099977
v 301.899994 278.000000 26.099979
v 305.700012 278.000000 26.099979
v 398.200012 287.800018 29.299980
v 398.200012 298.399994 29.299978
v 398.200012 302.800018 33.699978
v 398.200012 302.800018 42.499977
v 398.200012 287.800018 42.499977
v 398.200012 264.399994 42.499981
v 398.200012 264.399994 33.699982
v 398.200012 268.800018 29.299980
v 398.200012 279.399994 29.299980
v 398.200012 279.399994 42.499977
v 398.200012 265.100006 79.999977
v 398.200012 264.399994 79.299980
v 398.200012 264.399994 42.499981
v 398.200012 279.399994 42.499977
v 398.200012 287.800018 42.499977
v 398.200012 302.800018 42.499977
v 398.200012 302.800018 79.299980
v 398.200012 302.100006 79.999977
v 383.500000 298.399994 29.299978
v 398.200012 298.399994 29.299978
v 398.200012 287.800018 29.299980
v 383.500000 287.800018 29.299980
v 338.700012 298.399994 29.299978
v 353.399994 298.399994 29.299978
v 375.800018 298.399994 29.299978
v 383.500000 298.399994 29.299978
v 383.500000 287.800018 29.299980
v 361.100006 287.800018 29.299980
v 338.700012 287.800018 29.299980
v 398.200012 279.399994 29.299980
v 398.200012 268.800018 29.299980
v 383.500000 268.800018 29.299980
v 383.500000 279.399994 29.299980
v 383.500000 268.800018 29.299980
v 375.800018 268.800018 29.299980
v 353.399994 268.800018 29.299980
v 338.700012 268.800018 29.299980
v 338.700012 279.399994 29.299980
v 361.100006 279.399994 29.299980
v 383.500000 279.399994 29.299980
v 383.500000 287.800018 29.299980
v 398.200012 287.800018 29.299980
v 398.200012 287.800018 42.499977
v 398.100006 287.800018 42.499977
v 383.500000 287.800018 42.499977
v 361.100006 287.800018 29.299980
v 383.500000 287.800018 29.299980
v 383.500000 287.800018 42.499977
v 361.100006 287.800018 42.499977
v 338.700012 287.800018 29.299980
v 361.100006 287.800018 29.299980
v 361.100006 287.800018 42.499977
v 338.700012 287.800018 42.499977
v 398.200012 302.800018 79.299980
v 398.200012 302.800018 42.499977
v 398.200012 302.800018 33.699978
v 383.500000 302.800018 33.699978
v 383.500000 302.800018 79.299980
v 383.500000 302.800018 33.699978
v 375.800018 302.800018 33.699978
v 361.100006 302.800018 33.699978
v 361.100006 302.800018 79.299980
v 383.500000 302.800018 79.299980
v 361.100006 302.800018 33.699978
v 353.399994 302.800018 33.699978
v 338.700012 302.800018 33.699978
v 338.700012 302.800018 79.299980
v 361.100006 302.800018 79.299980
v 353.399994 298.399994 29.299978
v 338.700012 298.399994 29.299978
v 338.700012 302.800018 33.699978
v 353.399994 302.800018 33.699978
v 375.800018 298.399994 29.299978
v 353.399994 298.399994 29.299978
v 353.399994 302.800018 33.699978
v 361.100006 302.800018 33.699978
v 375.800018 302.800018 33.699978
v 383.500000 302.800018 33.699978
v 398.200012 302.800018 33.699978
v 398.200012 298.399994 29.299978
v 383.500000 298.399994 29.299978
v 375.800018 298.399994 29.299978
v 375.800018 302.800018 33.699978
v 398.200012 302.100006 79.999977
v 398.200012 302.800018 79.299980
v 383.500000 302.800018 79.299980
v 383.500000 302.100006 79.999977
v 383.500000 302.800018 79.299980
v 361.100006 302.800018 79.299980
v 361.100006 302.100006 79.999977
v 383.500000 302.100006 79.999977
v 361.100006 302.800018 79.299980
v 338.700012 302.800018 79.299980
v 338.700012 302.100006 79.999977
v 361.100006 302.100006 79.999977
v 398.100006 279.399994 42.499977
v 398.200012 279.399994 42.499977
v 398.200012 279.399994 29.299980
v 383.500000 279.399994 29.299980
v 383.500000 279.399994 42.499977
v 383.500000 279.399994 29.299980
v 361.100006 279.399994 29.299980
v 361.100006 279.399994 42.499977
v 383.500000 279.399994 42.499977
v 361.100006 279.399994 29.299980
v 338.700012 279.399994 29.299980
v 338.700012 279.399994 42.499977
v 361.100006 279.399994 42.499977
v 338.700012 284.800018 44.099979
v 361.100006 284.800018 44.099979
v 383.500000 284.800018 44.099979
v 398.100006 284.800018 44.099979
v 398.100006 282.399994 44.099979
v 383.500000 282.399994 44.099979
v 361.100006 282.399994 44.099979
v 338.700012 282.399994 44.099979
v 398.100006 284.800018 44.099979
v 398.100006 284.800018 42.499977
v 398.100006 282.399994 42.499977
v 398.100006 282.399994 44.099979
v 398.100006 282.399994 42.499977
v 398.100006 284.800018 42.499977
v 398.100006 287.800018 42.499977
v 398.200012 287.800018 42.499977
v 398.200012 279.399994 42.499977
v 398.100006 279.399994 42.499977
v 398.100006 287.800018 42.499977
v 398.100006 284.800018 42.499977
v 383.500000 284.800018 42.499977
v 383.500000 287.800018 42.499977
v 383.500000 284.800018 42.499977
v 361.100006 284.800018 42.499977
v 361.100006 287.800018 42.499977
v 383.500000 287.800018 42.499977
v 361.100006 284.800018 42.499977
v 338.700012 284.800018 42.499977
v 338.700012 287.800018 42.499977
v 361.100006 287.800018 42.499977
v 398.100006 282.399994 42.499977
v 398.100006 279.399994 42.499977
v 383.500000 279.399994 42.499977
v 383.500000 282.399994 42.499977
v 383.500000 279.399994 42.499977
v 361.100006 279.399994 42.499977
v 361.100006 282.399994 42.499977
v 383.500000 282.399994 42.499977
v 361.100006 279.399994 42.499977
v 338.700012 279.399994 42.499977
v 338.700012 282.399994 42.499977
v 361.100006 282.399994 42.499977
v 383.500000 284.800018 42.499977
v 398.100006 284.800018 42.499977
v 398.100006 284.800018 44.099979
v 383.500000 284.800018 44.099979
v 361.100006 284.800018 42.499977
v 383.500000 284.800018 42.499977
v 383.500000 284.800018 44.099979
v 361.100006 284.800018 44.099979
v 338.700012 284.800018 42.499977
v 361.100006 284.800018 42.499977
v 361.100006 284.800018 44.099979
v 338.700012 284.800018 44.099979
v 398.100006 282.399994 44.099979
v 398.100006 282.399994 42.499977
v 383.500000 282.399994 42.499977
v 383.500000 282.399994 44.099979
v 383.500000 282.399994 42.499977
v 361.100006 282.399994 42.499977
v 361.100006 282.399994 44.099979
v 383.500000 282.399994 44.099979
v 361.100006 282.399994 42.499977
v 338.700012 282.399994 42.499977
v 338.700012 282.399994 44.099979
v 361.100006 282.399994 44.099979
v 383.500000 264.399994 33.699982
v 398.200012 264.399994 33.699982
v 398.200012 264.399994 42.499981
v 398.200012 264.399994 79.299980
v 383.500000 264.399994 79.299980
v 361.100006 264.399994 33.699982
v 375.800018 264.399994 33.699982
v 383.500000 264.399994 33.699982
v 383.500000 264.399994 79.299980
v 361.100006 264.399994 79.299980
v 338.700012 264.399994 33.699982
v 353.399994 264.399994 33.699982
v 361.100006 264.399994 33.699982
v 361.100006 264.399994 79.299980
v 338.700012 264.399994 79.299980
v 383.500000 264.399994 79.299980
v 398.200012 264.399994 79.299980
v 398.200012 265.100006 79.999977
v 383.500000 265.100006 79.999977
v 361.100006 264.399994 79.299980
v 383.500000 264.399994 79.299980
v 383.500000 265.100006 79.999977
v 361.100006 265.100006 79.999977
v 338.700012 264.399994 79.299980
v 361.100006 264.399994 79.299980
v 361.100006 265.100006 79.999977
v 338.700012 265.100006 79.999977
v 338.700012 268.800018 29.299980
v 353.399994 268.800018 29.299980
v 353.399994 264.399994 33.699982
v 338.700012 264.399994 33.699982
v 353.399994 268.800018 29.299980
v 375.800018 268.800018 29.299980
v 375.800018 264.399994 33.699982
v 361.100006 264.399994 33.699982
v 353.399994 264.399994 33.699982
v 375.800018 268.800018 29.299980
v 383.500000 268.800018 29.299980
v 398.200012 268.800018 29.299980
v 398.200012 264.399994 33.699982
v 383.500000 264.399994 33.699982
v 375.800018 264.399994 33.699982
v 327.899994 263.600006 28.499981
v 305.700012 263.600006 28.499981
v 305.700012 263.600006 29.299982
v 327.587006 263.600006 29.299982
v 327.587006 263.600006 29.299982
v 305.700012 263.600006 29.299982
v 305.700012 263.600006 79.999977
v 307.771118 263.600006 79.999977
v 305.700012 263.600006 29.299982
v 305.700012 264.399994 28.499981
v 305.700012 266.800018 26.099979
v 301.899994 266.800018 26.099979
v 301.899994 264.399994 28.499981
v 301.899994 263.600006 29.299982
v 305.700012 266.800018 26.099979
v 305.700012 264.399994 28.499981
v 305.700012 263.600006 28.499981
v 305.700012 263.600006 26.099981
v 305.700012 263.600006 29.299982
v 305.700012 263.600006 28.499981
v 305.700012 264.399994 28.499981
v 328.100006 264.399994 79.299980
v 338.700012 264.399994 79.299980
v 338.700012 265.100006 79.999977
v 328.100006 265.100006 79.999977
v 305.700012 265.100006 79.999977
v 305.700012 264.399994 79.299980
v 328.100006 264.399994 79.299980
v 328.100006 265.100006 79.999977
v 301.899994 265.100006 79.999977
v 301.899994 264.399994 79.299980
v 305.700012 264.399994 79.299980
v 305.700012 265.100006 79.999977
v 305.700012 264.399994 33.699982
v 305.700012 264.399994 79.299980
v 301.899994 264.399994 79.299980
v 301.899994 264.399994 33.699982
v 328.100006 264.399994 33.699982
v 338.700012 264.399994 33.699982
v 338.700012 264.399994 79.299980
v 328.100006 264.399994 79.299980
v 305.700012 264.399994 79.299980
v 305.700012 264.399994 33.699982
v 316.300018 264.399994 33.699982
v 328.100006 264.399994 33.699982
v 328.100006 264.399994 79.299980
v 305.700012 264.399994 33.699982
v 305.700012 268.800018 29.299980
v 309.300018 268.800018 29.299980
v 316.300018 268.800018 29.299980
v 316.300018 264.399994 33.699982
v 316.300018 268.800018 29.299980
v 338.700012 268.800018 29.299980
v 338.700012 264.399994 33.699982
v 328.100006 264.399994 33.699982
v 316.300018 264.399994 33.699982
v 301.899994 264.399994 33.699982
v 301.899994 268.800018 29.299980
v 305.700012 268.800018 29.299980
v 305.700012 264.399994 33.699982
v 305.700012 303.600006 28.499977
v 305.700012 306.000000 28.499977
v 327.899994 306.000000 28.499977
v 327.899994 303.600006 28.499977
v 305.700012 268.800018 29.299980
v 305.700012 298.399994 29.299978
v 309.300018 298.399994 29.299978
v 309.300018 287.800018 29.299980
v 309.300018 279.399994 29.299980
v 309.300018 268.800018 29.299980
v 338.700012 268.800018 29.299980
v 316.300018 268.800018 29.299980
v 309.300018 268.800018 29.299980
v 309.300018 279.399994 29.299980
v 331.700012 279.399994 29.299980
v 338.700012 279.399994 29.299980
v 309.300018 298.399994 29.299978
v 316.300018 298.399994 29.299978
v 338.700012 298.399994 29.299978
v 338.700012 287.800018 29.299980
v 331.700012 287.800018 29.299980
v 309.300018 287.800018 29.299980
v 301.899994 268.800018 29.299980
v 301.899994 298.399994 29.299978
v 305.700012 298.399994 29.299978
v 305.700012 268.800018 29.299980
v 331.700012 287.800018 29.299980
v 338.700012 287.800018 29.299980
v 338.700012 287.800018 42.499977
v 331.700012 287.800018 42.499977
v 328.100006 287.800018 42.499977
v 309.300018 287.800018 42.499977
v 309.300018 287.800018 41.299976
v 309.300018 287.800018 38.099979
v 309.300018 287.800018 29.299980
v 331.700012 287.800018 29.299980
v 331.700012 287.800018 42.499977
v 305.700012 287.800018 42.499977
v 305.700012 287.800018 41.299976
v 309.300018 287.800018 41.299976
v 309.300018 287.800018 42.499977
v 305.700012 306.000000 79.999977
v 305.700012 306.000000 32.499977
v 305.700012 303.600006 30.099977
v 305.700012 303.600006 79.999977
v 305.700012 302.800018 29.299978
v 305.700012 303.600006 29.299978
v 305.700012 303.600006 30.099977
v 338.700012 302.800018 33.699978
v 328.100006 302.800018 33.699978
v 328.100006 302.800018 79.299980
v 338.700012 302.800018 79.299980
v 328.100006 302.800018 33.699978
v 316.300018 302.800018 33.699978
v 305.700012 302.800018 33.699978
v 305.700012 302.800018 79.299980
v 328.100006 302.800018 79.299980
v 305.700012 303.600006 79.999977
v 305.700012 303.600006 30.099977
v 305.700012 303.600006 29.299978
v 327.587006 303.600006 29.299978
v 307.771118 303.600006 79.999977
v 327.587006 303.600006 29.299978
v 327.587311 306.000000 29.299978
v 307.771454 306.000000 79.999977
v 307.771118 303.600006 79.999977
v 338.700012 302.800018 79.299980
v 328.100006 302.800018 79.299980
v 328.100006 302.100006 79.999977
v 338.700012 302.100006 79.999977
v 328.100006 302.800018 79.299980
v 305.700012 302.800018 79.299980
v 305.700012 302.100006 79.999977
v 328.100006 302.100006 79.999977
v 316.300018 298.399994 29.299978
v 309.300018 298.399994 29.299978
v 305.700012 298.399994 29.299978
v 305.700012 302.800018 33.699978
v 316.300018 302.800018 33.699978
v 338.700012 298.399994 29.299978
v 316.300018 298.399994 29.299978
v 316.300018 302.800018 33.699978
v 328.100006 302.800018 33.699978
v 338.700012 302.800018 33.699978
v 300.700012 294.399994 47.199978
v 300.700012 294.399994 46.299976
v 295.300018 294.399994 46.299976
v 295.300018 294.399994 47.199978
v 300.700012 306.000000 46.299976
v 300.700012 294.399994 46.299976
v 300.700012 294.399994 47.199978
v 300.700012 306.000000 47.199978
v 301.899994 302.800018 33.699978
v 301.899994 302.800018 79.299980
v 305.700012 302.800018 79.299980
v 305.700012 302.800018 33.699978
v 301.899994 302.800018 79.299980
v 301.899994 302.800018 33.699978
v 301.899994 302.800018 29.299978
v 301.899994 306.000000 32.499977
v 301.899994 306.000000 79.999977
v 301.899994 302.800018 79.999977
v 305.700012 302.800018 29.299978
v 305.700012 303.600006 30.099977
v 305.700012 306.000000 32.499977
v 301.899994 306.000000 32.499977
v 301.899994 302.800018 29.299978
v 301.899994 302.800018 29.299978
v 301.899994 302.800018 33.699978
v 301.899994 298.399994 29.299978
v 301.899994 302.100006 79.999977
v 301.899994 302.800018 79.299980
v 301.899994 302.800018 79.999977
v 305.700012 302.800018 33.699978
v 305.700012 298.399994 29.299978
v 301.899994 298.399994 29.299978
v 301.899994 302.800018 33.699978
v 305.700012 302.100006 79.999977
v 305.700012 302.800018 79.299980
v 301.899994 302.800018 79.299980
v 301.899994 302.100006 79.999977
v 300.700012 306.000000 47.199978
v 300.700012 294.399994 47.199978
v 295.300018 294.399994 47.199978
v 295.300018 306.000000 47.199978
v 295.300018 294.399994 46.299976
v 300.700012 294.399994 46.299976
v 300.700012 306.000000 46.299976
v 295.300018 306.000000 46.299976
v 295.300018 284.800018 44.099979
v 317.700012 284.800018 44.099979
v 338.700012 284.800018 44.099979
v 338.700012 282.399994 44.099979
v 317.700012 282.399994 44.099979
v 295.300018 282.399994 44.099979
v 309.300018 279.399994 42.499977
v 309.300018 279.399994 41.299976
v 305.700012 279.399994 41.299976
v 305.700012 279.399994 42.499977
v 338.700012 279.399994 29.299980
v 331.700012 279.399994 29.299980
v 331.700012 279.399994 42.499977
v 338.700012 279.399994 42.499977
v 331.700012 279.399994 29.299980
v 309.300018 279.399994 29.299980
v 309.300018 279.399994 41.299976
v 309.300018 279.399994 42.499977
v 328.100006 279.399994 42.499977
v 331.700012 279.399994 42.499977
v 338.700012 284.800018 42.499977
v 328.100006 284.800018 42.499977
v 328.100006 287.800018 42.499977
v 331.700012 287.800018 42.499977
v 338.700012 287.800018 42.499977
v 328.100006 284.800018 42.499977
v 317.700012 284.800018 42.499977
v 305.700012 284.800018 42.499977
v 305.700012 287.800018 42.499977
v 309.300018 287.800018 42.499977
v 328.100006 287.800018 42.499977
v 338.700012 279.399994 42.499977
v 331.700012 279.399994 42.499977
v 328.100006 279.399994 42.499977
v 328.100006 282.399994 42.499977
v 338.700012 282.399994 42.499977
v 328.100006 279.399994 42.499977
v 309.300018 279.399994 42.499977
v 305.700012 279.399994 42.499977
v 305.700012 282.399994 42.499977
v 317.700012 282.399994 42.499977
v 328.100006 282.399994 42.499977
v 295.300018 282.399994 42.499977
v 305.700012 282.399994 42.499977
v 305.700012 284.800018 42.499977
v 295.300018 284.800018 42.499977
v 338.700012 282.399994 42.499977
v 328.100006 282.399994 42.499977
v 317.700012 282.399994 42.499977
v 317.700012 282.399994 44.099979
v 338.700012 282.399994 44.099979
v 317.700012 282.399994 42.499977
v 305.700012 282.399994 42.499977
v 295.300018 282.399994 42.499977
v 295.300018 282.399994 44.099979
v 317.700012 282.399994 44.099979
v 317.700012 284.800018 42.499977
v 328.100006 284.800018 42.499977
v 338.700012 284.800018 42.499977
v 338.700012 284.800018 44.099979
v 317.700012 284.800018 44.099979
v 295.300018 284.800018 42.499977
v 305.700012 284.800018 42.499977
v 317.700012 284.800018 42.499977
v 317.700012 284.800018 44.099979
v 295.300018 284.800018 44.099979
v 309.300018 287.800018 29.299980
v 309.300018 287.800018 38.099979
v 309.300018 283.600006 39.699978
v 309.300018 279.399994 41.299976
v 309.300018 279.399994 29.299980
v 309.300018 287.800018 38.099979
v 309.300018 287.800018 41.299976
v 309.300018 283.600006 39.699978
v 305.700012 279.399994 41.299976
v 305.700012 283.600006 39.699978
v 305.700012 287.800018 41.299976
v 305.700012 287.800018 42.499977
v 305.700012 284.800018 42.499977
v 305.700012 282.399994 42.499977
v 305.700012 279.399994 42.499977
v 305.700012 287.800018 41.299976
v 305.700012 283.600006 39.699978
v 309.300018 283.600006 39.699978
v 309.300018 287.800018 41.299976
v 305.700012 283.600006 39.699978
v 305.700012 279.399994 41.299976
v 309.300018 279.399994 41.299976
v 309.300018 283.600006 39.699978
v 305.700012 302.800018 29.299978
v 305.700012 302.200012 28.499977
v 305.700012 303.600006 28.499977
v 305.700012 303.600006 29.299978
v 305.700012 303.600006 29.299978
v 305.700012 303.600006 28.499977
v 327.899994 303.600006 28.499977
v 327.587006 303.600006 29.299978
v 327.899994 303.600006 28.499977
v 327.899994 306.000000 28.499977
v 327.587311 306.000000 29.299978
v 327.587006 303.600006 29.299978
v 301.899994 302.200012 28.499977
v 301.899994 302.800018 29.299978
v 301.899994 298.399994 29.299978
v 301.899994 268.800018 29.299980
v 301.899994 269.600006 28.499979
v 301.899994 302.800018 29.299978
v 301.899994 302.200012 28.499977
v 305.700012 302.200012 28.499977
v 305.700012 302.800018 29.299978
v 305.700012 306.000000 26.099977
v 305.700012 306.000000 28.499977
v 305.700012 303.600006 28.499977
v 305.700012 302.200012 28.499977
v 305.700012 300.399994 26.099977
v 301.899994 272.000000 26.099979
v 301.899994 278.000000 26.099979
v 301.899994 300.399994 26.099977
v 301.899994 302.200012 28.499977
v 301.899994 269.600006 28.499979
v 301.899994 302.200012 28.499977
v 301.899994 300.399994 26.099977
v 305.700012 300.399994 26.099977
v 305.700012 302.200012 28.499977
v 301.899994 264.399994 29.299982
v 301.899994 264.399994 28.499981
v 301.899994 266.800018 26.099979
v 301.899994 272.000000 26.099979
v 301.899994 268.800018 29.299980
v 301.899994 264.399994 33.699982
v 301.899994 263.600006 29.299982
v 301.899994 264.399994 28.499981
v 301.899994 264.399994 29.299982
v 301.899994 263.600006 29.299982
v 301.899994 264.399994 29.299982
v 301.899994 264.399994 33.699982
v 301.899994 264.399994 79.299980
v 301.899994 263.600006 78.499977
v 301.899994 264.399994 79.999977
v 301.899994 264.399994 79.299980
v 301.899994 265.100006 79.999977
v 301.899994 264.399994 79.299980
v 301.899994 264.399994 79.999977
v 301.899994 263.600006 79.999977
v 301.899994 263.600006 78.499977
v 305.700012 248.639999 28.499981
v 305.700012 263.600006 28.499981
v 327.899994 263.600006 28.499981
v 327.899994 248.639999 28.499981
v 305.700012 224.000000 28.499983
v 305.700012 241.199997 28.499981
v 305.700012 248.639999 28.499981
v 327.899994 248.639999 28.499981
v 327.899994 241.199997 28.499981
v 327.899994 224.000000 28.499983
v 307.200012 237.900009 79.999985
v 307.200012 238.699997 79.199989
v 307.200012 238.699997 78.799988
v 307.200012 235.500000 78.799988
v 307.200012 235.500000 79.199989
v 307.200012 236.300003 79.999985
v 327.899994 224.000000 28.499983
v 327.899994 241.199997 28.499981
v 307.771484 241.199997 79.999985
v 307.771484 224.000000 79.999985
v 327.899994 241.199997 28.499981
v 327.899994 248.639999 28.499981
v 327.899994 263.600006 28.499981
v 307.771118 263.600006 79.999977
v 307.771484 241.199997 79.999985
v 302.399994 238.699997 78.799988
v 307.200012 238.699997 78.799988
v 307.200012 238.699997 79.199989
v 302.399994 238.699997 79.199989
v 305.700012 261.200012 31.699982
v 301.899994 261.200012 31.699982
v 301.899994 261.200012 79.999977
v 305.700012 261.200012 79.999977
v 301.899994 261.200012 31.699982
v 301.899994 263.600006 29.299982
v 301.899994 263.600006 78.499977
v 301.899994 263.600006 79.999977
v 301.899994 261.200012 79.999977
v 305.700012 263.600006 29.299982
v 305.700012 261.200012 31.699982
v 305.700012 261.200012 79.999977
v 305.700012 263.600006 79.999977
v 301.899994 263.600006 29.299982
v 301.899994 261.200012 31.699982
v 305.700012 261.200012 31.699982
v 305.700012 263.600006 29.299982
v 307.200012 238.699997 78.799988
v 302.399994 238.699997 78.799988
v 302.399994 235.500000 78.799988
v 307.200012 235.500000 78.799988
v 307.200012 235.500000 78.799988
v 302.399994 235.500000 78.799988
v 302.399994 235.500000 79.199989
v 307.200012 235.500000 79.199989
v 302.399994 235.500000 78.799988
v 302.399994 238.699997 78.799988
v 302.399994 238.699997 79.199989
v 302.399994 237.900009 79.999985
v 302.399994 236.300003 79.999985
v 302.399994 235.500000 79.199989
v 307.200012 235.500000 79.199989
v 302.399994 235.500000 79.199989
v 302.399994 236.300003 79.999985
v 307.200012 236.300003 79.999985
v 302.399994 238.699997 79.199989
v 307.200012 238.699997 79.199989
v 307.200012 237.900009 79.999985
v 302.399994 237.900009 79.999985
v 305.700012 241.199997 28.499981
v 305.700012 224.000000 28.499983
v 305.700012 224.000000 26.099983
v 305.700012 238.800003 26.099983
v 305.700012 241.199997 26.099981
v 305.700012 263.600006 28.499981
v 305.700012 248.639999 28.499981
v 305.700012 241.199997 28.499981
v 305.700012 241.199997 26.099981
v 305.700012 261.200012 26.099981
v 305.700012 263.600006 26.099981
v 305.700012 306.000000 -28.300024
v 305.700012 283.600006 -28.300022
v 305.700012 261.200012 -28.300020
v 305.700012 238.800003 -28.300018
v 305.700012 224.000000 -28.300018
v 295.300018 224.000000 -28.300018
v 295.300018 294.399994 -28.300024
v 295.300018 306.000000 -28.300024
v 305.700012 238.800003 26.099983
v 305.700012 224.000000 26.099983
v 305.700012 224.000000 23.219986
v 305.700012 224.000000 -28.300018
v 305.700012 238.800003 -28.300018
v 305.700012 261.200012 26.099981
v 305.700012 241.199997 26.099981
v 305.700012 238.800003 26.099983
v 305.700012 238.800003 -28.300018
v 305.700012 261.200012 -28.300020
v 305.700012 283.600006 26.099979
v 305.700012 278.000000 26.099979
v 305.700012 266.800018 26.099979
v 305.700012 263.600006 26.099981
v 305.700012 261.200012 26.099981
v 305.700012 261.200012 -28.300020
v 305.700012 283.600006 -28.300022
v 305.700012 306.000000 -28.300024
v 305.700012 306.000000 23.219980
v 305.700012 306.000000 26.099977
v 305.700012 300.399994 26.099977
v 305.700012 283.600006 26.099979
v 305.700012 283.600006 -28.300022
v 295.300018 294.399994 46.299976
v 289.300018 294.399994 46.299976
v 266.899994 294.399994 46.299976
v 244.500000 294.399994 46.299976
v 244.500000 294.399994 47.199978
v 266.899994 294.399994 47.199978
v 289.300018 294.399994 47.199978
v 295.300018 294.399994 47.199978
v 244.500000 343.300018 28.499973
v 234.900009 343.300018 28.499973
v 234.900009 365.500000 28.499973
v 243.800003 365.500000 28.499973
v 244.500000 365.500000 28.499973
v 234.900009 343.300018 28.499973
v 228.100006 343.300018 28.499973
v 212.500000 343.300018 28.499973
v 212.500000 365.500000 28.499973
v 221.400009 365.500000 28.499973
v 234.900009 365.500000 28.499973
v 212.500000 343.300018 28.499973
v 205.699997 343.300018 28.499973
v 190.100006 343.300018 28.499973
v 190.100006 365.500000 28.499973
v 199.000000 365.500000 28.499973
v 212.500000 365.500000 28.499973
v 243.800003 357.070526 77.672997
v 243.800003 356.164215 79.999969
v 243.800003 345.364227 79.999977
v 243.800003 347.675140 74.066467
v 243.800003 354.399994 56.799973
v 243.800003 365.200012 56.799973
v 243.800003 357.070526 77.672997
v 243.800003 347.675140 74.066467
v 291.100006 356.164215 79.999969
v 278.600006 356.164215 79.999969
v 278.600006 362.395813 63.999973
v 278.600006 365.200012 56.799973
v 295.300018 365.200012 56.799973
v 295.300018 356.164215 79.999969
v 243.800003 356.164215 79.999969
v 243.800003 357.070526 77.672997
v 243.800003 365.200012 56.799973
v 250.500000 365.200012 56.799973
v 256.500000 365.200012 56.799973
v 256.500000 357.070526 77.672997
v 256.500000 356.164215 79.999969
v 250.500000 387.700012 55.999969
v 243.800003 387.700012 55.999969
v 243.800003 387.700012 79.999969
v 246.300003 387.700012 79.999969
v 250.500000 387.700012 79.999969
v 272.899994 387.700012 55.999969
v 266.200012 387.700012 55.999969
v 250.500000 387.700012 55.999969
v 250.500000 387.700012 79.999969
v 268.700012 387.700012 79.999969
v 272.899994 387.700012 79.999969
v 295.300018 387.700012 55.999969
v 288.600006 387.700012 55.999969
v 272.899994 387.700012 55.999969
v 272.899994 387.700012 79.999969
v 291.100006 387.700012 79.999969
v 295.300018 387.700012 79.999969
v 288.600006 387.700012 55.999969
v 295.300018 387.700012 55.999969
v 295.300018 365.514008 55.999973
v 288.600006 365.514008 55.999973
v 266.200012 387.700012 55.999969
v 272.899994 387.700012 55.999969
v 288.600006 387.700012 55.999969
v 288.600006 365.514008 55.999973
v 272.899994 365.514008 55.999973
v 266.200012 365.514008 55.999973
v 243.800003 387.700012 55.999969
v 250.500000 387.700012 55.999969
v 266.200012 387.700012 55.999969
v 266.200012 365.514008 55.999973
v 250.500000 365.514008 55.999973
v 243.800003 365.514008 55.999973
v 243.800003 365.514008 55.999973
v 250.500000 365.514008 55.999973
v 250.500000 365.200012 56.799973
v 243.800003 365.200012 56.799973
v 250.500000 365.514008 55.999973
v 266.200012 365.514008 55.999973
v 272.899994 365.514008 55.999973
v 272.899994 365.200012 56.799973
v 256.500000 365.200012 56.799973
v 250.500000 365.200012 56.799973
v 272.899994 365.514008 55.999973
v 288.600006 365.514008 55.999973
v 295.300018 365.514008 55.999973
v 295.300018 365.200012 56.799973
v 278.600006 365.200012 56.799973
v 272.899994 365.200012 56.799973
v 266.899994 353.399994 47.199974
v 275.399994 353.399994 47.199974
v 275.399994 349.800018 47.199974
v 266.899994 349.800018 47.199974
v 244.500000 353.399994 47.199974
v 266.899994 353.399994 47.199974
v 266.899994 349.800018 47.199974
v 244.500000 349.800018 47.199974
v 294.399994 351.600006 47.199974
v 289.800018 351.600006 47.199974
v 289.800018 353.399994 47.199974
v 294.399994 353.399994 47.199974
v 281.800018 353.399994 47.199974
v 283.399994 353.399994 47.199974
v 283.399994 349.800018 47.199974
v 281.800018 349.800018 47.199974
v 289.300018 358.165009 47.199974
v 294.399994 358.165009 47.199974
v 294.399994 353.399994 47.199974
v 289.800018 353.399994 47.199974
v 289.300018 353.399994 47.199974
v 266.899994 358.165009 47.199974
v 272.000000 358.165009 47.199974
v 289.300018 358.165009 47.199974
v 289.300018 353.399994 47.199974
v 283.399994 353.399994 47.199974
v 281.800018 353.399994 47.199974
v 275.399994 353.399994 47.199974
v 266.899994 353.399994 47.199974
v 244.500000 353.399994 47.199974
v 244.500000 358.165009 47.199974
v 256.500000 358.165009 47.199974
v 266.899994 358.165009 47.199974
v 266.899994 353.399994 47.199974
v 295.300018 349.800018 47.199974
v 289.800018 349.800018 47.199974
v 289.800018 351.600006 47.199974
v 294.399994 351.600006 47.199974
v 295.300018 351.600006 47.199974
v 295.300018 306.000000 47.199978
v 295.300018 294.399994 47.199978
v 289.300018 294.399994 47.199978
v 289.300018 322.920013 47.199978
v 295.300018 322.920013 47.199978
v 289.300018 322.920013 47.199978
v 289.300018 349.800018 47.199974
v 289.800018 349.800018 47.199974
v 295.300018 349.800018 47.199974
v 295.300018 324.720032 47.199978
v 295.300018 322.920013 47.199978
v 289.300018 294.399994 47.199978
v 266.899994 294.399994 47.199978
v 266.899994 322.920013 47.199978
v 289.300018 322.920013 47.199978
v 266.899994 322.920013 47.199978
v 266.899994 349.800018 47.199974
v 275.399994 349.800018 47.199974
v 281.800018 349.800018 47.199974
v 283.399994 349.800018 47.199974
v 289.300018 349.800018 47.199974
v 289.300018 322.920013 47.199978
v 266.899994 294.399994 47.199978
v 244.500000 294.399994 47.199978
v 244.500000 322.920013 47.199978
v 266.899994 322.920013 47.199978
v 244.500000 322.920013 47.199978
v 244.500000 349.800018 47.199974
v 266.899994 349.800018 47.199974
v 266.899994 322.920013 47.199978
v 256.500000 347.675140 74.066467
v 256.500000 345.364227 79.999977
v 256.500000 356.164215 79.999969
v 256.500000 357.070526 77.672997
v 256.500000 365.200012 56.799973
v 256.500000 354.399994 56.799973
v 256.500000 347.675140 74.066467
v 256.500000 357.070526 77.672997
v 295.300018 349.100006 63.999973
v 294.399994 349.100006 63.999973
v 294.399994 351.596008 63.999973
v 295.300018 351.596008 63.999973
v 278.600006 362.395813 63.999973
v 278.600006 356.164215 79.999969
v 278.600006 345.364227 79.999977
v 278.600006 351.595795 63.999973
v 294.399994 351.596008 63.999973
v 278.600006 351.595795 63.999973
v 278.600006 345.364227 79.999977
v 291.100006 345.364258 79.999977
v 295.300018 345.364258 79.999977
v 295.300018 351.596008 63.999973
v 295.300018 349.100006 63.199974
v 294.399994 349.100006 63.199974
v 294.399994 349.100006 63.999973
v 295.300018 349.100006 63.999973
v 294.399994 349.100006 63.199974
v 294.399994 351.907013 63.199974
v 294.399994 351.596008 63.999973
v 294.399994 349.100006 63.999973
v 294.399994 349.100006 63.199974
v 294.399994 350.100006 56.799973
v 294.399994 354.399994 56.799973
v 294.399994 351.907013 63.199974
v 294.399994 350.100006 56.799973
v 294.399994 351.600006 47.199974
v 294.399994 353.399994 47.199974
v 294.399994 358.165009 47.199974
v 294.399994 354.399994 56.799973
v 295.300018 351.600006 47.199974
v 294.399994 351.600006 47.199974
v 294.399994 350.100006 56.799973
v 294.399994 349.100006 63.199974
v 295.300018 349.100006 63.199974
v 256.500000 365.200012 56.799973
v 272.899994 365.200012 56.799973
v 278.600006 365.200012 56.799973
v 278.600006 354.399994 56.799973
v 272.000000 354.399994 56.799973
v 256.500000 354.399994 56.799973
v 281.800018 349.800018 56.799973
v 275.399994 349.800018 56.799973
v 275.399994 353.399994 56.799973
v 281.800018 353.399994 56.799973
v 289.800018 349.800018 56.799973
v 283.399994 349.800018 56.799973
v 283.399994 353.399994 56.799973
v 289.800018 353.399994 56.799973
v 278.600006 354.399994 56.799973
v 278.600006 365.200012 56.799973
v 278.600006 362.395813 63.999973
v 278.600006 351.595795 63.999973
v 278.600006 351.595795 63.999973
v 294.399994 351.596008 63.999973
v 294.399994 354.399994 56.799973
v 278.600006 354.399994 56.799973
v 275.399994 353.399994 47.199974
v 281.800018 353.399994 47.199974
v 281.800018 353.399994 56.799973
v 275.399994 353.399994 56.799973
v 283.399994 353.399994 47.199974
v 289.300018 353.399994 47.199974
v 289.800018 353.399994 47.199974
v 289.800018 353.399994 56.799973
v 283.399994 353.399994 56.799973
v 256.500000 354.399994 56.799973
v 272.000000 354.399994 56.799973
v 272.000000 358.165009 47.199974
v 266.899994 358.165009 47.199974
v 256.500000 358.165009 47.199974
v 272.000000 354.399994 56.799973
v 278.600006 354.399994 56.799973
v 294.399994 354.399994 56.799973
v 294.399994 358.165009 47.199974
v 289.300018 358.165009 47.199974
v 272.000000 358.165009 47.199974
v 275.399994 353.399994 56.799973
v 275.399994 349.800018 56.799973
v 275.399994 349.800018 47.199974
v 275.399994 353.399994 47.199974
v 283.399994 353.399994 56.799973
v 283.399994 349.800018 56.799973
v 283.399994 349.800018 47.199974
v 283.399994 353.399994 47.199974
v 289.800018 353.399994 47.199974
v 289.800018 351.600006 47.199974
v 289.800018 349.800018 47.199974
v 289.800018 349.800018 56.799973
v 289.800018 353.399994 56.799973
v 289.800018 349.800018 47.199974
v 289.300018 349.800018 47.199974
v 283.399994 349.800018 47.199974
v 283.399994 349.800018 56.799973
v 289.800018 349.800018 56.799973
v 281.800018 353.399994 47.199974
v 281.800018 349.800018 47.199974
v 281.800018 349.800018 56.799973
v 281.800018 353.399994 56.799973
v 281.800018 349.800018 47.199974
v 275.399994 349.800018 47.199974
v 275.399994 349.800018 56.799973
v 281.800018 349.800018 56.799973
v 256.500000 345.364227 79.999977
v 256.500000 347.675140 74.066467
v 256.500000 354.399994 56.799973
v 243.800003 354.399994 56.799973
v 243.800003 347.675140 74.066467
v 243.800003 345.364227 79.999977
v 243.800003 354.399994 56.799973
v 256.500000 354.399994 56.799973
v 256.500000 358.165009 47.199974
v 244.500000 358.165009 47.199974
v 243.800003 358.165009 47.199974
v 244.500000 343.300018 28.499973
v 244.500000 365.500000 28.499973
v 244.500000 358.518005 46.299973
v 244.500000 343.300018 46.299973
v 244.500000 294.399994 46.299976
v 244.500000 319.040009 46.299976
v 244.500000 343.300018 46.299973
v 244.500000 358.518005 46.299973
v 244.500000 358.165009 47.199974
v 244.500000 353.399994 47.199974
v 244.500000 349.800018 47.199974
v 244.500000 322.920013 47.199978
v 244.500000 294.399994 47.199978
v 250.500000 343.300018 28.499973
v 244.500000 343.300018 28.499973
v 244.500000 343.300018 46.299973
v 250.500000 343.300018 46.299973
v 272.899994 343.300018 28.499973
v 250.500000 343.300018 28.499973
v 250.500000 343.300018 46.299973
v 266.899994 343.300018 46.299973
v 272.899994 343.300018 46.299973
v 295.300018 343.300018 28.499973
v 272.899994 343.300018 28.499973
v 272.899994 343.300018 46.299973
v 289.300018 343.300018 46.299973
v 295.300018 343.300018 46.299973
v 289.300018 319.040009 46.299976
v 295.300018 319.040009 46.299976
v 295.300018 330.640015 46.299973
v 295.300018 343.300018 46.299973
v 289.300018 343.300018 46.299973
v 266.899994 319.040009 46.299976
v 289.300018 319.040009 46.299976
v 289.300018 343.300018 46.299973
v 272.899994 343.300018 46.299973
v 266.899994 343.300018 46.299973
v 250.500000 343.300018 46.299973
v 244.500000 343.300018 46.299973
v 244.500000 319.040009 46.299976
v 266.899994 319.040009 46.299976
v 266.899994 343.300018 46.299973
v 289.300018 294.399994 46.299976
v 295.300018 294.399994 46.299976
v 295.300018 306.000000 46.299976
v 295.300018 319.040009 46.299976
v 289.300018 319.040009 46.299976
v 266.899994 294.399994 46.299976
v 289.300018 294.399994 46.299976
v 289.300018 319.040009 46.299976
v 266.899994 319.040009 46.299976
v 244.500000 319.040009 46.299976
v 244.500000 294.399994 46.299976
v 266.899994 294.399994 46.299976
v 266.899994 319.040009 46.299976
v 244.500000 365.500000 28.499973
v 243.800003 365.500000 28.499973
v 243.800003 358.165009 47.199974
v 244.500000 358.165009 47.199974
v 199.000000 365.500000 28.499973
v 190.100006 365.500000 28.499973
v 190.100006 354.399994 56.799973
v 199.000000 354.399994 56.799973
v 221.400009 365.500000 28.499973
v 212.500000 365.500000 28.499973
v 199.000000 365.500000 28.499973
v 199.000000 354.399994 56.799973
v 212.199997 354.399994 56.799973
v 221.400009 354.399994 56.799973
v 243.800003 365.500000 28.499973
v 234.900009 365.500000 28.499973
v 221.400009 365.500000 28.499973
v 221.400009 354.399994 56.799973
v 221.699997 354.399994 56.799973
v 243.800003 354.399994 56.799973
v 199.000000 387.700012 55.999969
v 190.100006 387.700012 55.999969
v 190.100006 387.700012 79.999969
v 199.000000 387.700012 79.999969
v 221.400009 387.700012 55.999969
v 212.500000 387.700012 55.999969
v 199.000000 387.700012 55.999969
v 199.000000 387.700012 79.999969
v 201.500000 387.700012 79.999969
v 221.400009 387.700012 79.999969
v 243.800003 387.700012 55.999969
v 234.900009 387.700012 55.999969
v 221.400009 387.700012 55.999969
v 221.400009 387.700012 79.999969
v 223.900009 387.700012 79.999969
v 243.800003 387.700012 79.999969
v 190.100006 365.200012 56.799973
v 199.000000 365.200012 56.799973
v 212.199997 365.200012 56.799973
v 212.199997 354.399994 56.799973
v 199.000000 354.399994 56.799973
v 190.100006 354.399994 56.799973
v 221.699997 365.200012 56.799973
v 243.800003 365.200012 56.799973
v 243.800003 354.399994 56.799973
v 221.699997 354.399994 56.799973
v 212.199997 357.070526 77.672997
v 212.199997 356.164215 79.999969
v 212.199997 345.364227 79.999977
v 212.199997 347.675140 74.066467
v 212.199997 354.399994 56.799973
v 212.199997 365.200012 56.799973
v 212.199997 357.070526 77.672997
v 212.199997 347.675140 74.066467
v 221.699997 347.675140 74.066467
v 221.699997 345.364227 79.999977
v 221.699997 356.164215 79.999969
v 221.699997 357.070526 77.672997
v 221.699997 365.200012 56.799973
v 221.699997 354.399994 56.799973
v 221.699997 347.675140 74.066467
v 221.699997 357.070526 77.672997
v 221.699997 345.364227 79.999977
v 221.699997 347.675140 74.066467
v 221.699997 354.399994 56.799973
v 221.400009 354.399994 56.799973
v 212.199997 354.399994 56.799973
v 212.199997 347.675140 74.066467
v 212.199997 345.364227 79.999977
v 212.199997 356.164215 79.999969
v 212.199997 357.070526 77.672997
v 212.199997 365.200012 56.799973
v 221.400009 365.200012 56.799973
v 221.699997 365.200012 56.799973
v 221.699997 357.070526 77.672997
v 221.699997 356.164215 79.999969
v 234.900009 387.700012 55.999969
v 243.800003 387.700012 55.999969
v 243.800003 365.514008 55.999973
v 234.900009 365.514008 55.999973
v 212.500000 387.700012 55.999969
v 221.400009 387.700012 55.999969
v 234.900009 387.700012 55.999969
v 234.900009 365.514008 55.999973
v 221.400009 365.514008 55.999973
v 212.500000 365.514008 55.999973
v 190.100006 387.700012 55.999969
v 199.000000 387.700012 55.999969
v 212.500000 387.700012 55.999969
v 212.500000 365.514008 55.999973
v 199.000000 365.514008 55.999973
v 190.100006 365.514008 55.999973
v 190.100006 365.514008 55.999973
v 199.000000 365.514008 55.999973
v 199.000000 365.200012 56.799973
v 190.100006 365.200012 56.799973
v 199.000000 365.514008 55.999973
v 212.500000 365.514008 55.999973
v 221.400009 365.514008 55.999973
v 221.400009 365.200012 56.799973
v 212.199997 365.200012 56.799973
v 199.000000 365.200012 56.799973
v 221.400009 365.514008 55.999973
v 234.900009 365.514008 55.999973
v 243.800003 365.514008 55.999973
v 243.800003 365.200012 56.799973
v 221.699997 365.200012 56.799973
v 221.400009 365.200012 56.799973
v 190.100006 343.300018 23.219976
v 190.100006 343.300018 28.499973
v 205.699997 343.300018 28.499973
v 205.699997 343.300018 23.219976
v 205.699997 343.300018 -28.300028
v 190.100006 343.300018 -28.300028
v 190.100006 343.300018 23.219976
v 205.699997 343.300018 23.219976
v 205.699997 343.300018 23.219976
v 205.699997 343.300018 28.499973
v 212.500000 343.300018 28.499973
v 228.100006 343.300018 28.499973
v 228.100006 343.300018 23.219976
v 228.100006 343.300018 -28.300028
v 205.699997 343.300018 -28.300028
v 205.699997 343.300018 23.219976
v 228.100006 343.300018 23.219976
v 228.100006 343.300018 23.219976
v 228.100006 343.300018 28.499973
v 234.900009 343.300018 28.499973
v 244.500000 343.300018 28.499973
v 250.500000 343.300018 28.499973
v 250.500000 343.300018 23.219976
v 250.500000 343.300018 -28.300028
v 228.100006 343.300018 -28.300028
v 228.100006 343.300018 23.219976
v 250.500000 343.300018 23.219976
v 250.500000 343.300018 23.219976
v 250.500000 343.300018 28.499973
v 272.899994 343.300018 28.499973
v 272.899994 343.300018 23.219976
v 272.899994 343.300018 -28.300028
v 250.500000 343.300018 -28.300028
v 250.500000 343.300018 23.219976
v 272.899994 343.300018 23.219976
v 272.899994 343.300018 23.219976
v 272.899994 343.300018 28.499973
v 295.300018 343.300018 28.499973
v 295.300018 343.300018 23.219976
v 295.300018 343.300018 -28.300028
v 272.899994 343.300018 -28.300028
v 272.899994 343.300018 23.219976
v 295.300018 343.300018 23.219976
v 190.100006 294.399994 -28.300024
v 190.100006 306.000000 -28.300024
v 190.100006 343.300018 -28.300028
v 205.699997 343.300018 -28.300028
v 228.100006 343.300018 -28.300028
v 250.500000 343.300018 -28.300028
v 272.899994 343.300018 -28.300028
v 295.300018 343.300018 -28.300028
v 295.300018 306.000000 -28.300024
v 295.300018 294.399994 -28.300024
v 257.300018 282.399994 42.499977
v 279.700012 282.399994 42.499977
v 295.300018 282.399994 42.499977
v 295.300018 284.800018 42.499977
v 279.700012 284.800018 42.499977
v 257.300018 284.800018 42.499977
v 190.100006 282.399994 42.499977
v 212.500000 282.399994 42.499977
v 234.900009 282.399994 42.499977
v 257.300018 282.399994 42.499977
v 257.300018 284.800018 42.499977
v 234.900009 284.800018 42.499977
v 212.500000 284.800018 42.499977
v 190.100006 284.800018 42.499977
v 295.300018 282.399994 42.499977
v 279.700012 282.399994 42.499977
v 279.700012 282.399994 44.099979
v 295.300018 282.399994 44.099979
v 279.700012 282.399994 42.499977
v 257.300018 282.399994 42.499977
v 257.300018 282.399994 44.099979
v 279.700012 282.399994 44.099979
v 257.300018 282.399994 42.499977
v 234.900009 282.399994 42.499977
v 234.900009 282.399994 44.099979
v 257.300018 282.399994 44.099979
v 234.900009 282.399994 42.499977
v 212.500000 282.399994 42.499977
v 212.500000 282.399994 44.099979
v 234.900009 282.399994 44.099979
v 212.500000 282.399994 42.499977
v 190.100006 282.399994 42.499977
v 190.100006 282.399994 44.099979
v 212.500000 282.399994 44.099979
v 257.300018 284.800018 44.099979
v 279.700012 284.800018 44.099979
v 295.300018 284.800018 44.099979
v 295.300018 282.399994 44.099979
v 279.700012 282.399994 44.099979
v 257.300018 282.399994 44.099979
v 190.100006 284.800018 44.099979
v 212.500000 284.800018 44.099979
v 234.900009 284.800018 44.099979
v 257.300018 284.800018 44.099979
v 257.300018 282.399994 44.099979
v 234.900009 282.399994 44.099979
v 212.500000 282.399994 44.099979
v 190.100006 282.399994 44.099979
v 279.700012 284.800018 42.499977
v 295.300018 284.800018 42.499977
v 295.300018 284.800018 44.099979
v 279.700012 284.800018 44.099979
v 257.300018 284.800018 42.499977
v 279.700012 284.800018 42.499977
v 279.700012 284.800018 44.099979
v 257.300018 284.800018 44.099979
v 234.900009 284.800018 42.499977
v 257.300018 284.800018 42.499977
v 257.300018 284.800018 44.099979
v 234.900009 284.800018 44.099979
v 212.500000 284.800018 42.499977
v 234.900009 284.800018 42.499977
v 234.900009 284.800018 44.099979
v 212.500000 284.800018 44.099979
v 190.100006 284.800018 42.499977
v 212.500000 284.800018 42.499977
v 212.500000 284.800018 44.099979
v 190.100006 284.800018 44.099979
v 295.300018 224.000000 -28.300018
v 283.300018 224.000000 -28.300018
v 260.899994 224.000000 -28.300018
v 238.500000 224.000000 -28.300018
v 216.100006 224.000000 -28.300018
v 193.699997 224.000000 -28.300018
v 190.100006 224.000000 -28.300018
v 190.100006 294.399994 -28.300024
v 295.300018 294.399994 -28.300024
v 239.699997 195.199997 82.399986
v 239.699997 190.400009 82.399986
v 242.900009 190.400009 82.399986
v 242.900009 195.199997 82.399986
v 242.900009 195.199997 82.399986
v 242.900009 190.400009 82.399986
v 242.900009 190.400009 82.799988
v 242.900009 195.199997 82.799988
v 265.300018 191.000015 142.099991
v 281.100006 191.000015 142.099991
v 289.856384 213.400024 142.099991
v 294.000000 224.000015 142.099991
v 291.100006 224.000015 142.099991
v 242.900009 224.000015 142.099991
v 242.900009 191.000015 142.099991
v 294.000000 224.000000 85.299988
v 294.000000 222.866562 82.399986
v 305.500000 222.866562 82.399986
v 306.833466 222.866562 82.399986
v 305.700012 224.000000 85.299988
v 306.833466 224.000000 82.399986
v 305.700012 224.000000 85.299988
v 306.833466 222.866562 82.399986
v 281.100006 191.000015 103.899986
v 281.100006 191.000000 85.299988
v 285.243622 201.600006 85.299988
v 285.243622 201.600021 103.899986
v 285.243622 201.600006 85.299988
v 294.000000 224.000000 85.299988
v 294.000000 224.000015 103.899986
v 289.856384 213.400024 103.899986
v 285.243622 201.600021 103.899986
v 289.856384 213.400024 103.899986
v 294.000000 224.000015 103.899986
v 294.000000 224.000015 142.099991
v 289.856384 213.400024 142.099991
v 281.100006 191.000015 142.099991
v 281.100006 191.000015 103.899986
v 285.243622 201.600021 103.899986
v 289.856384 213.400024 103.899986
v 289.856384 213.400024 142.099991
v 242.900009 191.000000 85.299988
v 258.700012 191.000000 85.299988
v 258.700012 191.000015 103.899986
v 242.900009 191.000015 103.899986
v 258.700012 191.000000 85.299988
v 281.100006 191.000000 85.299988
v 281.100006 191.000015 103.899986
v 265.300018 191.000015 103.899986
v 258.700012 191.000015 103.899986
v 265.300018 191.000015 103.899986
v 281.100006 191.000015 103.899986
v 281.100006 191.000015 142.099991
v 265.300018 191.000015 142.099991
v 242.900009 191.000015 103.899986
v 258.700012 191.000015 103.899986
v 265.300018 191.000015 103.899986
v 265.300018 191.000015 142.099991
v 242.900009 191.000015 142.099991
v 281.100006 191.000000 85.299988
v 281.100006 189.866562 82.399986
v 285.243622 200.466553 82.399986
v 285.686737 201.600006 82.399986
v 285.243622 201.600006 85.299988
v 285.686737 201.600006 82.399986
v 294.000000 222.866562 82.399986
v 294.000000 224.000000 85.299988
v 285.243622 201.600006 85.299988
v 242.900009 191.000000 85.299988
v 242.900009 189.866501 82.399986
v 258.700012 189.866531 82.399986
v 258.700012 191.000000 85.299988
v 258.700012 189.866531 82.399986
v 281.100006 189.866562 82.399986
v 281.100006 191.000000 85.299988
v 258.700012 191.000000 85.299988
v 242.900009 224.000015 142.099991
v 190.100006 224.000015 142.099991
v 190.100006 213.000015 142.099991
v 198.699997 191.000015 142.099991
v 221.100006 191.000015 142.099991
v 242.900009 191.000015 142.099991
v 242.100006 195.199997 83.599983
v 240.500000 195.199997 83.599983
v 239.699997 195.199997 82.799988
v 239.699997 195.199997 82.399986
v 242.900009 195.199997 82.399986
v 242.900009 195.199997 82.799988
v 220.500000 191.000000 85.299988
v 198.699997 191.000000 85.299988
v 198.699997 189.866562 82.399986
v 220.500000 189.866531 82.399986
v 242.900009 189.866501 82.399986
v 242.900009 191.000000 85.299988
v 220.500000 191.000000 85.299988
v 220.500000 189.866531 82.399986
v 239.699997 190.400009 82.399986
v 239.699997 195.199997 82.399986
v 239.699997 195.199997 82.799988
v 239.699997 190.400009 82.799988
v 240.500000 190.400009 83.599983
v 240.500000 195.199997 83.599983
v 242.100006 195.199997 83.599983
v 242.100006 190.400009 83.599983
v 242.900009 190.400009 82.399986
v 239.699997 190.400009 82.399986
v 239.699997 190.400009 82.799988
v 240.500000 190.400009 83.599983
v 242.100006 190.400009 83.599983
v 242.900009 190.400009 82.799988
v 242.900009 195.199997 82.799988
v 242.900009 190.400009 82.799988
v 242.100006 190.400009 83.599983
v 242.100006 195.199997 83.599983
v 239.699997 190.400009 82.799988
v 239.699997 195.199997 82.799988
v 240.500000 195.199997 83.599983
v 240.500000 190.400009 83.599983
v 221.100006 191.000015 103.899986
v 242.900009 191.000015 103.899986
v 242.900009 191.000015 142.099991
v 221.100006 191.000015 142.099991
v 198.699997 191.000015 142.099991
v 198.699997 191.000015 103.899986
v 220.500000 191.000015 103.899986
v 221.100006 191.000015 103.899986
v 221.100006 191.000015 142.099991
v 198.699997 191.000015 103.899986
v 198.699997 191.000000 85.299988
v 220.500000 191.000000 85.299988
v 220.500000 191.000015 103.899986
v 220.500000 191.000000 85.299988
v 242.900009 191.000000 85.299988
v 242.900009 191.000015 103.899986
v 221.100006 191.000015 103.899986
v 220.500000 191.000015 103.899986
v 190.100006 213.000000 85.299988
v 198.699997 191.000000 85.299988
v 198.699997 191.000015 103.899986
v 190.100006 213.000015 103.899986
v 190.100006 213.000015 103.899986
v 198.699997 191.000015 103.899986
v 198.699997 191.000015 142.099991
v 190.100006 213.000015 142.099991
v 198.699997 189.866562 82.399986
v 198.699997 191.000000 85.299988
v 190.100006 213.000000 85.299988
v 190.100006 211.866562 82.399986
v 268.800018 168.800003 28.499987
v 268.800018 174.897003 44.099991
v 268.800018 174.900009 44.099991
v 268.800018 177.129013 49.799984
v 268.800018 174.900009 44.099991
v 268.800018 174.897003 44.099991
v 268.800018 177.125000 49.799984
v 268.800018 181.000000 59.699986
v 268.800018 178.575729 53.499985
v 268.800018 177.129013 49.799984
v 268.800018 177.125000 49.799984
v 268.800018 180.994003 59.699986
v 327.899994 222.400009 28.499983
v 316.399994 222.400009 28.499983
v 305.700012 222.400009 28.499983
v 305.700012 224.000000 28.499983
v 327.899994 224.000000 28.499983
v 294.000000 222.400009 28.499983
v 294.000000 218.080002 28.499983
v 291.200012 218.080002 28.499983
v 291.200012 222.400009 28.499983
v 291.200012 218.080002 28.499983
v 268.800018 218.080002 28.499983
v 268.800018 222.400009 28.499983
v 291.200012 222.400009 28.499983
v 294.000000 218.080002 28.499983
v 294.000000 201.800003 28.499985
v 293.478729 200.466553 28.499985
v 291.200012 194.637207 28.499985
v 291.200012 218.080002 28.499983
v 291.200012 194.637207 28.499985
v 290.732025 193.440002 28.499985
v 268.800018 193.440002 28.499985
v 268.800018 218.080002 28.499983
v 291.200012 218.080002 28.499983
v 290.732025 193.440002 28.499985
v 284.722382 178.066559 28.499987
v 281.100006 168.800003 28.499987
v 268.800018 168.800003 28.499987
v 268.800018 193.440002 28.499985
v 316.399994 222.400009 28.499983
v 327.899994 222.400009 28.499983
v 327.899994 201.800003 28.499985
v 316.399994 201.800003 28.499985
v 305.500000 201.800003 28.499985
v 294.000000 201.800003 28.499985
v 294.000000 218.080002 28.499983
v 294.000000 222.400009 28.499983
v 305.700012 222.400009 28.499983
v 316.399994 222.400009 28.499983
v 316.399994 201.800003 28.499985
v 305.700012 224.000000 28.499983
v 305.700012 222.400009 28.499983
v 294.000000 222.400009 28.499983
v 291.200012 222.400009 28.499983
v 291.200012 224.000000 28.499983
v 291.200012 222.400009 28.499983
v 268.800018 222.400009 28.499983
v 268.800018 224.000000 28.499983
v 283.300018 224.000000 28.499983
v 291.200012 224.000000 28.499983
v 281.100006 178.066559 52.209000
v 281.100006 168.800003 28.499987
v 284.722382 178.066559 28.499987
v 281.100006 189.866562 82.399986
v 281.100006 178.066559 52.209000
v 284.722382 178.066559 28.499987
v 290.732025 193.440002 28.499985
v 291.200012 194.637207 28.499985
v 293.478729 200.466553 28.499985
v 285.243622 200.466553 82.399986
v 293.478729 200.466553 28.499985
v 294.000000 201.800003 28.499985
v 294.000000 222.866562 82.399986
v 285.686737 201.600006 82.399986
v 285.243622 200.466553 82.399986
v 268.800018 189.866562 82.399986
v 268.800018 168.800003 28.499987
v 281.100006 168.800003 28.499987
v 281.100006 178.066559 52.209000
v 281.100006 189.866562 82.399986
v 327.899994 201.800003 28.499985
v 327.899994 222.400009 28.499983
v 327.899994 224.000000 28.499983
v 307.771484 224.000000 79.999985
v 306.833466 224.000000 82.399986
v 306.833466 222.866562 82.399986
v 294.000000 222.866562 82.399986
v 294.000000 201.800003 28.499985
v 305.500000 201.800003 28.499985
v 305.500000 222.866562 82.399986
v 305.500000 201.800003 28.499985
v 316.399994 201.800003 28.499985
v 327.899994 201.800003 28.499985
v 306.833466 222.866562 82.399986
v 305.500000 222.866562 82.399986
v 241.500000 145.800003 53.699989
v 241.100006 145.800003 53.699989
v 241.100006 145.800003 54.099991
v 241.500000 145.800003 54.099991
v 225.600006 145.800003 26.399988
v 225.600006 168.800003 26.399986
v 226.400009 168.800003 26.399986
v 226.400009 145.800003 26.399988
v 220.000000 145.800003 26.399988
v 220.000000 168.800003 26.399986
v 220.800003 168.800003 26.399986
v 220.800003 145.800003 26.399988
v 268.800018 222.400009 28.499983
v 257.300018 222.400009 28.499983
v 257.300018 224.000000 28.499983
v 260.899994 224.000000 28.499983
v 268.800018 224.000000 28.499983
v 257.300018 222.400009 28.499983
v 234.900009 222.400009 28.499983
v 234.900009 224.000000 28.499983
v 238.500000 224.000000 28.499983
v 257.300018 224.000000 28.499983
v 234.900009 222.400009 28.499983
v 212.500000 222.400009 28.499983
v 212.500000 224.000000 28.499983
v 216.100006 224.000000 28.499983
v 234.900009 224.000000 28.499983
v 212.500000 222.400009 28.499983
v 190.100006 222.400009 28.499983
v 190.100006 224.000000 28.499983
v 193.699997 224.000000 28.499983
v 212.500000 224.000000 28.499983
v 253.500000 168.800003 28.499987
v 257.300018 168.800003 28.499987
v 268.000000 168.800003 28.499987
v 268.000000 168.199997 28.499987
v 268.000000 145.800003 28.499989
v 253.500000 145.800003 28.499989
v 231.100006 145.800003 28.499989
v 231.100006 168.800003 28.499987
v 234.900009 168.800003 28.499987
v 253.500000 168.800003 28.499987
v 253.500000 145.800003 28.499989
v 257.300018 222.400009 28.499983
v 268.800018 222.400009 28.499983
v 268.800018 218.080002 28.499983
v 257.300018 218.080002 28.499983
v 234.900009 222.400009 28.499983
v 257.300018 222.400009 28.499983
v 257.300018 218.080002 28.499983
v 234.900009 218.080002 28.499983
v 212.500000 222.400009 28.499983
v 234.900009 222.400009 28.499983
v 234.900009 218.080002 28.499983
v 212.500000 218.080002 28.499983
v 190.100006 218.080002 28.499983
v 190.100006 222.400009 28.499983
v 212.500000 222.400009 28.499983
v 212.500000 218.080002 28.499983
v 257.300018 218.080002 28.499983
v 268.800018 218.080002 28.499983
v 268.800018 193.440002 28.499985
v 257.300018 193.440002 28.499985
v 234.900009 218.080002 28.499983
v 257.300018 218.080002 28.499983
v 257.300018 193.440002 28.499985
v 234.900009 193.440002 28.499985
v 212.500000 218.080002 28.499983
v 234.900009 218.080002 28.499983
v 234.900009 193.440002 28.499985
v 212.500000 193.440002 28.499985
v 190.100006 193.440002 28.499985
v 190.100006 215.439987 28.499983
v 190.100006 218.080002 28.499983
v 212.500000 218.080002 28.499983
v 212.500000 193.440002 28.499985
v 268.800018 168.800003 28.499987
v 268.000000 168.800003 28.499987
v 257.300018 168.800003 28.499987
v 257.300018 193.440002 28.499985
v 268.800018 193.440002 28.499985
v 257.300018 168.800003 28.499987
v 253.500000 168.800003 28.499987
v 234.900009 168.800003 28.499987
v 234.900009 193.440002 28.499985
v 257.300018 193.440002 28.499985
v 234.900009 168.800003 28.499987
v 231.100006 168.800003 28.499987
v 214.600006 168.800003 28.499987
v 213.800003 168.800003 28.499987
v 212.500000 168.800003 28.499987
v 212.500000 193.440002 28.499985
v 234.900009 193.440002 28.499985
v 212.500000 168.800003 28.499987
v 198.699997 168.800003 28.499987
v 190.621262 189.466553 28.499987
v 190.100006 190.800003 28.499985
v 190.100006 193.440002 28.499985
v 212.500000 193.440002 28.499985
v 213.800003 174.897003 44.099991
v 213.800003 174.900009 44.099991
v 213.800003 177.129013 49.799984
v 213.800003 177.125000 49.799984
v 213.800003 177.125000 49.799984
v 213.800003 177.129013 49.799984
v 213.800003 181.000000 59.699986
v 213.800003 180.994003 59.699986
v 213.800003 168.800003 28.499987
v 213.800003 174.900009 44.099991
v 213.800003 174.897003 44.099991
v 268.800018 181.000000 59.699986
v 268.800018 180.994003 59.699986
v 258.600006 180.994003 59.699986
v 258.600006 181.000000 59.699986
v 258.600006 180.994003 59.699986
v 246.400009 180.994003 59.699986
v 236.199997 180.994003 59.699986
v 236.199997 181.000000 59.699986
v 238.100006 181.000000 59.699986
v 248.718170 181.000000 59.699986
v 254.037506 181.000000 59.699986
v 258.600006 181.000000 59.699986
v 236.199997 180.994003 59.699986
v 224.000000 180.994003 59.699986
v 213.800003 180.994003 59.699986
v 213.800003 181.000000 59.699986
v 231.100006 181.000000 59.699986
v 236.199997 181.000000 59.699986
v 213.800003 189.866501 82.399986
v 213.800003 180.994003 59.699986
v 224.000000 180.994003 59.699986
v 224.000000 189.866501 82.399986
v 224.000000 180.994003 59.699986
v 236.199997 180.994003 59.699986
v 246.400009 180.994003 59.699986
v 246.400009 189.866501 82.399986
v 224.000000 189.866501 82.399986
v 246.400009 180.994003 59.699986
v 258.600006 180.994003 59.699986
v 268.800018 180.994003 59.699986
v 268.800018 189.866562 82.399986
v 246.400009 189.866501 82.399986
v 241.100006 156.800003 53.699989
v 241.199997 156.900009 53.499989
v 241.199997 157.100006 53.499989
v 241.100006 157.199997 53.699989
v 241.100006 145.800003 53.699989
v 241.199997 145.900009 53.499989
v 241.199997 146.100006 53.499989
v 241.100006 146.199997 53.699989
v 241.100006 167.800003 53.699989
v 241.199997 167.900009 53.499989
v 241.199997 168.100006 53.499989
v 241.100006 168.199997 53.699989
v 241.100006 178.800003 53.699986
v 241.199997 178.900009 53.499985
v 241.199997 179.100006 53.499985
v 241.100006 179.199997 53.699986
v 213.800003 177.129013 49.799984
v 213.800003 174.900009 44.099991
v 214.600006 174.900009 44.099991
v 216.600006 177.129013 49.799984
v 213.800003 181.000000 59.699986
v 213.800003 177.129013 49.799984
v 216.600006 177.129013 49.799984
v 222.400009 179.006012 54.599987
v 222.400009 179.006012 54.599987
v 231.100006 180.257004 57.799984
v 231.100006 181.000000 59.699986
v 213.800003 181.000000 59.699986
v 231.100006 180.257004 57.799984
v 238.643265 180.574997 58.613476
v 238.100006 181.000000 59.699986
v 236.199997 181.000000 59.699986
v 231.100006 181.000000 59.699986
v 213.800003 168.800003 28.499987
v 214.600006 168.800003 28.499987
v 214.600006 174.900009 44.099991
v 213.800003 174.900009 44.099991
v 214.600006 168.800003 28.499987
v 214.600006 168.199997 28.499987
v 214.600006 168.199997 44.099991
v 214.600006 174.900009 44.099991
v 214.600006 168.199997 28.499987
v 214.600006 145.800003 28.499989
v 214.600006 145.800003 44.099991
v 214.600006 168.199997 44.099991
v 216.600006 177.129013 49.799984
v 214.600006 174.900009 44.099991
v 214.600006 168.199997 44.099991
v 216.600006 168.199997 49.799988
v 214.600006 168.199997 44.099991
v 214.600006 145.800003 44.099991
v 216.600006 145.800003 49.799988
v 216.600006 156.606003 49.799988
v 216.600006 168.199997 49.799988
v 231.100006 158.175003 57.799988
v 231.100006 157.856995 57.799988
v 231.100006 145.800003 57.799988
v 238.643265 145.800003 58.613480
v 238.643265 158.175003 58.613480
v 238.643265 158.287003 58.613480
v 238.643265 180.574997 58.613476
v 231.100006 180.257004 57.799984
v 231.100006 158.175003 57.799988
v 238.643265 158.175003 58.613480
v 216.600006 156.606003 49.799988
v 216.600006 145.800003 49.799988
v 222.400009 145.800003 54.599991
v 222.400009 156.606003 54.599991
v 222.400009 157.856995 54.599991
v 222.400009 179.006012 54.599987
v 216.600006 177.129013 49.799984
v 216.600006 168.199997 49.799988
v 216.600006 156.606003 49.799988
v 222.400009 156.606003 54.599991
v 222.400009 157.856995 54.599991
v 222.400009 156.606003 54.599991
v 222.400009 145.800003 54.599991
v 231.100006 145.800003 57.799988
v 231.100006 157.856995 57.799988
v 231.100006 158.175003 57.799988
v 231.100006 180.257004 57.799984
v 222.400009 179.006012 54.599987
v 222.400009 157.856995 54.599991
v 231.100006 157.856995 57.799988
v 238.643265 158.287003 58.613480
v 238.643265 158.175003 58.613480
v 238.643265 145.800003 58.613480
v 241.300003 145.800003 58.899990
v 241.300003 158.287003 58.899990
v 241.300003 168.199997 58.899990
v 241.300003 180.686996 58.899986
v 238.643265 180.574997 58.613476
v 238.643265 158.287003 58.613480
v 241.300003 158.287003 58.899990
v 241.100006 157.199997 54.099991
v 241.100006 157.100006 54.099991
v 241.100006 156.900009 54.099991
v 241.100006 156.800003 54.099991
v 241.100006 156.800003 53.699989
v 241.100006 157.199997 53.699989
v 241.100006 146.199997 54.099991
v 241.100006 146.100006 54.099991
v 241.100006 145.900009 54.099991
v 241.100006 145.800003 54.099991
v 241.100006 145.800003 53.699989
v 241.100006 146.199997 53.699989
v 241.100006 168.199997 54.099991
v 241.100006 168.100006 54.099991
v 241.100006 167.900009 54.099991
v 241.100006 167.800003 54.099991
v 241.100006 167.800003 53.699989
v 241.100006 168.199997 53.699989
v 241.100006 179.199997 54.099987
v 241.100006 179.100006 54.099987
v 241.100006 178.900009 54.099987
v 241.100006 178.800003 54.099987
v 241.100006 178.800003 53.699986
v 241.100006 179.199997 53.699986
v 241.400009 157.100006 53.499989
v 241.199997 157.100006 53.499989
v 241.199997 156.900009 53.499989
v 241.400009 156.900009 53.499989
v 241.400009 146.100006 53.499989
v 241.199997 146.100006 53.499989
v 241.199997 145.900009 53.499989
v 241.400009 145.900009 53.499989
v 241.400009 168.100006 53.499989
v 241.199997 168.100006 53.499989
v 241.199997 167.900009 53.499989
v 241.400009 167.900009 53.499989
v 241.400009 179.100006 53.499985
v 241.199997 179.100006 53.499985
v 241.199997 178.900009 53.499985
v 241.400009 178.900009 53.499985
v 241.400009 179.100006 53.499985
v 241.500000 179.199997 53.699986
v 241.100006 179.199997 53.699986
v 241.199997 179.100006 53.499985
v 261.529175 178.575851 53.499985
v 260.200012 179.006012 54.599987
v 260.200012 168.199997 54.599991
v 261.529175 168.199997 53.499989
v 260.200012 168.199997 54.599991
v 260.200012 145.800003 54.599991
v 261.529175 145.800003 53.499989
v 261.529175 168.199997 53.499989
v 241.199997 145.900009 53.499989
v 241.100006 145.800003 53.699989
v 241.500000 145.800003 53.699989
v 241.400009 145.900009 53.499989
v 241.199997 178.900009 54.099987
v 241.100006 178.900009 54.099987
v 241.100006 179.100006 54.099987
v 241.199997 179.100006 54.099987
v 241.500000 179.100006 54.099987
v 241.500000 178.900009 54.099987
v 241.400009 178.900009 54.099987
v 241.400009 179.100006 54.099987
v 241.100006 179.199997 54.099987
v 241.500000 179.199997 54.099987
v 241.500000 179.100006 54.099987
v 241.400009 179.100006 54.099987
v 241.199997 179.100006 54.099987
v 241.100006 179.100006 54.099987
v 241.199997 178.900009 54.099987
v 241.400009 178.900009 54.099987
v 241.500000 178.900009 54.099987
v 241.500000 178.800003 54.099987
v 241.100006 178.800003 54.099987
v 241.100006 178.900009 54.099987
v 241.199997 167.900009 54.099991
v 241.100006 167.900009 54.099991
v 241.100006 168.100006 54.099991
v 241.199997 168.100006 54.099991
v 241.500000 168.100006 54.099991
v 241.500000 167.900009 54.099991
v 241.400009 167.900009 54.099991
v 241.400009 168.100006 54.099991
v 241.100006 168.199997 54.099991
v 241.500000 168.199997 54.099991
v 241.500000 168.100006 54.099991
v 241.400009 168.100006 54.099991
v 241.199997 168.100006 54.099991
v 241.100006 168.100006 54.099991
v 241.199997 167.900009 54.099991
v 241.400009 167.900009 54.099991
v 241.500000 167.900009 54.099991
v 241.500000 167.800003 54.099991
v 241.100006 167.800003 54.099991
v 241.100006 167.900009 54.099991
v 241.199997 145.900009 54.099991
v 241.100006 145.900009 54.099991
v 241.100006 146.100006 54.099991
v 241.199997 146.100006 54.099991
v 241.500000 146.100006 54.099991
v 241.500000 145.900009 54.099991
v 241.400009 145.900009 54.099991
v 241.400009 146.100006 54.099991
v 241.100006 146.199997 54.099991
v 241.500000 146.199997 54.099991
v 241.500000 146.100006 54.099991
v 241.400009 146.100006 54.099991
v 241.199997 146.100006 54.099991
v 241.100006 146.100006 54.099991
v 241.199997 145.900009 54.099991
v 241.400009 145.900009 54.099991
v 241.500000 145.900009 54.099991
v 241.500000 145.800003 54.099991
v 241.100006 145.800003 54.099991
v 241.100006 145.900009 54.099991
v 241.199997 156.900009 54.099991
v 241.100006 156.900009 54.099991
v 241.100006 157.100006 54.099991
v 241.199997 157.100006 54.099991
v 241.500000 157.100006 54.099991
v 241.500000 156.900009 54.099991
v 241.400009 156.900009 54.099991
v 241.400009 157.100006 54.099991
v 241.100006 157.199997 54.099991
v 241.500000 157.199997 54.099991
v 241.500000 157.100006 54.099991
v 241.400009 157.100006 54.099991
v 241.199997 157.100006 54.099991
v 241.100006 157.100006 54.099991
v 241.199997 156.900009 54.099991
v 241.400009 156.900009 54.099991
v 241.500000 156.900009 54.099991
v 241.500000 156.800003 54.099991
v 241.100006 156.800003 54.099991
v 241.100006 156.900009 54.099991
v 241.199997 178.900009 58.799984
v 241.199997 178.900009 54.099987
v 241.199997 179.100006 54.099987
v 241.199997 179.100006 58.799984
v 241.199997 167.900009 58.799988
v 241.199997 167.900009 54.099991
v 241.199997 168.100006 54.099991
v 241.199997 168.100006 58.799988
v 241.199997 145.900009 58.799988
v 241.199997 145.900009 54.099991
v 241.199997 146.100006 54.099991
v 241.199997 146.100006 58.799988
v 241.199997 156.900009 58.799988
v 241.199997 156.900009 54.099991
v 241.199997 157.100006 54.099991
v 241.199997 157.100006 58.799988
v 251.500000 180.257004 57.799984
v 241.300003 180.686996 58.899986
v 241.300003 168.199997 58.899990
v 251.500000 168.199997 57.799988
v 241.300003 168.199997 58.899990
v 241.300003 158.287003 58.899990
v 241.300003 145.800003 58.899990
v 251.500000 145.800003 57.799988
v 251.500000 168.199997 57.799988
v 241.400009 157.100006 58.799988
v 241.400009 157.100006 54.099991
v 241.400009 156.900009 54.099991
v 241.400009 156.900009 58.799988
v 241.400009 146.100006 58.799988
v 241.400009 146.100006 54.099991
v 241.400009 145.900009 54.099991
v 241.400009 145.900009 58.799988
v 241.400009 168.100006 58.799988
v 241.400009 168.100006 54.099991
v 241.400009 167.900009 54.099991
v 241.400009 167.900009 58.799988
v 241.400009 179.100006 58.799984
v 241.400009 179.100006 54.099987
v 241.400009 178.900009 54.099987
v 241.400009 178.900009 58.799984
v 251.500000 180.257004 57.799984
v 260.200012 179.006012 54.599987
v 257.057556 180.022812 57.200645
v 260.200012 168.199997 54.599991
v 260.200012 179.006012 54.599987
v 251.500000 180.257004 57.799984
v 251.500000 168.199997 57.799988
v 260.200012 145.800003 54.599991
v 260.200012 168.199997 54.599991
v 251.500000 168.199997 57.799988
v 251.500000 145.800003 57.799988
v 241.400009 167.900009 58.799988
v 241.400009 167.900009 54.099991
v 241.199997 167.900009 54.099991
v 241.199997 167.900009 58.799988
v 241.400009 178.900009 58.799984
v 241.400009 178.900009 54.099987
v 241.199997 178.900009 54.099987
v 241.199997 178.900009 58.799984
v 241.400009 178.900009 58.799984
v 241.199997 178.900009 58.799984
v 241.199997 179.100006 58.799984
v 241.400009 179.100006 58.799984
v 241.199997 179.100006 58.799984
v 241.199997 179.100006 54.099987
v 241.400009 179.100006 54.099987
v 241.400009 179.100006 58.799984
v 241.199997 168.100006 58.799988
v 241.199997 168.100006 54.099991
v 241.400009 168.100006 54.099991
v 241.400009 168.100006 58.799988
v 241.400009 167.900009 58.799988
v 241.199997 167.900009 58.799988
v 241.199997 168.100006 58.799988
v 241.400009 168.100006 58.799988
v 241.400009 156.900009 58.799988
v 241.400009 156.900009 54.099991
v 241.199997 156.900009 54.099991
v 241.199997 156.900009 58.799988
v 241.199997 157.100006 58.799988
v 241.199997 157.100006 54.099991
v 241.400009 157.100006 54.099991
v 241.400009 157.100006 58.799988
v 241.400009 156.900009 58.799988
v 241.199997 156.900009 58.799988
v 241.199997 157.100006 58.799988
v 241.400009 157.100006 58.799988
v 241.199997 146.100006 58.799988
v 241.199997 146.100006 54.099991
v 241.400009 146.100006 54.099991
v 241.400009 146.100006 58.799988
v 241.400009 145.900009 58.799988
v 241.199997 145.900009 58.799988
v 241.199997 146.100006 58.799988
v 241.400009 146.100006 58.799988
v 241.400009 145.900009 58.799988
v 241.400009 145.900009 54.099991
v 241.199997 145.900009 54.099991
v 241.199997 145.900009 58.799988
v 257.057556 180.022812 57.200645
v 254.037506 181.000000 59.699986
v 248.718170 181.000000 59.699986
v 241.300003 180.686996 58.899986
v 241.500000 167.800003 53.699989
v 241.100006 167.800003 53.699989
v 241.100006 167.800003 54.099991
v 241.500000 167.800003 54.099991
v 241.500000 167.800003 53.699989
v 241.500000 167.800003 54.099991
v 241.500000 167.900009 54.099991
v 241.500000 168.100006 54.099991
v 241.500000 168.199997 54.099991
v 241.500000 168.199997 53.699989
v 241.500000 178.800003 53.699986
v 241.500000 178.800003 54.099987
v 241.500000 178.900009 54.099987
v 241.500000 179.100006 54.099987
v 241.500000 179.199997 54.099987
v 241.500000 179.199997 53.699986
v 241.500000 178.800003 53.699986
v 241.100006 178.800003 53.699986
v 241.100006 178.800003 54.099987
v 241.500000 178.800003 54.099987
v 241.100006 179.199997 53.699986
v 241.500000 179.199997 53.699986
v 241.500000 179.199997 54.099987
v 241.100006 179.199997 54.099987
v 241.199997 178.900009 53.499985
v 241.100006 178.800003 53.699986
v 241.500000 178.800003 53.699986
v 241.400009 178.900009 53.499985
v 241.400009 178.900009 53.499985
v 241.500000 178.800003 53.699986
v 241.500000 179.199997 53.699986
v 241.400009 179.100006 53.499985
v 241.100006 168.199997 53.699989
v 241.500000 168.199997 53.699989
v 241.500000 168.199997 54.099991
v 241.100006 168.199997 54.099991
v 241.199997 167.900009 53.499989
v 241.100006 167.800003 53.699989
v 241.500000 167.800003 53.699989
v 241.400009 167.900009 53.499989
v 241.400009 167.900009 53.499989
v 241.500000 167.800003 53.699989
v 241.500000 168.199997 53.699989
v 241.400009 168.100006 53.499989
v 241.400009 168.100006 53.499989
v 241.500000 168.199997 53.699989
v 241.100006 168.199997 53.699989
v 241.199997 168.100006 53.499989
v 241.500000 156.800003 53.699989
v 241.100006 156.800003 53.699989
v 241.100006 156.800003 54.099991
v 241.500000 156.800003 54.099991
v 241.500000 156.800003 53.699989
v 241.500000 156.800003 54.099991
v 241.500000 156.900009 54.099991
v 241.500000 157.100006 54.099991
v 241.500000 157.199997 54.099991
v 241.500000 157.199997 53.699989
v 241.100006 157.199997 53.699989
v 241.500000 157.199997 53.699989
v 241.500000 157.199997 54.099991
v 241.100006 157.199997 54.099991
v 241.199997 156.900009 53.499989
v 241.100006 156.800003 53.699989
v 241.500000 156.800003 53.699989
v 241.400009 156.900009 53.499989
v 241.400009 156.900009 53.499989
v 241.500000 156.800003 53.699989
v 241.500000 157.199997 53.699989
v 241.400009 157.100006 53.499989
v 241.400009 157.100006 53.499989
v 241.500000 157.199997 53.699989
v 241.100006 157.199997 53.699989
v 241.199997 157.100006 53.499989
v 241.500000 145.800003 53.699989
v 241.500000 145.800003 54.099991
v 241.500000 145.900009 54.099991
v 241.500000 146.100006 54.099991
v 241.500000 146.199997 54.099991
v 241.500000 146.199997 53.699989
v 241.100006 146.199997 53.699989
v 241.500000 146.199997 53.699989
v 241.500000 146.199997 54.099991
v 241.100006 146.199997 54.099991
v 241.400009 146.100006 53.499989
v 241.500000 146.199997 53.699989
v 241.100006 146.199997 53.699989
v 241.199997 146.100006 53.499989
v 241.400009 145.900009 53.499989
v 241.500000 145.800003 53.699989
v 241.500000 146.199997 53.699989
v 241.400009 146.100006 53.499989
v 261.529175 178.575851 53.499985
v 268.800018 178.575729 53.499985
v 268.800018 181.000000 59.699986
v 258.600006 181.000000 59.699986
v 254.037506 181.000000 59.699986
v 268.000000 168.800003 28.499987
v 268.800018 168.800003 28.499987
v 268.800018 174.900009 44.099991
v 268.000000 174.900009 44.099991
v 266.000000 177.129013 49.799984
v 268.000000 174.900009 44.099991
v 268.800018 174.900009 44.099991
v 268.800018 177.129013 49.799984
v 261.529175 178.575851 53.499985
v 266.000000 177.129013 49.799984
v 268.800018 177.129013 49.799984
v 268.800018 178.575729 53.499985
v 268.000000 168.199997 28.499987
v 268.000000 168.800003 28.499987
v 268.000000 174.900009 44.099991
v 268.000000 168.199997 44.099991
v 268.000000 145.800003 28.499989
v 268.000000 168.199997 28.499987
v 268.000000 168.199997 44.099991
v 268.000000 145.800003 44.099991
v 268.000000 168.199997 44.099991
v 268.000000 174.900009 44.099991
v 266.000000 177.129013 49.799984
v 266.000000 168.199997 49.799988
v 268.000000 145.800003 44.099991
v 268.000000 168.199997 44.099991
v 266.000000 168.199997 49.799988
v 266.000000 145.800003 49.799988
v 266.000000 168.199997 49.799988
v 266.000000 177.129013 49.799984
v 261.529175 178.575851 53.499985
v 261.529175 168.199997 53.499989
v 266.000000 145.800003 49.799988
v 266.000000 168.199997 49.799988
v 261.529175 168.199997 53.499989
v 261.529175 145.800003 53.499989
v 248.718170 181.000000 59.699986
v 238.100006 181.000000 59.699986
v 238.643265 180.574997 58.613476
v 198.699997 189.866562 82.399986
v 198.699997 189.466553 81.376572
v 198.699997 168.800003 28.499987
v 212.500000 168.800003 28.499987
v 213.800003 168.800003 28.499987
v 213.800003 189.866501 82.399986
v 190.621262 189.466553 28.499987
v 198.699997 168.800003 28.499987
v 198.699997 189.466553 81.376572
v 190.100006 210.936325 80.019989
v 190.100006 201.600006 56.132420
v 190.100006 190.800003 28.499985
v 190.621262 189.466553 28.499987
v 198.699997 189.466553 81.376572
v 198.699997 189.866562 82.399986
v 190.100006 211.866562 82.399986
v 231.100006 145.800003 28.479988
v 231.100006 168.800003 28.479986
v 231.100006 168.800003 28.499987
v 231.100006 145.800003 28.499989
v 229.600006 168.800003 26.399986
v 226.400009 168.800003 26.399986
v 225.600006 168.800003 26.399986
v 220.800003 168.800003 26.399986
v 220.000000 168.800003 26.399986
v 214.600006 168.800003 26.399986
v 214.600006 168.800003 27.199987
v 214.600006 168.800003 28.499987
v 231.100006 168.800003 28.499987
v 231.100006 168.800003 28.479986
v 230.023880 168.800003 26.399986
v 214.600006 145.800003 27.199989
v 214.600006 168.800003 27.199987
v 214.600006 168.800003 26.399986
v 214.600006 145.800003 26.399988
v 214.600006 145.800003 28.499989
v 214.600006 168.199997 28.499987
v 214.600006 168.800003 28.499987
v 214.600006 168.800003 27.199987
v 214.600006 145.800003 27.199989
v 230.023880 168.800003 26.399986
v 231.100006 168.800003 28.479986
v 231.100006 145.800003 28.479988
v 230.023880 145.800003 26.399988
v 214.600006 168.800003 25.099987
v 214.600006 168.800003 26.399986
v 220.000000 168.800003 26.399986
v 220.000000 168.800003 25.099987
v 214.600006 168.800003 19.699987
v 214.600006 168.800003 25.099987
v 220.000000 168.800003 25.099987
v 220.800003 168.800003 25.099987
v 225.600006 168.800003 25.099987
v 226.400009 168.800003 25.099987
v 226.400009 168.800003 19.699987
v 229.600006 168.800003 26.399986
v 229.600006 168.800003 25.599987
v 229.600006 168.800003 19.699987
v 226.400009 168.800003 19.699987
v 226.400009 168.800003 25.099987
v 226.400009 168.800003 26.399986
v 225.600006 168.800003 26.399986
v 225.600006 168.800003 25.099987
v 220.800003 168.800003 25.099987
v 220.800003 168.800003 26.399986
v 229.600006 168.800003 25.599987
v 229.600006 168.800003 26.399986
v 230.023880 168.800003 26.399986
v 229.610016 168.800003 25.599987
v 229.600006 145.800003 19.699989
v 229.600006 168.800003 19.699987
v 229.600006 168.800003 25.599987
v 229.600006 145.800003 25.599989
v 229.600006 145.800003 25.599989
v 229.600006 168.800003 25.599987
v 229.610016 168.800003 25.599987
v 229.610016 145.800003 25.599989
v 229.610016 145.800003 25.599989
v 229.610016 168.800003 25.599987
v 230.023880 168.800003 26.399986
v 230.023880 145.800003 26.399988
v 214.600006 168.800003 26.399986
v 214.600006 168.800003 25.099987
v 214.600006 168.800003 19.699987
v 214.600006 145.800003 19.699989
v 214.600006 145.800003 26.399988
v 214.600006 145.800003 19.699989
v 214.600006 168.800003 19.699987
v 226.400009 168.800003 19.699987
v 229.600006 168.800003 19.699987
v 229.600006 145.800003 19.699989
v 220.800003 168.800003 26.399986
v 220.800003 168.800003 25.099987
v 220.800003 145.800003 25.099989
v 220.800003 145.800003 26.399988
v 225.600006 145.800003 25.099989
v 225.600006 168.800003 25.099987
v 225.600006 168.800003 26.399986
v 225.600006 145.800003 26.399988
v 225.600006 168.800003 25.099987
v 225.600006 145.800003 25.099989
v 226.400009 145.800003 25.099989
v 226.400009 168.800003 25.099987
v 226.400009 168.800003 26.399986
v 226.400009 168.800003 25.099987
v 226.400009 145.800003 25.099989
v 226.400009 145.800003 26.399988
v 220.000000 168.800003 25.099987
v 220.000000 145.800003 25.099989
v 220.800003 145.800003 25.099989
v 220.800003 168.800003 25.099987
v 220.000000 145.800003 25.099989
v 220.000000 168.800003 25.099987
v 220.000000 168.800003 26.399986
v 220.000000 145.800003 26.399988
v 225.600006 127.300003 26.399990
v 225.600006 145.800003 26.399988
v 226.400009 145.800003 26.399988
v 226.400009 127.300003 26.399990
v 225.600006 104.900002 26.399992
v 225.600006 127.300003 26.399990
v 226.400009 127.300003 26.399990
v 226.400009 104.900002 26.399992
v 225.600006 82.500000 26.399994
v 225.600006 104.900002 26.399992
v 226.400009 104.900002 26.399992
v 226.400009 82.500000 26.399994
v 226.400009 60.100006 26.399996
v 225.600006 60.100006 26.399996
v 225.600006 82.500000 26.399994
v 226.400009 82.500000 26.399994
v 220.000000 127.300003 26.399990
v 220.000000 145.800003 26.399988
v 220.800003 145.800003 26.399988
v 220.800003 127.300003 26.399990
v 220.000000 104.900002 26.399992
v 220.000000 127.300003 26.399990
v 220.800003 127.300003 26.399990
v 220.800003 104.900002 26.399992
v 220.000000 82.500000 26.399994
v 220.000000 104.900002 26.399992
v 220.800003 104.900002 26.399992
v 220.800003 82.500000 26.399994
v 220.800003 60.100006 26.399996
v 220.000000 60.100006 26.399996
v 220.000000 82.500000 26.399994
v 220.800003 82.500000 26.399994
v 229.600006 60.000004 26.399996
v 230.023880 60.000004 26.399996
v 231.100006 60.000004 28.479996
v 231.100006 60.000004 28.499996
v 214.600006 60.000004 28.499996
v 214.600006 60.000004 27.199997
v 214.600006 60.000004 26.399996
v 259.399994 60.000004 28.499996
v 268.000000 60.000004 28.499996
v 268.000000 60.000004 32.494247
v 259.399994 60.000004 32.494247
v 268.000000 60.000004 32.494247
v 268.000000 60.000004 44.099998
v 266.000000 60.000004 49.799995
v 260.200012 60.000004 54.599998
v 259.399994 60.000004 54.894249
v 259.399994 60.000004 36.499996
v 259.399994 60.000004 32.494247
v 237.000000 60.000004 36.036270
v 237.000000 60.000004 28.499996
v 253.500000 60.000004 28.499996
v 259.399994 60.000004 28.499996
v 259.399994 60.000004 32.494247
v 259.399994 60.000004 36.499996
v 237.000000 60.000004 36.499996
v 259.399994 60.000004 36.499996
v 259.399994 60.000004 54.894249
v 251.500000 60.000004 57.799995
v 241.300003 60.000004 58.899998
v 237.000000 60.000004 58.436272
v 237.000000 60.000004 36.499996
v 214.600006 60.000004 36.036270
v 214.600006 60.000004 28.499996
v 231.100006 60.000004 28.499996
v 237.000000 60.000004 28.499996
v 237.000000 60.000004 36.036270
v 214.600006 60.000004 44.099998
v 214.600006 60.000004 36.036270
v 237.000000 60.000004 36.036270
v 237.000000 60.000004 36.499996
v 237.000000 60.000004 58.436272
v 231.100006 60.000004 57.799995
v 222.400009 60.000004 54.599998
v 216.600006 60.000004 49.799995
v 231.100006 127.200005 28.479990
v 231.100006 145.800003 28.479988
v 231.100006 145.800003 28.499989
v 231.100006 133.919998 28.499990
v 231.100006 127.200005 28.499990
v 231.100006 104.800003 28.479992
v 231.100006 127.200005 28.479990
v 231.100006 127.200005 28.499990
v 231.100006 109.280006 28.499992
v 231.100006 104.800003 28.499992
v 231.100006 82.400002 28.479994
v 231.100006 104.800003 28.479992
v 231.100006 104.800003 28.499992
v 231.100006 84.640007 28.499994
v 231.100006 82.400002 28.499994
v 231.100006 60.000004 28.499996
v 231.100006 60.000004 28.479996
v 231.100006 82.400002 28.479994
v 231.100006 82.400002 28.499994
v 253.500000 145.800003 28.499989
v 268.000000 145.800003 28.499989
v 268.000000 139.100006 28.499989
v 268.000000 133.919998 28.499990
v 253.500000 133.919998 28.499990
v 231.100006 133.919998 28.499990
v 231.100006 145.800003 28.499989
v 253.500000 145.800003 28.499989
v 253.500000 133.919998 28.499990
v 253.500000 133.919998 28.499990
v 268.000000 133.919998 28.499990
v 268.000000 116.700005 28.499990
v 268.000000 109.280006 28.499992
v 253.500000 109.280006 28.499992
v 231.100006 109.280006 28.499992
v 231.100006 127.200005 28.499990
v 231.100006 133.919998 28.499990
v 253.500000 133.919998 28.499990
v 253.500000 109.280006 28.499992
v 253.500000 109.280006 28.499992
v 268.000000 109.280006 28.499992
v 268.000000 94.300003 28.499992
v 268.000000 84.640007 28.499994
v 253.500000 84.640007 28.499994
v 231.100006 84.640007 28.499994
v 231.100006 104.800003 28.499992
v 231.100006 109.280006 28.499992
v 253.500000 109.280006 28.499992
v 253.500000 84.640007 28.499994
v 268.000000 60.000004 28.499996
v 259.399994 60.000004 28.499996
v 253.500000 60.000004 28.499996
v 253.500000 84.640007 28.499994
v 268.000000 84.640007 28.499994
v 253.500000 60.000004 28.499996
v 237.000000 60.000004 28.499996
v 231.100006 60.000004 28.499996
v 231.100006 82.400002 28.499994
v 231.100006 84.640007 28.499994
v 253.500000 84.640007 28.499994
v 268.000000 139.100006 28.499989
v 268.000000 145.800003 28.499989
v 268.000000 145.800003 44.099991
v 268.000000 139.100006 44.099991
v 268.000000 116.700005 28.499990
v 268.000000 133.919998 28.499990
v 268.000000 139.100006 28.499989
v 268.000000 139.100006 44.099991
v 268.000000 116.700005 44.099995
v 268.000000 94.300003 44.099995
v 268.000000 94.300003 28.499992
v 268.000000 109.280006 28.499992
v 268.000000 116.700005 28.499990
v 268.000000 116.700005 44.099995
v 268.000000 60.000004 32.494247
v 268.000000 60.000004 28.499996
v 268.000000 84.640007 28.499994
v 268.000000 94.300003 28.499992
v 268.000000 94.300003 44.099995
v 268.000000 60.000004 44.099998
v 231.100006 101.000008 57.799992
v 231.100006 94.300011 57.799992
v 241.300003 94.300011 58.899994
v 241.300003 101.000008 58.899994
v 231.100006 123.400009 57.799992
v 231.100006 101.000008 57.799992
v 241.300003 101.000008 58.899994
v 241.300003 116.700012 58.899994
v 241.300003 123.400009 58.899994
v 238.643265 145.800003 58.613480
v 231.100006 145.800003 57.799988
v 231.100006 123.400009 57.799992
v 241.300003 123.400009 58.899994
v 241.300003 139.100006 58.899990
v 241.300003 145.800003 58.899990
v 241.300003 94.300011 58.899994
v 231.100006 94.300011 57.799992
v 231.100006 60.000004 57.799995
v 237.000000 60.000004 58.436272
v 241.300003 60.000004 58.899998
v 241.100006 135.199997 54.099991
v 241.100006 135.100006 54.099991
v 241.100006 134.900009 54.099991
v 241.100006 134.800003 54.099991
v 241.100006 134.800003 53.699989
v 241.100006 135.199997 53.699989
v 241.100006 124.200012 54.099995
v 241.100006 124.100006 54.099995
v 241.100006 123.900009 54.099995
v 241.100006 123.800011 54.099995
v 241.100006 123.800011 53.699993
v 241.100006 124.200012 53.699993
v 241.100006 91.200012 54.099995
v 241.100006 91.100006 54.099995
v 241.100006 90.900009 54.099995
v 241.100006 90.800011 54.099995
v 241.100006 90.800011 53.699993
v 241.100006 91.200012 53.699993
v 241.100006 102.200012 54.099995
v 241.100006 102.100006 54.099995
v 241.100006 101.900009 54.099995
v 241.100006 101.800011 54.099995
v 241.100006 101.800011 53.699993
v 241.100006 102.200012 53.699993
v 241.100006 113.200012 54.099995
v 241.100006 113.100006 54.099995
v 241.100006 112.900009 54.099995
v 241.100006 112.800011 54.099995
v 241.100006 112.800011 53.699993
v 241.100006 113.200012 53.699993
v 241.300003 145.800003 58.899990
v 241.300003 139.100006 58.899990
v 251.500000 139.100006 57.799988
v 251.500000 145.800003 57.799988
v 241.300003 139.100006 58.899990
v 241.300003 123.400009 58.899994
v 241.300003 116.700012 58.899994
v 251.500000 116.700012 57.799992
v 251.500000 139.100006 57.799988
v 241.300003 116.700012 58.899994
v 241.300003 101.000008 58.899994
v 241.300003 94.300011 58.899994
v 251.500000 94.300011 57.799992
v 251.500000 116.700012 57.799992
v 251.500000 94.300011 57.799992
v 241.300003 94.300011 58.899994
v 241.300003 60.000004 58.899998
v 251.500000 60.000004 57.799995
v 241.400009 112.900009 58.799992
v 241.199997 112.900009 58.799992
v 241.199997 113.100006 58.799992
v 241.400009 113.100006 58.799992
v 241.400009 101.900009 58.799992
v 241.199997 101.900009 58.799992
v 241.199997 102.100006 58.799992
v 241.400009 102.100006 58.799992
v 241.400009 90.900009 58.799992
v 241.199997 90.900009 58.799992
v 241.199997 91.100006 58.799992
v 241.400009 91.100006 58.799992
v 241.400009 123.900009 58.799992
v 241.199997 123.900009 58.799992
v 241.199997 124.100006 58.799992
v 241.400009 124.100006 58.799992
v 241.400009 134.900009 58.799988
v 241.199997 134.900009 58.799988
v 241.199997 135.100006 58.799988
v 241.400009 135.100006 58.799988
v 260.200012 139.100006 54.599991
v 260.200012 145.800003 54.599991
v 251.500000 145.800003 57.799988
v 251.500000 139.100006 57.799988
v 260.200012 116.700012 54.599995
v 260.200012 139.100006 54.599991
v 251.500000 139.100006 57.799988
v 251.500000 116.700012 57.799992
v 251.500000 94.300011 57.799992
v 260.200012 94.300011 54.599995
v 260.200012 116.700012 54.599995
v 251.500000 116.700012 57.799992
v 260.200012 94.300011 54.599995
v 251.500000 94.300011 57.799992
v 251.500000 60.000004 57.799995
v 259.399994 60.000004 54.894249
v 260.200012 60.000004 54.599998
v 241.100006 134.800003 53.699989
v 241.199997 134.900009 53.499989
v 241.199997 135.100006 53.499989
v 241.100006 135.199997 53.699989
v 241.100006 123.800011 53.699993
v 241.199997 123.900009 53.499992
v 241.199997 124.100006 53.499992
v 241.100006 124.200012 53.699993
v 241.100006 90.800011 53.699993
v 241.199997 90.900009 53.499992
v 241.199997 91.100006 53.499992
v 241.100006 91.200012 53.699993
v 241.100006 101.800011 53.699993
v 241.199997 101.900009 53.499992
v 241.199997 102.100006 53.499992
v 241.100006 102.200012 53.699993
v 241.100006 112.800011 53.699993
v 241.199997 112.900009 53.499992
v 241.199997 113.100006 53.499992
v 241.100006 113.200012 53.699993
v 266.000000 139.100006 49.799988
v 266.000000 145.800003 49.799988
v 261.529175 145.800003 53.499989
v 260.200012 145.800003 54.599991
v 260.200012 139.100006 54.599991
v 266.000000 116.700005 49.799992
v 266.000000 139.100006 49.799988
v 260.200012 139.100006 54.599991
v 260.200012 116.700012 54.599995
v 260.200012 94.300011 54.599995
v 266.000000 94.300003 49.799992
v 266.000000 116.700005 49.799992
v 260.200012 116.700012 54.599995
v 266.000000 94.300003 49.799992
v 260.200012 94.300011 54.599995
v 260.200012 60.000004 54.599998
v 266.000000 60.000004 49.799995
v 241.400009 134.900009 53.499989
v 241.500000 134.800003 53.699989
v 241.500000 135.199997 53.699989
v 241.400009 135.100006 53.499989
v 241.400009 123.900009 53.499992
v 241.500000 123.800011 53.699993
v 241.500000 124.200012 53.699993
v 241.400009 124.100006 53.499992
v 241.400009 90.900009 53.499992
v 241.500000 90.800011 53.699993
v 241.500000 91.200012 53.699993
v 241.400009 91.100006 53.499992
v 241.400009 101.900009 53.499992
v 241.500000 101.800011 53.699993
v 241.500000 102.200012 53.699993
v 241.400009 102.100006 53.499992
v 241.400009 112.900009 53.499992
v 241.500000 112.800011 53.699993
v 241.500000 113.200012 53.699993
v 241.400009 113.100006 53.499992
v 268.000000 139.100006 44.099991
v 268.000000 145.800003 44.099991
v 266.000000 145.800003 49.799988
v 266.000000 139.100006 49.799988
v 268.000000 116.700005 44.099995
v 268.000000 139.100006 44.099991
v 266.000000 139.100006 49.799988
v 266.000000 116.700005 49.799992
v 266.000000 94.300003 49.799992
v 268.000000 94.300003 44.099995
v 268.000000 116.700005 44.099995
v 266.000000 116.700005 49.799992
v 268.000000 60.000004 44.099998
v 268.000000 94.300003 44.099995
v 266.000000 94.300003 49.799992
v 266.000000 60.000004 49.799995
v 241.100006 102.200012 53.699993
v 241.500000 102.200012 53.699993
v 241.500000 102.200012 54.099995
v 241.100006 102.200012 54.099995
v 241.100006 124.200012 53.699993
v 241.500000 124.200012 53.699993
v 241.500000 124.200012 54.099995
v 241.100006 124.200012 54.099995
v 241.100006 135.199997 53.699989
v 241.500000 135.199997 53.699989
v 241.500000 135.199997 54.099991
v 241.100006 135.199997 54.099991
v 241.500000 134.800003 53.699989
v 241.100006 134.800003 53.699989
v 241.100006 134.800003 54.099991
v 241.500000 134.800003 54.099991
v 241.199997 134.900009 54.099991
v 241.100006 134.900009 54.099991
v 241.100006 135.100006 54.099991
v 241.199997 135.100006 54.099991
v 241.500000 135.100006 54.099991
v 241.500000 134.900009 54.099991
v 241.400009 134.900009 54.099991
v 241.400009 135.100006 54.099991
v 241.100006 135.199997 54.099991
v 241.500000 135.199997 54.099991
v 241.500000 135.100006 54.099991
v 241.400009 135.100006 54.099991
v 241.199997 135.100006 54.099991
v 241.100006 135.100006 54.099991
v 241.199997 134.900009 54.099991
v 241.400009 134.900009 54.099991
v 241.500000 134.900009 54.099991
v 241.500000 134.800003 54.099991
v 241.100006 134.800003 54.099991
v 241.100006 134.900009 54.099991
v 241.400009 135.100006 58.799988
v 241.400009 135.100006 54.099991
v 241.400009 134.900009 54.099991
v 241.400009 134.900009 58.799988
v 241.400009 134.900009 58.799988
v 241.400009 134.900009 54.099991
v 241.199997 134.900009 54.099991
v 241.199997 134.900009 58.799988
v 241.199997 134.900009 58.799988
v 241.199997 134.900009 54.099991
v 241.199997 135.100006 54.099991
v 241.199997 135.100006 58.799988
v 241.199997 135.100006 58.799988
v 241.199997 135.100006 54.099991
v 241.400009 135.100006 54.099991
v 241.400009 135.100006 58.799988
v 241.400009 135.100006 53.499989
v 241.199997 135.100006 53.499989
v 241.199997 134.900009 53.499989
v 241.400009 134.900009 53.499989
v 241.500000 134.800003 53.699989
v 241.500000 134.800003 54.099991
v 241.500000 134.900009 54.099991
v 241.500000 135.100006 54.099991
v 241.500000 135.199997 54.099991
v 241.500000 135.199997 53.699989
v 241.199997 134.900009 53.499989
v 241.100006 134.800003 53.699989
v 241.500000 134.800003 53.699989
v 241.400009 134.900009 53.499989
v 241.400009 135.100006 53.499989
v 241.500000 135.199997 53.699989
v 241.100006 135.199997 53.699989
v 241.199997 135.100006 53.499989
v 241.100006 113.200012 53.699993
v 241.500000 113.200012 53.699993
v 241.500000 113.200012 54.099995
v 241.100006 113.200012 54.099995
v 241.500000 123.800011 53.699993
v 241.100006 123.800011 53.699993
v 241.100006 123.800011 54.099995
v 241.500000 123.800011 54.099995
v 241.199997 123.900009 54.099995
v 241.100006 123.900009 54.099995
v 241.100006 124.100006 54.099995
v 241.199997 124.100006 54.099995
v 241.500000 124.100006 54.099995
v 241.500000 123.900009 54.099995
v 241.400009 123.900009 54.099995
v 241.400009 124.100006 54.099995
v 241.100006 124.200012 54.099995
v 241.500000 124.200012 54.099995
v 241.500000 124.100006 54.099995
v 241.400009 124.100006 54.099995
v 241.199997 124.100006 54.099995
v 241.100006 124.100006 54.099995
v 241.199997 123.900009 54.099995
v 241.400009 123.900009 54.099995
v 241.500000 123.900009 54.099995
v 241.500000 123.800011 54.099995
v 241.100006 123.800011 54.099995
v 241.100006 123.900009 54.099995
v 241.400009 124.100006 58.799992
v 241.400009 124.100006 54.099995
v 241.400009 123.900009 54.099995
v 241.400009 123.900009 58.799992
v 241.400009 123.900009 58.799992
v 241.400009 123.900009 54.099995
v 241.199997 123.900009 54.099995
v 241.199997 123.900009 58.799992
v 241.199997 123.900009 58.799992
v 241.199997 123.900009 54.099995
v 241.199997 124.100006 54.099995
v 241.199997 124.100006 58.799992
v 241.199997 124.100006 58.799992
v 241.199997 124.100006 54.099995
v 241.400009 124.100006 54.099995
v 241.400009 124.100006 58.799992
v 241.400009 124.100006 53.499992
v 241.199997 124.100006 53.499992
v 241.199997 123.900009 53.499992
v 241.400009 123.900009 53.499992
v 241.500000 123.800011 53.699993
v 241.500000 123.800011 54.099995
v 241.500000 123.900009 54.099995
v 241.500000 124.100006 54.099995
v 241.500000 124.200012 54.099995
v 241.500000 124.200012 53.699993
v 241.199997 123.900009 53.499992
v 241.100006 123.800011 53.699993
v 241.500000 123.800011 53.699993
v 241.400009 123.900009 53.499992
v 241.400009 124.100006 53.499992
v 241.500000 124.200012 53.699993
v 241.100006 124.200012 53.699993
v 241.199997 124.100006 53.499992
v 241.500000 112.800011 53.699993
v 241.100006 112.800011 53.699993
v 241.100006 112.800011 54.099995
v 241.500000 112.800011 54.099995
v 241.199997 112.900009 54.099995
v 241.100006 112.900009 54.099995
v 241.100006 113.100006 54.099995
v 241.199997 113.100006 54.099995
v 241.500000 113.100006 54.099995
v 241.500000 112.900009 54.099995
v 241.400009 112.900009 54.099995
v 241.400009 113.100006 54.099995
v 241.100006 113.200012 54.099995
v 241.500000 113.200012 54.099995
v 241.500000 113.100006 54.099995
v 241.400009 113.100006 54.099995
v 241.199997 113.100006 54.099995
v 241.100006 113.100006 54.099995
v 241.199997 112.900009 54.099995
v 241.400009 112.900009 54.099995
v 241.500000 112.900009 54.099995
v 241.500000 112.800011 54.099995
v 241.100006 112.800011 54.099995
v 241.100006 112.900009 54.099995
v 241.400009 113.100006 58.799992
v 241.400009 113.100006 54.099995
v 241.400009 112.900009 54.099995
v 241.400009 112.900009 58.799992
v 241.400009 112.900009 58.799992
v 241.400009 112.900009 54.099995
v 241.199997 112.900009 54.099995
v 241.199997 112.900009 58.799992
v 241.199997 112.900009 58.799992
v 241.199997 112.900009 54.099995
v 241.199997 113.100006 54.099995
v 241.199997 113.100006 58.799992
v 241.199997 113.100006 58.799992
v 241.199997 113.100006 54.099995
v 241.400009 113.100006 54.099995
v 241.400009 113.100006 58.799992
v 241.400009 113.100006 53.499992
v 241.199997 113.100006 53.499992
v 241.199997 112.900009 53.499992
v 241.400009 112.900009 53.499992
v 241.500000 112.800011 53.699993
v 241.500000 112.800011 54.099995
v 241.500000 112.900009 54.099995
v 241.500000 113.100006 54.099995
v 241.500000 113.200012 54.099995
v 241.500000 113.200012 53.699993
v 241.199997 112.900009 53.499992
v 241.100006 112.800011 53.699993
v 241.500000 112.800011 53.699993
v 241.400009 112.900009 53.499992
v 241.400009 113.100006 53.499992
v 241.500000 113.200012 53.699993
v 241.100006 113.200012 53.699993
v 241.199997 113.100006 53.499992
v 241.500000 90.800011 53.699993
v 241.100006 90.800011 53.699993
v 241.100006 90.800011 54.099995
v 241.500000 90.800011 54.099995
v 241.100006 91.200012 53.699993
v 241.500000 91.200012 53.699993
v 241.500000 91.200012 54.099995
v 241.100006 91.200012 54.099995
v 241.500000 101.800011 53.699993
v 241.100006 101.800011 53.699993
v 241.100006 101.800011 54.099995
v 241.500000 101.800011 54.099995
v 241.199997 101.900009 54.099995
v 241.100006 101.900009 54.099995
v 241.100006 102.100006 54.099995
v 241.199997 102.100006 54.099995
v 241.500000 102.100006 54.099995
v 241.500000 101.900009 54.099995
v 241.400009 101.900009 54.099995
v 241.400009 102.100006 54.099995
v 241.100006 102.200012 54.099995
v 241.500000 102.200012 54.099995
v 241.500000 102.100006 54.099995
v 241.400009 102.100006 54.099995
v 241.199997 102.100006 54.099995
v 241.100006 102.100006 54.099995
v 241.199997 101.900009 54.099995
v 241.400009 101.900009 54.099995
v 241.500000 101.900009 54.099995
v 241.500000 101.800011 54.099995
v 241.100006 101.800011 54.099995
v 241.100006 101.900009 54.099995
v 241.400009 102.100006 58.799992
v 241.400009 102.100006 54.099995
v 241.400009 101.900009 54.099995
v 241.400009 101.900009 58.799992
v 241.400009 101.900009 58.799992
v 241.400009 101.900009 54.099995
v 241.199997 101.900009 54.099995
v 241.199997 101.900009 58.799992
v 241.199997 101.900009 58.799992
v 241.199997 101.900009 54.099995
v 241.199997 102.100006 54.099995
v 241.199997 102.100006 58.799992
v 241.199997 102.100006 58.799992
v 241.199997 102.100006 54.099995
v 241.400009 102.100006 54.099995
v 241.400009 102.100006 58.799992
v 241.400009 102.100006 53.499992
v 241.199997 102.100006 53.499992
v 241.199997 101.900009 53.499992
v 241.400009 101.900009 53.499992
v 241.500000 101.800011 53.699993
v 241.500000 101.800011 54.099995
v 241.500000 101.900009 54.099995
v 241.500000 102.100006 54.099995
v 241.500000 102.200012 54.099995
v 241.500000 102.200012 53.699993
v 241.199997 101.900009 53.499992
v 241.100006 101.800011 53.699993
v 241.500000 101.800011 53.699993
v 241.400009 101.900009 53.499992
v 241.400009 102.100006 53.499992
v 241.500000 102.200012 53.699993
v 241.100006 102.200012 53.699993
v 241.199997 102.100006 53.499992
v 241.199997 90.900009 54.099995
v 241.400009 90.900009 54.099995
v 241.500000 90.900009 54.099995
v 241.500000 90.800011 54.099995
v 241.100006 90.800011 54.099995
v 241.100006 90.900009 54.099995
v 241.100006 91.200012 54.099995
v 241.500000 91.200012 54.099995
v 241.500000 91.100006 54.099995
v 241.400009 91.100006 54.099995
v 241.199997 91.100006 54.099995
v 241.100006 91.100006 54.099995
v 241.500000 91.100006 54.099995
v 241.500000 90.900009 54.099995
v 241.400009 90.900009 54.099995
v 241.400009 91.100006 54.099995
v 241.199997 90.900009 54.099995
v 241.100006 90.900009 54.099995
v 241.100006 91.100006 54.099995
v 241.199997 91.100006 54.099995
v 241.400009 91.100006 58.799992
v 241.400009 91.100006 54.099995
v 241.400009 90.900009 54.099995
v 241.400009 90.900009 58.799992
v 241.199997 91.100006 58.799992
v 241.199997 91.100006 54.099995
v 241.400009 91.100006 54.099995
v 241.400009 91.100006 58.799992
v 241.400009 90.900009 58.799992
v 241.400009 90.900009 54.099995
v 241.199997 90.900009 54.099995
v 241.199997 90.900009 58.799992
v 241.199997 90.900009 58.799992
v 241.199997 90.900009 54.099995
v 241.199997 91.100006 54.099995
v 241.199997 91.100006 58.799992
v 241.400009 91.100006 53.499992
v 241.199997 91.100006 53.499992
v 241.199997 90.900009 53.499992
v 241.400009 90.900009 53.499992
v 241.500000 90.800011 53.699993
v 241.500000 90.800011 54.099995
v 241.500000 90.900009 54.099995
v 241.500000 91.100006 54.099995
v 241.500000 91.200012 54.099995
v 241.500000 91.200012 53.699993
v 241.400009 91.100006 53.499992
v 241.500000 91.200012 53.699993
v 241.100006 91.200012 53.699993
v 241.199997 91.100006 53.499992
v 241.199997 90.900009 53.499992
v 241.100006 90.800011 53.699993
v 241.500000 90.800011 53.699993
v 241.400009 90.900009 53.499992
v 214.600006 127.200005 27.199991
v 214.600006 145.800003 27.199989
v 214.600006 145.800003 26.399988
v 214.600006 127.200005 26.399990
v 214.600006 104.800003 27.199993
v 214.600006 127.200005 27.199991
v 214.600006 127.200005 26.399990
v 214.600006 104.800003 26.399992
v 214.600006 82.400002 27.199995
v 214.600006 104.800003 27.199993
v 214.600006 104.800003 26.399992
v 214.600006 82.400002 26.399994
v 214.600006 60.000004 26.399996
v 214.600006 60.000004 27.199997
v 214.600006 82.400002 27.199995
v 214.600006 82.400002 26.399994
v 214.600006 127.200005 28.499990
v 214.600006 139.100006 28.499989
v 214.600006 145.800003 28.499989
v 214.600006 145.800003 27.199989
v 214.600006 127.200005 27.199991
v 214.600006 104.800003 28.499992
v 214.600006 116.700005 28.499990
v 214.600006 127.200005 28.499990
v 214.600006 127.200005 27.199991
v 214.600006 104.800003 27.199993
v 214.600006 82.400002 28.499994
v 214.600006 94.300003 28.499992
v 214.600006 104.800003 28.499992
v 214.600006 104.800003 27.199993
v 214.600006 82.400002 27.199995
v 214.600006 60.000004 27.199997
v 214.600006 60.000004 28.499996
v 214.600006 82.400002 28.499994
v 214.600006 82.400002 27.199995
v 214.600006 94.300003 44.099995
v 214.600006 94.300003 28.499992
v 214.600006 82.400002 28.499994
v 214.600006 60.000004 28.499996
v 214.600006 60.000004 36.036270
v 214.600006 60.000004 44.099998
v 214.600006 145.800003 28.499989
v 214.600006 139.100006 28.499989
v 214.600006 139.100006 44.099991
v 214.600006 145.800003 44.099991
v 214.600006 139.100006 28.499989
v 214.600006 127.200005 28.499990
v 214.600006 116.700005 28.499990
v 214.600006 116.700005 44.099995
v 214.600006 139.100006 44.099991
v 214.600006 116.700005 28.499990
v 214.600006 104.800003 28.499992
v 214.600006 94.300003 28.499992
v 214.600006 94.300003 44.099995
v 214.600006 116.700005 44.099995
v 214.600006 145.800003 44.099991
v 214.600006 139.100006 44.099991
v 216.600006 139.100006 49.799988
v 216.600006 145.800003 49.799988
v 214.600006 139.100006 44.099991
v 214.600006 116.700005 44.099995
v 216.600006 116.700005 49.799992
v 216.600006 123.400002 49.799992
v 216.600006 139.100006 49.799988
v 214.600006 116.700005 44.099995
v 214.600006 94.300003 44.099995
v 216.600006 94.300003 49.799992
v 216.600006 101.000000 49.799992
v 216.600006 116.700005 49.799992
v 216.600006 94.300003 49.799992
v 214.600006 94.300003 44.099995
v 214.600006 60.000004 44.099998
v 216.600006 60.000004 49.799995
v 230.023880 127.200005 26.399990
v 230.023880 145.800003 26.399988
v 231.100006 145.800003 28.479988
v 231.100006 127.200005 28.479990
v 230.023880 104.800003 26.399992
v 230.023880 127.200005 26.399990
v 231.100006 127.200005 28.479990
v 231.100006 104.800003 28.479992
v 230.023880 82.400002 26.399994
v 230.023880 104.800003 26.399992
v 231.100006 104.800003 28.479992
v 231.100006 82.400002 28.479994
v 231.100006 60.000004 28.479996
v 230.023880 60.000004 26.399996
v 230.023880 82.400002 26.399994
v 231.100006 82.400002 28.479994
v 216.600006 101.000000 49.799992
v 216.600006 94.300003 49.799992
v 222.400009 94.300011 54.599995
v 222.400009 101.000008 54.599995
v 216.600006 123.400002 49.799992
v 216.600006 116.700005 49.799992
v 216.600006 101.000000 49.799992
v 222.400009 101.000008 54.599995
v 222.400009 123.400009 54.599995
v 216.600006 145.800003 49.799988
v 216.600006 139.100006 49.799988
v 216.600006 123.400002 49.799992
v 222.400009 123.400009 54.599995
v 222.400009 145.800003 54.599991
v 222.400009 94.300011 54.599995
v 216.600006 94.300003 49.799992
v 216.600006 60.000004 49.799995
v 222.400009 60.000004 54.599998
v 231.100006 94.300011 57.799992
v 222.400009 94.300011 54.599995
v 222.400009 60.000004 54.599998
v 231.100006 60.000004 57.799995
v 222.400009 101.000008 54.599995
v 222.400009 94.300011 54.599995
v 231.100006 94.300011 57.799992
v 231.100006 101.000008 57.799992
v 222.400009 123.400009 54.599995
v 222.400009 101.000008 54.599995
v 231.100006 101.000008 57.799992
v 231.100006 123.400009 57.799992
v 222.400009 145.800003 54.599991
v 222.400009 123.400009 54.599995
v 231.100006 123.400009 57.799992
v 231.100006 145.800003 57.799988
v 229.600006 60.000004 26.399996
v 229.600006 60.000004 25.599997
v 229.610016 60.000004 25.599997
v 230.023880 60.000004 26.399996
v 229.600006 60.000000 19.699997
v 229.600006 60.000004 25.599997
v 229.600006 60.000004 26.399996
v 214.600006 60.000004 26.399996
v 214.600006 60.000000 19.699997
v 229.600006 127.200005 19.699991
v 229.600006 145.800003 19.699989
v 229.600006 145.800003 25.599989
v 229.600006 127.200005 25.599991
v 229.600006 104.800003 19.699993
v 229.600006 123.400002 19.699991
v 229.600006 127.200005 19.699991
v 229.600006 127.200005 25.599991
v 229.600006 118.920006 25.599991
v 229.600006 104.800003 25.599993
v 229.600006 82.400002 19.699995
v 229.600006 101.000000 19.699993
v 229.600006 104.800003 19.699993
v 229.600006 104.800003 25.599993
v 229.600006 92.040009 25.599993
v 229.600006 82.400002 25.599995
v 229.600006 65.160011 25.599995
v 229.600006 60.000004 25.599997
v 229.600006 60.000000 19.699997
v 229.600006 78.599998 19.699995
v 229.600006 82.400002 19.699995
v 229.600006 82.400002 25.599995
v 229.610016 60.000004 25.599997
v 229.600006 60.000004 25.599997
v 229.600006 65.160011 25.599995
v 229.610016 65.160011 25.599995
v 229.600006 65.160011 25.599995
v 229.600006 82.400002 25.599995
v 229.600006 92.040009 25.599993
v 229.610016 92.040009 25.599993
v 229.610016 82.400002 25.599995
v 229.610016 65.160011 25.599995
v 229.600006 92.040009 25.599993
v 229.600006 104.800003 25.599993
v 229.600006 118.920006 25.599991
v 229.610016 118.920006 25.599991
v 229.610016 104.800003 25.599993
v 229.610016 92.040009 25.599993
v 229.600006 118.920006 25.599991
v 229.600006 127.200005 25.599991
v 229.600006 145.800003 25.599989
v 229.610016 145.800003 25.599989
v 229.610016 127.200005 25.599991
v 229.610016 118.920006 25.599991
v 229.610016 127.200005 25.599991
v 229.610016 145.800003 25.599989
v 230.023880 145.800003 26.399988
v 230.023880 127.200005 26.399990
v 229.610016 104.800003 25.599993
v 229.610016 118.920006 25.599991
v 229.610016 127.200005 25.599991
v 230.023880 127.200005 26.399990
v 230.023880 104.800003 26.399992
v 229.610016 82.400002 25.599995
v 229.610016 92.040009 25.599993
v 229.610016 104.800003 25.599993
v 230.023880 104.800003 26.399992
v 230.023880 82.400002 26.399994
v 230.023880 60.000004 26.399996
v 229.610016 60.000004 25.599997
v 229.610016 65.160011 25.599995
v 229.610016 82.400002 25.599995
v 230.023880 82.400002 26.399994
v 214.600006 127.200005 26.399990
v 214.600006 145.800003 26.399988
v 214.600006 145.800003 19.699989
v 214.600006 127.200005 19.699991
v 214.600006 104.800003 26.399992
v 214.600006 127.200005 26.399990
v 214.600006 127.200005 19.699991
v 214.600006 123.400002 19.699991
v 214.600006 104.800003 19.699993
v 214.600006 82.400002 26.399994
v 214.600006 104.800003 26.399992
v 214.600006 104.800003 19.699993
v 214.600006 101.000000 19.699993
v 214.600006 82.400002 19.699995
v 214.600006 78.599998 19.699995
v 214.600006 60.000000 19.699997
v 214.600006 60.000004 26.399996
v 214.600006 82.400002 26.399994
v 214.600006 82.400002 19.699995
v 229.600006 60.000000 19.699997
v 214.600006 60.000000 19.699997
v 214.600006 78.599998 19.699995
v 229.600006 78.599998 19.699995
v 214.600006 78.599998 19.699995
v 214.600006 82.400002 19.699995
v 214.600006 101.000000 19.699993
v 229.600006 101.000000 19.699993
v 229.600006 82.400002 19.699995
v 229.600006 78.599998 19.699995
v 214.600006 101.000000 19.699993
v 214.600006 104.800003 19.699993
v 214.600006 123.400002 19.699991
v 229.600006 123.400002 19.699991
v 229.600006 104.800003 19.699993
v 229.600006 101.000000 19.699993
v 214.600006 123.400002 19.699991
v 214.600006 127.200005 19.699991
v 214.600006 145.800003 19.699989
v 229.600006 145.800003 19.699989
v 229.600006 127.200005 19.699991
v 229.600006 123.400002 19.699991
v 220.800003 60.100006 26.399996
v 220.800003 60.100002 25.099997
v 220.000000 60.100002 25.099997
v 220.000000 60.100006 26.399996
v 226.400009 60.100006 26.399996
v 226.400009 60.100002 25.099997
v 225.600006 60.100002 25.099997
v 225.600006 60.100006 26.399996
v 220.800003 145.800003 25.099989
v 220.800003 127.300003 25.099991
v 220.800003 127.300003 26.399990
v 220.800003 145.800003 26.399988
v 220.800003 127.300003 25.099991
v 220.800003 104.900002 25.099993
v 220.800003 104.900002 26.399992
v 220.800003 127.300003 26.399990
v 220.800003 104.900002 25.099993
v 220.800003 82.500000 25.099995
v 220.800003 82.500000 26.399994
v 220.800003 104.900002 26.399992
v 220.800003 82.500000 25.099995
v 220.800003 60.100002 25.099997
v 220.800003 60.100006 26.399996
v 220.800003 82.500000 26.399994
v 225.600006 127.300003 25.099991
v 225.600006 145.800003 25.099989
v 225.600006 145.800003 26.399988
v 225.600006 127.300003 26.399990
v 225.600006 104.900002 25.099993
v 225.600006 127.300003 25.099991
v 225.600006 127.300003 26.399990
v 225.600006 104.900002 26.399992
v 225.600006 82.500000 25.099995
v 225.600006 104.900002 25.099993
v 225.600006 104.900002 26.399992
v 225.600006 82.500000 26.399994
v 225.600006 60.100006 26.399996
v 225.600006 60.100002 25.099997
v 225.600006 82.500000 25.099995
v 225.600006 82.500000 26.399994
v 225.600006 145.800003 25.099989
v 225.600006 127.300003 25.099991
v 226.400009 127.300003 25.099991
v 226.400009 145.800003 25.099989
v 225.600006 127.300003 25.099991
v 225.600006 104.900002 25.099993
v 226.400009 104.900002 25.099993
v 226.400009 127.300003 25.099991
v 225.600006 104.900002 25.099993
v 225.600006 82.500000 25.099995
v 226.400009 82.500000 25.099995
v 226.400009 104.900002 25.099993
v 225.600006 82.500000 25.099995
v 225.600006 60.100002 25.099997
v 226.400009 60.100002 25.099997
v 226.400009 82.500000 25.099995
v 226.400009 145.800003 25.099989
v 226.400009 127.300003 25.099991
v 226.400009 127.300003 26.399990
v 226.400009 145.800003 26.399988
v 226.400009 127.300003 25.099991
v 226.400009 104.900002 25.099993
v 226.400009 104.900002 26.399992
v 226.400009 127.300003 26.399990
v 226.400009 104.900002 25.099993
v 226.400009 82.500000 25.099995
v 226.400009 82.500000 26.399994
v 226.400009 104.900002 26.399992
v 226.400009 82.500000 25.099995
v 226.400009 60.100002 25.099997
v 226.400009 60.100006 26.399996
v 226.400009 82.500000 26.399994
v 220.000000 145.800003 25.099989
v 220.000000 127.300003 25.099991
v 220.800003 127.300003 25.099991
v 220.800003 145.800003 25.099989
v 220.000000 127.300003 25.099991
v 220.000000 104.900002 25.099993
v 220.800003 104.900002 25.099993
v 220.800003 127.300003 25.099991
v 220.000000 104.900002 25.099993
v 220.000000 82.500000 25.099995
v 220.800003 82.500000 25.099995
v 220.800003 104.900002 25.099993
v 220.000000 82.500000 25.099995
v 220.000000 60.100002 25.099997
v 220.800003 60.100002 25.099997
v 220.800003 82.500000 25.099995
v 220.000000 127.300003 25.099991
v 220.000000 145.800003 25.099989
v 220.000000 145.800003 26.399988
v 220.000000 127.300003 26.399990
v 220.000000 104.900002 25.099993
v 220.000000 127.300003 25.099991
v 220.000000 127.300003 26.399990
v 220.000000 104.900002 26.399992
v 220.000000 82.500000 25.099995
v 220.000000 104.900002 25.099993
v 220.000000 104.900002 26.399992
v 220.000000 82.500000 26.399994
v 220.000000 60.100006 26.399996
v 220.000000 60.100002 25.099997
v 220.000000 82.500000 25.099995
v 220.000000 82.500000 26.399994
v 181.100006 224.000015 103.899986
v 185.800003 224.000015 103.899986
v 185.800003 224.000015 142.099991
v 181.100006 224.000015 142.099991
v 158.699997 224.000015 103.899986
v 163.400009 224.000015 103.899986
v 181.100006 224.000015 103.899986
v 181.100006 224.000015 142.099991
v 158.699997 224.000015 142.099991
v 136.300003 224.000015 103.899986
v 141.000000 224.000015 103.899986
v 158.699997 224.000015 103.899986
v 158.699997 224.000015 142.099991
v 136.300003 224.000015 142.099991
v 136.300003 224.000000 85.299988
v 141.000000 224.000000 85.299988
v 141.000000 224.000015 103.899986
v 136.300003 224.000015 103.899986
v 141.000000 224.000000 85.299988
v 163.400009 224.000000 85.299988
v 163.400009 224.000015 103.899986
v 158.699997 224.000015 103.899986
v 141.000000 224.000015 103.899986
v 163.400009 224.000000 85.299988
v 185.800003 224.000000 85.299988
v 185.800003 224.000015 103.899986
v 181.100006 224.000015 103.899986
v 163.400009 224.000015 103.899986
v 147.100006 224.000000 28.499983
v 147.100006 224.000000 23.219986
v 167.699997 224.000000 23.219986
v 167.699997 224.000000 28.499983
v 147.100006 224.000000 23.219986
v 147.100006 224.000000 -28.300018
v 167.699997 224.000000 -28.300018
v 167.699997 224.000000 23.219986
v 190.100006 224.000000 23.219986
v 190.100006 224.000000 28.499983
v 169.500000 224.000000 28.499983
v 167.699997 224.000000 28.499983
v 167.699997 224.000000 23.219986
v 167.699997 224.000000 -28.300018
v 190.100006 224.000000 -28.300018
v 190.100006 224.000000 23.219986
v 167.699997 224.000000 23.219986
v 140.400009 243.500000 81.999985
v 135.600006 243.500000 81.999985
v 135.600006 240.300003 81.999985
v 140.400009 240.300003 81.999985
v 140.400009 326.700012 81.999977
v 135.600006 326.700012 81.999977
v 135.600006 323.500000 81.999977
v 140.400009 323.500000 81.999977
v 136.300003 303.600006 81.999977
v 136.300003 303.600006 82.899979
v 136.300003 303.600006 83.699982
v 135.675003 303.600006 83.699982
v 135.010544 303.600006 81.999977
v 136.300003 303.600006 83.699982
v 136.300003 303.600006 85.299980
v 135.675003 303.600006 83.699982
v 181.100006 343.300018 142.099976
v 158.699997 343.300018 142.099976
v 136.300003 343.300018 142.099976
v 136.300003 326.000000 142.099976
v 136.300003 303.600006 142.099976
v 190.100006 303.600006 142.099976
v 190.100006 343.300018 142.099976
v 135.010178 387.700012 81.999969
v 136.300003 387.700012 85.299973
v 145.300003 387.700012 85.299973
v 145.300003 387.700012 81.999969
v 145.300003 387.700012 85.299973
v 167.699997 387.700012 85.299973
v 167.699997 387.700012 81.999969
v 145.300003 387.700012 81.999969
v 167.699997 387.700012 85.299973
v 181.100006 387.700012 85.299973
v 190.100006 387.700012 85.299973
v 190.100006 387.700012 81.999969
v 167.699997 387.700012 81.999969
v 145.300003 354.100006 85.299973
v 136.300003 354.100006 85.299973
v 135.010223 355.385254 81.999969
v 145.300003 355.385254 81.999969
v 167.699997 354.100006 85.299973
v 145.300003 354.100006 85.299973
v 145.300003 355.385254 81.999969
v 167.699997 355.385254 81.999969
v 190.100006 355.385254 81.999969
v 190.100006 354.100006 85.299973
v 181.100006 354.100006 85.299973
v 167.699997 354.100006 85.299973
v 167.699997 355.385254 81.999969
v 135.010223 355.385254 81.999969
v 136.300003 354.100006 85.299973
v 136.300003 365.300018 85.299973
v 135.010208 365.300018 81.999969
v 136.300003 365.300018 85.299973
v 136.300003 374.000000 85.299973
v 136.300003 380.399994 85.299973
v 136.300003 387.700012 85.299973
v 135.010178 387.700012 81.999969
v 135.010208 365.300018 81.999969
v 184.300003 374.000000 84.899971
v 179.500000 374.000000 84.899971
v 179.500000 374.000000 85.299973
v 181.100006 374.000000 85.299973
v 184.300003 374.000000 85.299973
v 157.600006 374.000000 84.899971
v 152.800003 374.000000 84.899971
v 152.800003 374.000000 85.299973
v 157.600006 374.000000 85.299973
v 179.500000 380.399994 82.399971
v 184.300003 380.399994 82.399971
v 184.300003 380.399994 85.299973
v 181.100006 380.399994 85.299973
v 179.500000 380.399994 85.299973
v 152.800003 380.399994 82.399971
v 157.600006 380.399994 82.399971
v 157.600006 380.399994 85.299973
v 152.800003 380.399994 85.299973
v 190.100006 387.700012 85.299973
v 181.100006 387.700012 85.299973
v 181.100006 380.399994 85.299973
v 184.300003 380.399994 85.299973
v 190.100006 380.399994 85.299973
v 181.100006 387.700012 85.299973
v 167.699997 387.700012 85.299973
v 145.300003 387.700012 85.299973
v 136.300003 387.700012 85.299973
v 136.300003 380.399994 85.299973
v 152.800003 380.399994 85.299973
v 157.600006 380.399994 85.299973
v 179.500000 380.399994 85.299973
v 181.100006 380.399994 85.299973
v 157.600006 380.399994 85.299973
v 157.600006 380.399994 82.399971
v 157.600006 374.000000 84.899971
v 157.600006 374.000000 85.299973
v 179.500000 374.000000 85.299973
v 179.500000 374.000000 84.899971
v 179.500000 380.399994 82.399971
v 179.500000 380.399994 85.299973
v 184.300003 380.399994 85.299973
v 184.300003 380.399994 82.399971
v 184.300003 374.000000 84.899971
v 184.300003 374.000000 85.299973
v 190.100006 380.399994 85.299973
v 184.300003 380.399994 85.299973
v 184.300003 374.000000 85.299973
v 190.100006 374.000000 85.299973
v 184.300003 380.399994 82.399971
v 179.500000 380.399994 82.399971
v 179.500000 374.000000 84.899971
v 184.300003 374.000000 84.899971
v 179.500000 380.399994 85.299973
v 157.600006 380.399994 85.299973
v 157.600006 374.000000 85.299973
v 179.500000 374.000000 85.299973
v 152.800003 374.000000 85.299973
v 152.800003 374.000000 84.899971
v 152.800003 380.399994 82.399971
v 152.800003 380.399994 85.299973
v 157.600006 380.399994 82.399971
v 152.800003 380.399994 82.399971
v 152.800003 374.000000 84.899971
v 157.600006 374.000000 84.899971
v 152.800003 380.399994 85.299973
v 136.300003 380.399994 85.299973
v 136.300003 374.000000 85.299973
v 152.800003 374.000000 85.299973
v 181.100006 354.100006 85.299973
v 190.100006 354.100006 85.299973
v 190.100006 374.000000 85.299973
v 184.300003 374.000000 85.299973
v 181.100006 374.000000 85.299973
v 136.300003 365.300018 85.299973
v 136.300003 354.100006 85.299973
v 145.300003 354.100006 85.299973
v 167.699997 354.100006 85.299973
v 181.100006 354.100006 85.299973
v 181.100006 374.000000 85.299973
v 179.500000 374.000000 85.299973
v 157.600006 374.000000 85.299973
v 152.800003 374.000000 85.299973
v 136.300003 374.000000 85.299973
v 136.300003 303.600006 82.899979
v 136.300003 304.500000 81.999977
v 140.100006 304.500000 81.999977
v 140.100006 303.600006 82.899979
v 145.300003 343.300018 85.299980
v 136.300003 343.300018 85.299980
v 136.300003 343.300018 103.899979
v 145.300003 343.300018 103.899979
v 167.699997 343.300018 85.299980
v 145.300003 343.300018 85.299980
v 145.300003 343.300018 103.899979
v 158.699997 343.300018 103.899979
v 167.699997 343.300018 103.899979
v 190.100006 343.300018 85.299980
v 167.699997 343.300018 85.299980
v 167.699997 343.300018 103.899979
v 181.100006 343.300018 103.899979
v 190.100006 343.300018 103.899979
v 190.100006 343.300018 103.899979
v 181.100006 343.300018 103.899979
v 181.100006 343.300018 142.099976
v 190.100006 343.300018 142.099976
v 181.100006 343.300018 103.899979
v 167.699997 343.300018 103.899979
v 158.699997 343.300018 103.899979
v 158.699997 343.300018 142.099976
v 181.100006 343.300018 142.099976
v 158.699997 343.300018 103.899979
v 145.300003 343.300018 103.899979
v 136.300003 343.300018 103.899979
v 136.300003 343.300018 142.099976
v 158.699997 343.300018 142.099976
v 136.300003 343.300018 85.299980
v 135.010223 344.585266 81.999977
v 135.010223 343.300018 81.999977
v 145.300003 344.585266 81.999977
v 135.010223 344.585266 81.999977
v 136.300003 343.300018 85.299980
v 145.300003 343.300018 85.299980
v 167.699997 344.585266 81.999977
v 145.300003 344.585266 81.999977
v 145.300003 343.300018 85.299980
v 167.699997 343.300018 85.299980
v 190.100006 343.300018 85.299980
v 190.100006 344.585266 81.999977
v 167.699997 344.585266 81.999977
v 167.699997 343.300018 85.299980
v 140.400009 325.899994 83.199982
v 140.400009 326.700012 82.399979
v 140.400009 326.700012 81.999977
v 140.400009 323.500000 81.999977
v 140.400009 323.500000 82.399979
v 140.400009 324.300018 83.199982
v 135.361984 303.600006 82.899979
v 136.300003 303.600006 85.299980
v 136.300003 320.899994 85.299980
v 135.010223 320.899994 81.999977
v 135.010223 309.600006 81.999977
v 135.010223 306.000000 81.999977
v 135.010223 304.500000 81.999977
v 136.300003 320.899994 85.299980
v 136.300003 343.300018 85.299980
v 135.010223 343.300018 81.999977
v 135.010223 332.000000 81.999977
v 135.010223 320.899994 81.999977
v 140.400009 323.500000 81.999977
v 135.600006 323.500000 81.999977
v 135.600006 323.500000 82.399979
v 140.400009 323.500000 82.399979
v 135.600006 326.700012 81.999977
v 140.400009 326.700012 81.999977
v 140.400009 326.700012 82.399979
v 135.600006 326.700012 82.399979
v 140.400009 324.300018 83.199982
v 135.600006 324.300018 83.199982
v 135.600006 325.899994 83.199982
v 140.400009 325.899994 83.199982
v 135.600006 323.500000 81.999977
v 135.600006 326.700012 81.999977
v 135.600006 326.700012 82.399979
v 135.600006 325.899994 83.199982
v 135.600006 324.300018 83.199982
v 135.600006 323.500000 82.399979
v 140.400009 323.500000 82.399979
v 135.600006 323.500000 82.399979
v 135.600006 324.300018 83.199982
v 140.400009 324.300018 83.199982
v 135.600006 326.700012 82.399979
v 140.400009 326.700012 82.399979
v 140.400009 325.899994 83.199982
v 135.600006 325.899994 83.199982
v 136.300003 343.300018 103.899979
v 136.300003 326.000000 103.899979
v 136.300003 326.000000 142.099976
v 136.300003 343.300018 142.099976
v 136.300003 326.000000 103.899979
v 136.300003 320.899994 103.899979
v 136.300003 303.600006 103.899979
v 136.300003 303.600006 142.099976
v 136.300003 326.000000 142.099976
v 136.300003 320.899994 85.299980
v 136.300003 303.600006 85.299980
v 136.300003 303.600006 103.899979
v 136.300003 320.899994 103.899979
v 136.300003 343.300018 85.299980
v 136.300003 320.899994 85.299980
v 136.300003 320.899994 103.899979
v 136.300003 326.000000 103.899979
v 136.300003 343.300018 103.899979
v 140.100006 303.600006 82.899979
v 140.100006 304.500000 81.999977
v 140.100006 303.600006 81.999977
v 136.300003 304.500000 81.999977
v 136.300003 303.600006 82.899979
v 136.300003 303.600006 81.999977
v 135.010544 303.600006 81.999977
v 135.361984 303.600006 82.899979
v 135.010223 304.500000 81.999977
v 136.300003 303.600006 142.099976
v 136.300003 286.000000 142.099991
v 136.300003 263.600006 142.099991
v 136.300003 246.400024 142.099991
v 136.300003 224.000015 142.099991
v 158.699997 224.000015 142.099991
v 181.100006 224.000015 142.099991
v 185.800003 224.000015 142.099991
v 190.100006 224.000015 142.099991
v 190.100006 303.600006 142.099976
v 140.400009 242.699997 83.199989
v 140.400009 243.500000 82.399986
v 140.400009 243.500000 81.999985
v 140.400009 240.300003 81.999985
v 140.400009 240.300003 82.399986
v 140.400009 241.100006 83.199989
v 136.300003 263.600006 83.699982
v 136.300003 263.600006 81.999977
v 135.010544 263.600006 81.999977
v 136.300003 263.600006 85.299980
v 136.300003 302.800018 83.699982
v 136.300003 301.200012 85.299980
v 136.300003 303.600006 85.299980
v 136.300003 303.600006 83.699982
v 136.300003 303.600006 82.899979
v 136.300003 263.600006 83.699982
v 136.300003 263.600006 85.299980
v 136.300003 265.200012 85.299980
v 136.300003 303.600006 85.299980
v 136.300003 301.200012 85.299980
v 136.300003 299.600006 86.899979
v 136.300003 283.200012 103.299980
v 136.300003 282.600006 103.899979
v 136.300003 286.000000 103.899979
v 136.300003 303.600006 103.899979
v 136.300003 277.200012 97.299980
v 136.300003 266.800018 86.899979
v 136.300003 265.200012 85.299980
v 136.300003 263.600006 85.299980
v 136.300003 263.600006 103.899979
v 136.300003 282.600006 103.899979
v 136.300003 283.200012 103.299980
v 136.300003 266.800018 86.899979
v 136.300003 277.200012 97.299980
v 136.300003 277.200012 86.899979
v 136.300003 277.200012 97.299980
v 136.300003 283.200012 103.299980
v 136.300003 299.600006 86.899979
v 136.300003 277.200012 86.899979
v 136.300003 303.600006 103.899979
v 136.300003 286.000000 103.899979
v 136.300003 286.000000 142.099991
v 136.300003 303.600006 142.099976
v 136.300003 286.000000 103.899979
v 136.300003 282.600006 103.899979
v 136.300003 263.600006 103.899979
v 136.300003 263.600006 142.099991
v 136.300003 286.000000 142.099991
v 140.100006 266.800018 86.899979
v 136.300003 266.800018 86.899979
v 136.300003 277.200012 86.899979
v 140.100006 277.200012 86.899979
v 136.300003 277.200012 86.899979
v 136.300003 299.600006 86.899979
v 140.100006 299.600006 86.899979
v 140.100006 277.200012 86.899979
v 136.300003 276.000000 83.699982
v 136.300003 268.800018 83.699982
v 140.100006 268.800018 83.699982
v 140.100006 276.000000 83.699982
v 136.300003 298.399994 83.699982
v 136.300003 283.600006 83.699982
v 136.300003 276.000000 83.699982
v 140.100006 276.000000 83.699982
v 140.100006 298.399994 83.699982
v 140.100006 277.200012 86.899979
v 140.100006 299.600006 86.899979
v 140.100006 302.800018 83.699982
v 140.100006 298.399994 83.699982
v 140.100006 276.000000 83.699982
v 140.100006 268.800018 83.699982
v 140.100006 264.399994 83.699982
v 140.100006 263.600006 83.699982
v 140.100006 266.800018 86.899979
v 136.300003 263.600006 83.699982
v 136.300003 265.200012 85.299980
v 136.300003 266.800018 86.899979
v 140.100006 266.800018 86.899979
v 140.100006 263.600006 83.699982
v 140.100006 302.800018 83.699982
v 140.100006 299.600006 86.899979
v 136.300003 299.600006 86.899979
v 136.300003 301.200012 85.299980
v 136.300003 302.800018 83.699982
v 140.100006 263.600006 83.699982
v 140.100006 264.399994 83.699982
v 140.100006 264.399994 81.999977
v 140.100006 263.600006 81.999977
v 140.100006 302.800018 83.699982
v 140.100006 303.600006 82.899979
v 140.100006 303.600006 81.999977
v 140.100006 302.800018 81.999977
v 140.100006 300.100006 81.999977
v 140.100006 298.399994 83.699982
v 140.100006 268.800018 83.699982
v 140.100006 267.100006 81.999977
v 140.100006 264.399994 81.999977
v 140.100006 264.399994 83.699982
v 136.300003 268.800018 83.699982
v 136.300003 267.100006 81.999977
v 140.100006 267.100006 81.999977
v 140.100006 268.800018 83.699982
v 136.300003 302.800018 83.699982
v 136.300003 303.600006 82.899979
v 140.100006 303.600006 82.899979
v 140.100006 302.800018 83.699982
v 140.100006 298.399994 83.699982
v 140.100006 300.100006 81.999977
v 136.300003 300.100006 81.999977
v 136.300003 298.399994 83.699982
v 103.300003 283.600006 83.699982
v 136.300003 283.600006 83.699982
v 136.300003 298.399994 83.699982
v 103.300003 298.399994 83.699982
v 103.300003 268.800018 83.699982
v 136.300003 268.800018 83.699982
v 136.300003 276.000000 83.699982
v 136.300003 283.600006 83.699982
v 103.300003 283.600006 83.699982
v 123.099998 284.399994 82.699982
v 132.199997 284.399994 82.699982
v 132.400009 284.700012 83.599976
v 122.800003 284.700012 83.599976
v 136.300003 298.399994 83.699982
v 136.300003 300.100006 81.999977
v 103.300003 300.100006 81.999977
v 103.300003 299.399994 82.699982
v 103.300003 298.500000 83.599976
v 103.300003 298.399994 83.699982
v 136.300003 267.100006 81.999977
v 136.300003 268.800018 83.699982
v 103.300003 268.800018 83.699982
v 103.300003 268.700012 83.599976
v 103.300003 267.800018 82.699982
v 103.300003 267.100006 81.999977
v 132.199997 284.399994 82.699982
v 123.099998 284.399994 82.699982
v 123.099998 282.800018 82.699982
v 132.199997 282.800018 82.699982
v 132.400009 282.600006 83.599976
v 122.800003 282.600006 83.599976
v 122.800003 284.700012 83.599976
v 132.400009 284.700012 83.599976
v 132.199997 282.800018 82.699982
v 123.099998 282.800018 82.699982
v 122.800003 282.600006 83.599976
v 132.400009 282.600006 83.599976
v 132.199997 284.399994 82.699982
v 132.199997 282.800018 82.699982
v 132.400009 282.600006 83.599976
v 132.400009 284.700012 83.599976
v 123.099998 282.800018 82.699982
v 123.099998 284.399994 82.699982
v 122.800003 284.700012 83.599976
v 122.800003 282.600006 83.599976
v 135.010223 241.199997 81.999985
v 135.010223 224.000000 81.999985
v 136.300003 224.000000 85.299988
v 136.300003 241.199997 85.299988
v 136.300003 263.600006 85.299980
v 135.010544 263.600006 81.999977
v 135.010223 241.199997 81.999985
v 136.300003 241.199997 85.299988
v 135.600006 243.500000 81.999985
v 140.400009 243.500000 81.999985
v 140.400009 243.500000 82.399986
v 135.600006 243.500000 82.399986
v 136.300003 263.600006 81.999977
v 136.300003 263.600006 83.699982
v 136.300003 261.899994 81.999977
v 140.100006 261.899994 81.999977
v 140.100006 263.600006 83.699982
v 140.100006 263.600006 81.999977
v 140.100006 263.600006 83.699982
v 140.100006 261.899994 81.999977
v 136.300003 261.899994 81.999977
v 136.300003 263.600006 83.699982
v 140.400009 240.300003 81.999985
v 135.600006 240.300003 81.999985
v 135.600006 240.300003 82.399986
v 140.400009 240.300003 82.399986
v 140.400009 241.100006 83.199989
v 135.600006 241.100006 83.199989
v 135.600006 242.699997 83.199989
v 140.400009 242.699997 83.199989
v 135.600006 240.300003 81.999985
v 135.600006 243.500000 81.999985
v 135.600006 243.500000 82.399986
v 135.600006 242.699997 83.199989
v 135.600006 241.100006 83.199989
v 135.600006 240.300003 82.399986
v 140.400009 240.300003 82.399986
v 135.600006 240.300003 82.399986
v 135.600006 241.100006 83.199989
v 140.400009 241.100006 83.199989
v 135.600006 243.500000 82.399986
v 140.400009 243.500000 82.399986
v 140.400009 242.699997 83.199989
v 135.600006 242.699997 83.199989
v 136.300003 263.600006 103.899979
v 136.300003 246.400024 103.899986
v 136.300003 246.400024 142.099991
v 136.300003 263.600006 142.099991
v 136.300003 246.400024 103.899986
v 136.300003 241.200012 103.899986
v 136.300003 224.000015 103.899986
v 136.300003 224.000015 142.099991
v 136.300003 246.400024 142.099991
v 136.300003 241.199997 85.299988
v 136.300003 224.000000 85.299988
v 136.300003 224.000015 103.899986
v 136.300003 241.200012 103.899986
v 136.300003 263.600006 85.299980
v 136.300003 241.199997 85.299988
v 136.300003 241.200012 103.899986
v 136.300003 246.400024 103.899986
v 136.300003 263.600006 103.899979
v 70.400002 283.600006 83.699982
v 103.300003 283.600006 83.699982
v 103.300003 298.399994 83.699982
v 70.400002 298.399994 83.699982
v 25.600000 283.600006 83.699982
v 70.400002 283.600006 83.699982
v 70.400002 298.399994 83.699982
v 25.600000 298.399994 83.699982
v -19.200001 283.600006 83.699982
v 25.600000 283.600006 83.699982
v 25.600000 298.399994 83.699982
v -19.200001 298.399994 83.699982
v 70.400002 268.800018 83.699982
v 103.300003 268.800018 83.699982
v 103.300003 283.600006 83.699982
v 70.400002 283.600006 83.699982
v 25.600000 268.800018 83.699982
v 70.400002 268.800018 83.699982
v 70.400002 283.600006 83.699982
v 25.600000 283.600006 83.699982
v -19.200001 268.800018 83.699982
v 25.600000 268.800018 83.699982
v 25.600000 283.600006 83.699982
v -19.200001 283.600006 83.699982
v 45.799999 284.399994 82.699982
v 36.700001 284.399994 82.699982
v 36.700001 282.800018 82.699982
v 45.799999 282.800018 82.699982
v 46.000000 282.600006 83.599976
v 36.400002 282.600006 83.599976
v 36.400002 284.700012 83.599976
v 46.000000 284.700012 83.599976
v 103.300003 268.800018 83.699982
v 70.400002 268.800018 83.699982
v 70.400002 268.700012 83.599976
v 103.300003 268.700012 83.599976
v 70.400002 268.800018 83.699982
v 25.600000 268.800018 83.699982
v 25.600000 268.700012 83.599976
v 70.400002 268.700012 83.599976
v 25.600000 268.800018 83.699982
v -19.200001 268.800018 83.699982
v -19.200001 268.700012 83.599976
v 25.600000 268.700012 83.599976
v 70.400002 298.399994 83.699982
v 103.300003 298.399994 83.699982
v 103.300003 298.500000 83.599976
v 70.400002 298.500000 83.599976
v 25.600000 298.399994 83.699982
v 70.400002 298.399994 83.699982
v 70.400002 298.500000 83.599976
v 25.600000 298.500000 83.599976
v -19.200001 298.500000 83.599976
v -19.200001 298.399994 83.699982
v 25.600000 298.399994 83.699982
v 25.600000 298.500000 83.599976
v 70.400002 267.800018 82.699982
v 103.300003 267.800018 82.699982
v 103.300003 268.700012 83.599976
v 70.400002 268.700012 83.599976
v 25.600000 267.800018 82.699982
v 70.400002 267.800018 82.699982
v 70.400002 268.700012 83.599976
v 25.600000 268.700012 83.599976
v -19.200001 268.700012 83.599976
v -19.200001 267.800018 82.699982
v 25.600000 267.800018 82.699982
v 25.600000 268.700012 83.599976
v 36.700001 284.399994 82.699982
v 45.799999 284.399994 82.699982
v 46.000000 284.700012 83.599976
v 36.400002 284.700012 83.599976
v 70.400002 298.500000 83.599976
v 103.300003 298.500000 83.599976
v 103.300003 299.399994 82.699982
v 70.400002 299.399994 82.699982
v 25.600000 298.500000 83.599976
v 70.400002 298.500000 83.599976
v 70.400002 299.399994 82.699982
v 25.600000 299.399994 82.699982
v -19.200001 299.399994 82.699982
v -19.200001 298.500000 83.599976
v 25.600000 298.500000 83.599976
v 25.600000 299.399994 82.699982
v 45.799999 284.399994 82.699982
v 45.799999 282.800018 82.699982
v 46.000000 282.600006 83.599976
v 46.000000 284.700012 83.599976
v 36.700001 282.800018 82.699982
v 36.700001 284.399994 82.699982
v 36.400002 284.700012 83.599976
v 36.400002 282.600006 83.599976
v 45.799999 282.800018 82.699982
v 36.700001 282.800018 82.699982
v 36.400002 282.600006 83.599976
v 46.000000 282.600006 83.599976
v 103.300003 300.100006 81.999977
v 70.400002 300.100006 81.999977
v 70.400002 299.399994 82.699982
v 103.300003 299.399994 82.699982
v 70.400002 300.100006 81.999977
v 25.600000 300.100006 81.999977
v 25.600000 299.399994 82.699982
v 70.400002 299.399994 82.699982
v 25.600000 300.100006 81.999977
v -19.200001 300.100006 81.999977
v -19.200001 299.399994 82.699982
v 25.600000 299.399994 82.699982
v 70.400002 267.100006 81.999977
v 103.300003 267.100006 81.999977
v 103.300003 267.800018 82.699982
v 70.400002 267.800018 82.699982
v 25.600000 267.100006 81.999977
v 70.400002 267.100006 81.999977
v 70.400002 267.800018 82.699982
v 25.600000 267.800018 82.699982
v -19.200001 267.800018 82.699982
v -19.200001 267.100006 81.999977
v 25.600000 267.100006 81.999977
v 25.600000 267.800018 82.699982
v 136.300003 306.000000 32.499977
v 140.100006 306.000000 32.499977
v 140.100006 306.000000 80.499977
v 136.300003 306.000000 80.499977
v 190.100006 343.300018 28.499973
v 181.300003 343.300018 28.499973
v 181.300003 365.500000 28.499973
v 190.100006 365.500000 28.499973
v 181.300003 343.300018 28.499973
v 167.699997 343.300018 28.499973
v 158.900009 343.300018 28.499973
v 158.900009 365.500000 28.499973
v 167.699997 365.500000 28.499973
v 181.300003 365.500000 28.499973
v 158.900009 343.300018 28.499973
v 147.100006 343.300018 28.499973
v 136.500000 343.300018 28.499973
v 136.500000 365.500000 28.499973
v 145.300003 365.500000 28.499973
v 158.900009 365.500000 28.499973
v 136.500000 343.300018 28.499973
v 114.099998 343.300018 28.499973
v 114.099998 365.500000 28.499973
v 122.900002 365.500000 28.499973
v 136.500000 365.500000 28.499973
v 147.100006 343.300018 28.499973
v 147.100006 330.640015 28.499975
v 136.500000 330.640015 28.499975
v 136.500000 343.300018 28.499973
v 136.500000 330.640015 28.499975
v 114.099998 330.640015 28.499975
v 114.099998 343.100006 28.499973
v 114.099998 343.300018 28.499973
v 136.500000 343.300018 28.499973
v 147.100006 330.640015 28.499975
v 147.100006 320.899994 28.499975
v 147.100006 306.000000 28.499977
v 136.500000 306.000000 28.499977
v 136.500000 330.640015 28.499975
v 136.500000 306.000000 28.499977
v 136.300003 306.000000 28.499977
v 114.099998 306.000000 28.499977
v 114.099998 320.700012 28.499975
v 114.099998 330.640015 28.499975
v 136.500000 330.640015 28.499975
v 125.161003 365.200012 56.799973
v 125.061317 365.300018 56.545197
v 124.848000 365.514008 55.999973
v 145.300003 365.514008 55.999973
v 145.300003 365.200012 56.799973
v 145.300003 365.514008 55.999973
v 147.248001 365.514008 55.999973
v 167.699997 365.514008 55.999973
v 167.699997 365.200012 56.799973
v 145.300003 365.200012 56.799973
v 167.699997 365.514008 55.999973
v 169.647995 365.514008 55.999973
v 190.100006 365.514008 55.999973
v 190.100006 365.200012 56.799973
v 167.699997 365.200012 56.799973
v 124.848000 387.700012 55.999969
v 135.010178 387.700012 81.999969
v 145.300003 387.700012 81.999969
v 145.300003 387.700012 55.999969
v 145.300003 387.700012 81.999969
v 167.699997 387.700012 81.999969
v 167.699997 387.700012 55.999969
v 147.248001 387.700012 55.999969
v 145.300003 387.700012 55.999969
v 167.699997 387.700012 81.999969
v 190.100006 387.700012 81.999969
v 190.100006 387.700012 79.999969
v 190.100006 387.700012 55.999969
v 169.647995 387.700012 55.999969
v 167.699997 387.700012 55.999969
v 169.647995 387.700012 55.999969
v 190.100006 387.700012 55.999969
v 190.100006 365.514008 55.999973
v 169.647995 365.514008 55.999973
v 147.248001 387.700012 55.999969
v 167.699997 387.700012 55.999969
v 169.647995 387.700012 55.999969
v 169.647995 365.514008 55.999973
v 167.699997 365.514008 55.999973
v 147.248001 365.514008 55.999973
v 124.848000 387.700012 55.999969
v 145.300003 387.700012 55.999969
v 147.248001 387.700012 55.999969
v 147.248001 365.514008 55.999973
v 145.300003 365.514008 55.999973
v 124.848000 365.514008 55.999973
v 125.161003 365.200012 56.799973
v 145.300003 365.200012 56.799973
v 145.300003 355.385254 81.999969
v 135.010223 355.385254 81.999969
v 145.300003 365.200012 56.799973
v 167.699997 365.200012 56.799973
v 167.699997 355.385254 81.999969
v 145.300003 355.385254 81.999969
v 167.699997 365.200012 56.799973
v 190.100006 365.200012 56.799973
v 190.100006 357.070526 77.672997
v 190.100006 355.385254 81.999969
v 167.699997 355.385254 81.999969
v 125.061317 365.300018 56.545197
v 125.161003 365.200012 56.799973
v 135.010223 355.385254 81.999969
v 135.010208 365.300018 81.999969
v 124.848000 387.700012 55.999969
v 124.848000 365.514008 55.999973
v 125.061317 365.300018 56.545197
v 135.010208 365.300018 81.999969
v 135.010178 387.700012 81.999969
v 114.099998 320.700012 28.499975
v 114.099998 306.000000 28.499977
v 125.161003 306.000000 56.799976
v 125.161003 309.600006 56.799976
v 125.161003 320.700012 56.799976
v 114.099998 343.100006 28.499973
v 114.099998 330.640015 28.499975
v 114.099998 320.700012 28.499975
v 125.161003 320.700012 56.799976
v 125.161003 332.000000 56.799973
v 125.161003 343.100006 56.799973
v 122.900002 356.668976 51.015118
v 114.099998 365.500000 28.499973
v 114.099998 343.300018 28.499973
v 114.099998 343.100006 28.499973
v 125.161003 343.100006 56.799973
v 125.161003 354.399994 56.799973
v 125.161003 309.600006 56.799976
v 125.161003 306.000000 56.799976
v 135.010223 306.000000 81.999977
v 135.010223 309.600006 81.999977
v 125.161003 332.000000 56.799973
v 125.161003 320.700012 56.799976
v 125.161003 309.600006 56.799976
v 135.010223 309.600006 81.999977
v 135.010223 320.899994 81.999977
v 135.010223 332.000000 81.999977
v 125.161003 354.399994 56.799973
v 125.161003 343.100006 56.799973
v 125.161003 332.000000 56.799973
v 135.010223 332.000000 81.999977
v 135.010223 343.300018 81.999977
v 135.010223 344.585266 81.999977
v 145.300003 354.399994 56.799973
v 125.161003 354.399994 56.799973
v 135.010223 344.585266 81.999977
v 145.300003 344.585266 81.999977
v 167.699997 354.399994 56.799973
v 145.300003 354.399994 56.799973
v 145.300003 344.585266 81.999977
v 167.699997 344.585266 81.999977
v 190.100006 344.585266 81.999977
v 190.100006 347.675140 74.066467
v 190.100006 354.399994 56.799973
v 167.699997 354.399994 56.799973
v 167.699997 344.585266 81.999977
v 122.900002 365.500000 28.499973
v 114.099998 365.500000 28.499973
v 122.900002 356.668976 51.015118
v 145.300003 365.500000 28.499973
v 136.500000 365.500000 28.499973
v 122.900002 365.500000 28.499973
v 122.900002 356.668976 51.015118
v 125.161003 354.399994 56.799973
v 145.300003 354.399994 56.799973
v 167.699997 365.500000 28.499973
v 158.900009 365.500000 28.499973
v 145.300003 365.500000 28.499973
v 145.300003 354.399994 56.799973
v 167.699997 354.399994 56.799973
v 190.100006 365.500000 28.499973
v 181.300003 365.500000 28.499973
v 167.699997 365.500000 28.499973
v 167.699997 354.399994 56.799973
v 190.100006 354.399994 56.799973
v 147.100006 343.300018 23.219976
v 147.100006 343.300018 28.499973
v 158.900009 343.300018 28.499973
v 167.699997 343.300018 28.499973
v 167.699997 343.300018 23.219976
v 167.699997 343.300018 -28.300028
v 147.100006 343.300018 -28.300028
v 147.100006 343.300018 23.219976
v 167.699997 343.300018 23.219976
v 167.699997 343.300018 23.219976
v 167.699997 343.300018 28.499973
v 181.300003 343.300018 28.499973
v 190.100006 343.300018 28.499973
v 190.100006 343.300018 23.219976
v 190.100006 343.300018 -28.300028
v 167.699997 343.300018 -28.300028
v 167.699997 343.300018 23.219976
v 190.100006 343.300018 23.219976
v 147.100006 306.000000 23.219980
v 147.100006 306.000000 28.499977
v 147.100006 320.899994 28.499975
v 147.100006 320.899994 23.219978
v 147.100006 320.899994 -28.300026
v 147.100006 306.000000 -28.300024
v 147.100006 306.000000 23.219980
v 147.100006 320.899994 23.219978
v 147.100006 320.899994 23.219978
v 147.100006 320.899994 28.499975
v 147.100006 330.640015 28.499975
v 147.100006 343.300018 28.499973
v 147.100006 343.300018 23.219976
v 147.100006 343.300018 -28.300028
v 147.100006 320.899994 -28.300026
v 147.100006 320.899994 23.219978
v 147.100006 343.300018 23.219976
v 147.100006 306.000000 -28.300024
v 147.100006 320.899994 -28.300026
v 147.100006 343.300018 -28.300028
v 167.699997 343.300018 -28.300028
v 190.100006 343.300018 -28.300028
v 190.100006 306.000000 -28.300024
v 147.100006 302.200012 28.499977
v 147.100006 289.040009 28.499979
v 140.100006 289.040009 28.499979
v 140.100006 302.200012 28.499977
v 147.100006 289.040009 28.499979
v 147.100006 283.600006 28.499979
v 147.100006 264.399994 28.499981
v 140.100006 264.399994 28.499981
v 140.100006 289.040009 28.499979
v 140.100006 264.399994 28.499981
v 147.100006 264.399994 28.499981
v 147.100006 261.200012 28.499981
v 147.100006 248.639999 28.499981
v 136.300003 248.639999 28.499981
v 136.300003 252.100006 28.499981
v 136.300003 252.500000 28.499981
v 136.300003 258.899994 28.499981
v 136.300003 263.600006 28.499981
v 136.300003 264.399994 28.499981
v 147.100006 248.639999 28.499981
v 147.100006 238.800003 28.499983
v 147.100006 224.000000 28.499983
v 136.500000 224.000000 28.499983
v 136.300003 224.000000 28.499983
v 136.300003 248.639999 28.499981
v 136.500000 306.000000 28.499977
v 147.100006 306.000000 28.499977
v 147.100006 302.200012 28.499977
v 140.100006 302.200012 28.499977
v 136.300003 302.200012 28.499977
v 136.300003 302.800018 28.499977
v 136.300003 303.600006 28.499977
v 136.300003 306.000000 28.499977
v 118.800003 252.100006 28.499981
v 125.200005 252.100006 28.499981
v 136.300003 252.100006 28.499981
v 136.300003 248.639999 28.499981
v 114.099998 248.639999 28.499981
v 114.099998 252.100006 28.499981
v 136.300003 248.639999 28.499981
v 136.300003 224.000000 28.499983
v 114.099998 224.000000 28.499983
v 114.099998 241.199997 28.499981
v 114.099998 248.639999 28.499981
v 125.599998 258.500000 28.499981
v 125.200005 258.500000 28.499981
v 118.800003 258.500000 28.499981
v 114.099998 258.500000 28.499981
v 114.099998 258.899994 28.499981
v 125.599998 258.899994 28.499981
v 132.000000 258.899994 28.499981
v 136.300003 258.899994 28.499981
v 136.300003 252.500000 28.499981
v 132.000000 252.500000 28.499981
v 114.099998 263.600006 28.499981
v 136.300003 263.600006 28.499981
v 136.300003 258.899994 28.499981
v 132.000000 258.899994 28.499981
v 125.599998 258.899994 28.499981
v 114.099998 258.899994 28.499981
v 125.599998 252.500000 28.499981
v 125.200005 252.500000 28.499981
v 125.200005 258.500000 28.499981
v 125.599998 258.500000 28.499981
v 125.599998 252.500000 28.499981
v 132.000000 252.500000 28.499981
v 136.300003 252.500000 28.499981
v 136.300003 252.100006 28.499981
v 125.200005 252.100006 28.499981
v 125.200005 252.500000 28.499981
v 118.800003 252.100006 28.499981
v 114.099998 252.100006 28.499981
v 114.099998 258.500000 28.499981
v 118.800003 258.500000 28.499981
v 136.300003 306.000000 28.499977
v 136.300003 303.600006 28.499977
v 114.099998 303.600006 28.499977
v 114.099998 306.000000 28.499977
v 136.300003 302.800018 33.699978
v 136.300003 302.800018 79.299980
v 140.100006 302.800018 79.299980
v 140.100006 302.800018 33.699978
v 136.300003 302.800018 79.299980
v 136.300003 302.800018 33.699978
v 103.300003 302.800018 33.699978
v 103.300003 302.800018 44.099979
v 103.300003 302.800018 79.299980
v 140.100006 303.600006 81.999977
v 140.100006 304.500000 81.999977
v 140.100006 306.000000 80.499977
v 140.100006 306.000000 32.499977
v 140.100006 302.800018 29.299978
v 140.100006 302.800018 33.699978
v 140.100006 302.800018 79.299980
v 140.100006 302.800018 81.999977
v 136.300003 303.600006 30.099977
v 136.300003 306.000000 32.499977
v 136.300003 306.000000 80.499977
v 136.300003 304.500000 81.999977
v 136.300003 303.600006 81.999977
v 136.300003 303.600006 30.099977
v 136.300003 303.600006 28.499977
v 136.300003 302.800018 28.499977
v 136.300003 302.800018 29.299978
v 140.100006 302.800018 29.299978
v 140.100006 306.000000 32.499977
v 136.300003 306.000000 32.499977
v 136.300003 303.600006 30.099977
v 136.300003 302.800018 29.299978
v 136.300003 304.500000 81.999977
v 136.300003 306.000000 80.499977
v 140.100006 306.000000 80.499977
v 140.100006 304.500000 81.999977
v 114.099998 303.600006 28.499977
v 136.300003 303.600006 28.499977
v 136.300003 303.600006 30.099977
v 136.300003 303.600006 81.999977
v 135.010544 303.600006 81.999977
v 114.099998 306.000000 28.499977
v 114.099998 303.600006 28.499977
v 135.010544 303.600006 81.999977
v 135.010223 304.500000 81.999977
v 135.010223 306.000000 81.999977
v 136.300003 302.800018 29.299978
v 136.300003 302.200012 28.499977
v 140.100006 302.200012 28.499977
v 140.100006 302.800018 29.299978
v 136.300003 302.800018 29.299978
v 136.300003 302.800018 28.499977
v 136.300003 302.200012 28.499977
v 136.300003 300.100006 81.999977
v 136.300003 302.800018 79.299980
v 103.300003 302.800018 79.299980
v 103.300003 300.100006 81.999977
v 140.100006 300.100006 81.999977
v 140.100006 302.800018 79.299980
v 136.300003 302.800018 79.299980
v 136.300003 300.100006 81.999977
v 136.300003 263.600006 81.999977
v 136.300003 263.600006 29.299982
v 136.300003 263.600006 28.499981
v 114.099998 263.600006 28.499981
v 135.010544 263.600006 81.999977
v 136.300003 268.800018 29.299980
v 136.300003 279.399994 29.299980
v 136.300003 287.800018 29.299980
v 136.300003 298.399994 29.299978
v 140.100006 298.399994 29.299978
v 140.100006 268.800018 29.299980
v 136.300003 298.399994 29.299978
v 136.300003 287.800018 29.299980
v 125.700005 287.800018 29.299980
v 103.300003 287.800018 29.299980
v 103.300003 298.399994 29.299978
v 125.700005 279.399994 29.299980
v 136.300003 279.399994 29.299980
v 136.300003 268.800018 29.299980
v 103.300003 268.800018 29.299980
v 103.300003 279.399994 29.299980
v 136.300003 279.399994 42.499977
v 136.300003 279.399994 29.299980
v 125.700005 279.399994 29.299980
v 125.700005 279.399994 42.499977
v 125.700005 279.399994 29.299980
v 103.300003 279.399994 29.299980
v 103.300003 279.399994 42.499977
v 125.700005 279.399994 42.499977
v 170.500000 284.800018 44.099979
v 190.100006 284.800018 44.099979
v 190.100006 282.399994 44.099979
v 170.500000 282.399994 44.099979
v 103.300003 284.800018 44.099979
v 125.700005 284.800018 44.099979
v 148.100006 284.800018 44.099979
v 170.500000 284.800018 44.099979
v 170.500000 282.399994 44.099979
v 148.100006 282.399994 44.099979
v 125.700005 282.399994 44.099979
v 103.300003 282.399994 44.099979
v 125.700005 287.800018 29.299980
v 136.300003 287.800018 29.299980
v 136.300003 287.800018 42.499977
v 125.700005 287.800018 42.499977
v 103.300003 287.800018 29.299980
v 125.700005 287.800018 29.299980
v 125.700005 287.800018 42.499977
v 103.300003 287.800018 42.499977
v 140.100006 298.399994 29.299978
v 140.100006 302.800018 33.699978
v 140.100006 302.800018 29.299978
v 140.100006 302.800018 33.699978
v 140.100006 298.399994 29.299978
v 136.300003 298.399994 29.299978
v 136.300003 302.800018 33.699978
v 136.300003 302.800018 33.699978
v 136.300003 298.399994 29.299978
v 103.300003 298.399994 29.299978
v 103.300003 302.800018 33.699978
v 103.300003 287.800018 42.499977
v 125.700005 287.800018 42.499977
v 136.300003 287.800018 42.499977
v 136.300003 284.800018 42.499977
v 125.700005 284.800018 42.499977
v 103.300003 284.800018 42.499977
v 103.300003 282.399994 42.499977
v 125.700005 282.399994 42.499977
v 136.300003 282.399994 42.499977
v 136.300003 279.399994 42.499977
v 125.700005 279.399994 42.499977
v 103.300003 279.399994 42.499977
v 136.300003 282.399994 42.499977
v 148.100006 282.399994 42.499977
v 170.500000 282.399994 42.499977
v 190.100006 282.399994 42.499977
v 190.100006 284.800018 42.499977
v 170.500000 284.800018 42.499977
v 148.100006 284.800018 42.499977
v 136.300003 284.800018 42.499977
v 170.500000 284.800018 42.499977
v 190.100006 284.800018 42.499977
v 190.100006 284.800018 44.099979
v 170.500000 284.800018 44.099979
v 148.100006 284.800018 42.499977
v 170.500000 284.800018 42.499977
v 170.500000 284.800018 44.099979
v 148.100006 284.800018 44.099979
v 125.700005 284.800018 42.499977
v 136.300003 284.800018 42.499977
v 148.100006 284.800018 42.499977
v 148.100006 284.800018 44.099979
v 125.700005 284.800018 44.099979
v 103.300003 284.800018 42.499977
v 125.700005 284.800018 42.499977
v 125.700005 284.800018 44.099979
v 103.300003 284.800018 44.099979
v 190.100006 282.399994 42.499977
v 170.500000 282.399994 42.499977
v 170.500000 282.399994 44.099979
v 190.100006 282.399994 44.099979
v 170.500000 282.399994 42.499977
v 148.100006 282.399994 42.499977
v 148.100006 282.399994 44.099979
v 170.500000 282.399994 44.099979
v 148.100006 282.399994 42.499977
v 136.300003 282.399994 42.499977
v 125.700005 282.399994 42.499977
v 125.700005 282.399994 44.099979
v 148.100006 282.399994 44.099979
v 125.700005 282.399994 42.499977
v 103.300003 282.399994 42.499977
v 103.300003 282.399994 44.099979
v 125.700005 282.399994 44.099979
v 136.300003 279.399994 29.299980
v 136.300003 279.399994 42.499977
v 136.300003 282.399994 42.499977
v 136.300003 284.800018 42.499977
v 136.300003 287.800018 42.499977
v 136.300003 287.800018 29.299980
v 140.100006 267.100006 81.999977
v 140.100006 264.399994 79.299980
v 140.100006 264.399994 81.999977
v 140.100006 264.399994 33.699982
v 140.100006 268.800018 29.299980
v 140.100006 264.399994 29.299982
v 140.100006 264.399994 79.299980
v 140.100006 264.399994 33.699982
v 140.100006 264.399994 29.299982
v 140.100006 263.600006 29.299982
v 140.100006 263.600006 81.999977
v 140.100006 264.399994 81.999977
v 140.100006 264.399994 33.699982
v 140.100006 264.399994 79.299980
v 136.300003 264.399994 79.299980
v 136.300003 264.399994 33.699982
v 103.300003 264.399994 44.099983
v 103.300003 264.399994 33.699982
v 136.300003 264.399994 33.699982
v 136.300003 264.399994 79.299980
v 103.300003 264.399994 79.299980
v 103.300003 268.800018 29.299980
v 136.300003 268.800018 29.299980
v 136.300003 264.399994 33.699982
v 103.300003 264.399994 33.699982
v 136.300003 264.399994 33.699982
v 136.300003 268.800018 29.299980
v 140.100006 268.800018 29.299980
v 140.100006 264.399994 33.699982
v 136.300003 267.100006 81.999977
v 136.300003 264.399994 79.299980
v 140.100006 264.399994 79.299980
v 140.100006 267.100006 81.999977
v 103.300003 264.399994 79.299980
v 136.300003 264.399994 79.299980
v 136.300003 267.100006 81.999977
v 103.300003 267.100006 81.999977
v 140.100006 264.399994 29.299982
v 140.100006 268.800018 29.299980
v 140.100006 298.399994 29.299978
v 140.100006 302.800018 29.299978
v 140.100006 302.200012 28.499977
v 140.100006 289.040009 28.499979
v 140.100006 264.399994 28.499981
v 140.100006 263.600006 29.299982
v 136.300003 264.399994 28.499981
v 136.300003 263.600006 28.499981
v 136.300003 263.600006 29.299982
v 140.100006 263.600006 29.299982
v 140.100006 264.399994 28.499981
v 136.300003 264.399994 28.499981
v 136.300003 263.600006 29.299982
v 140.100006 263.600006 29.299982
v 140.100006 261.200012 31.699982
v 140.100006 261.200012 81.299980
v 140.100006 261.899994 81.999977
v 140.100006 263.600006 81.999977
v 114.099998 241.199997 28.499981
v 114.099998 224.000000 28.499983
v 134.236343 224.000000 80.019989
v 135.010223 224.000000 81.999985
v 135.010223 241.199997 81.999985
v 135.010544 263.600006 81.999977
v 114.099998 263.600006 28.499981
v 114.099998 258.899994 28.499981
v 114.099998 258.500000 28.499981
v 114.099998 252.100006 28.499981
v 114.099998 248.639999 28.499981
v 114.099998 241.199997 28.499981
v 135.010223 241.199997 81.999985
v 125.200005 252.100006 34.899982
v 125.200005 252.100006 28.499981
v 118.800003 252.100006 28.499981
v 118.800003 252.100006 34.899982
v 132.000000 253.199997 34.899982
v 132.000000 258.899994 34.899982
v 132.000000 258.899994 28.499981
v 132.000000 252.500000 28.499981
v 132.000000 252.500000 34.899982
v 140.100006 261.200012 31.699982
v 136.300003 261.200012 31.699982
v 136.300003 261.200012 81.299980
v 140.100006 261.200012 81.299980
v 136.300003 261.200012 31.699982
v 136.300003 263.600006 29.299982
v 136.300003 263.600006 81.999977
v 136.300003 261.899994 81.999977
v 136.300003 261.200012 81.299980
v 140.100006 261.899994 81.999977
v 140.100006 261.200012 81.299980
v 136.300003 261.200012 81.299980
v 136.300003 261.899994 81.999977
v 136.300003 263.600006 29.299982
v 136.300003 261.200012 31.699982
v 140.100006 261.200012 31.699982
v 140.100006 263.600006 29.299982
v 127.200005 253.199997 41.299980
v 120.800003 253.199997 41.299980
v 120.800003 259.600006 41.299980
v 127.200005 259.600006 41.299980
v 118.800003 253.199997 34.899982
v 118.800003 252.100006 34.899982
v 118.800003 252.100006 28.499981
v 118.800003 258.500000 28.499981
v 118.800003 258.500000 34.899982
v 120.800003 258.899994 34.899982
v 120.800003 258.500000 34.899982
v 125.200005 258.500000 34.899982
v 125.599998 258.500000 34.899982
v 125.599998 258.899994 34.899982
v 127.200005 259.600006 34.899982
v 120.800003 259.600006 34.899982
v 120.800003 258.899994 34.899982
v 125.599998 258.899994 34.899982
v 127.200005 258.899994 34.899982
v 125.200005 253.199997 34.899982
v 125.599998 253.199997 34.899982
v 125.599998 258.500000 34.899982
v 125.200005 258.500000 34.899982
v 118.800003 253.199997 34.899982
v 118.800003 258.500000 34.899982
v 120.800003 258.500000 34.899982
v 120.800003 253.199997 34.899982
v 125.200005 252.100006 34.899982
v 118.800003 252.100006 34.899982
v 118.800003 253.199997 34.899982
v 120.800003 253.199997 34.899982
v 125.200005 253.199997 34.899982
v 127.200005 258.899994 34.899982
v 132.000000 258.899994 34.899982
v 132.000000 253.199997 34.899982
v 127.200005 253.199997 34.899982
v 132.000000 252.500000 34.899982
v 125.599998 252.500000 34.899982
v 125.599998 253.199997 34.899982
v 127.200005 253.199997 34.899982
v 132.000000 253.199997 34.899982
v 127.200005 259.600006 41.299980
v 127.200005 259.600006 34.899982
v 127.200005 258.899994 34.899982
v 127.200005 253.199997 34.899982
v 127.200005 253.199997 41.299980
v 120.800003 259.600006 41.299980
v 120.800003 259.600006 34.899982
v 127.200005 259.600006 34.899982
v 127.200005 259.600006 41.299980
v 120.800003 253.199997 41.299980
v 120.800003 253.199997 34.899982
v 120.800003 258.500000 34.899982
v 120.800003 258.899994 34.899982
v 120.800003 259.600006 34.899982
v 120.800003 259.600006 41.299980
v 127.200005 253.199997 41.299980
v 127.200005 253.199997 34.899982
v 125.599998 253.199997 34.899982
v 125.200005 253.199997 34.899982
v 120.800003 253.199997 34.899982
v 120.800003 253.199997 41.299980
v 125.200005 253.199997 34.899982
v 125.200005 258.500000 34.899982
v 125.200005 258.500000 28.499981
v 125.200005 252.500000 28.499981
v 125.200005 252.100006 28.499981
v 125.200005 252.100006 34.899982
v 127.200005 258.899994 34.899982
v 125.599998 258.899994 34.899982
v 125.599998 258.899994 28.499981
v 132.000000 258.899994 28.499981
v 132.000000 258.899994 34.899982
v 125.599998 258.500000 34.899982
v 125.599998 253.199997 34.899982
v 125.599998 252.500000 34.899982
v 125.599998 252.500000 28.499981
v 125.599998 258.500000 28.499981
v 125.599998 258.899994 28.499981
v 125.599998 258.899994 34.899982
v 132.000000 252.500000 34.899982
v 132.000000 252.500000 28.499981
v 125.599998 252.500000 28.499981
v 125.599998 252.500000 34.899982
v 120.800003 258.500000 34.899982
v 118.800003 258.500000 34.899982
v 118.800003 258.500000 28.499981
v 125.200005 258.500000 28.499981
v 125.200005 258.500000 34.899982
v 140.100006 302.800018 81.999977
v 140.100006 302.800018 79.299980
v 140.100006 300.100006 81.999977
v 147.100006 224.000000 23.219986
v 147.100006 224.000000 28.499983
v 147.100006 238.800003 28.499983
v 147.100006 238.800003 23.219986
v 147.100006 238.800003 -28.300018
v 147.100006 224.000000 -28.300018
v 147.100006 224.000000 23.219986
v 147.100006 238.800003 23.219986
v 147.100006 238.800003 23.219986
v 147.100006 238.800003 28.499983
v 147.100006 248.639999 28.499981
v 147.100006 261.200012 28.499981
v 147.100006 261.200012 23.219984
v 147.100006 261.200012 -28.300020
v 147.100006 238.800003 -28.300018
v 147.100006 238.800003 23.219986
v 147.100006 261.200012 23.219984
v 147.100006 261.200012 23.219984
v 147.100006 261.200012 28.499981
v 147.100006 264.399994 28.499981
v 147.100006 283.600006 28.499979
v 147.100006 283.600006 23.219982
v 147.100006 283.600006 -28.300022
v 147.100006 261.200012 -28.300020
v 147.100006 261.200012 23.219984
v 147.100006 283.600006 23.219982
v 147.100006 283.600006 23.219982
v 147.100006 283.600006 28.499979
v 147.100006 289.040009 28.499979
v 147.100006 302.200012 28.499977
v 147.100006 306.000000 28.499977
v 147.100006 306.000000 23.219980
v 147.100006 306.000000 -28.300024
v 147.100006 283.600006 -28.300022
v 147.100006 283.600006 23.219982
v 147.100006 306.000000 23.219980
v 190.100006 294.399994 -28.300024
v 190.100006 224.000000 -28.300018
v 167.699997 224.000000 -28.300018
v 147.100006 224.000000 -28.300018
v 147.100006 238.800003 -28.300018
v 147.100006 261.200012 -28.300020
v 147.100006 283.600006 -28.300022
v 147.100006 306.000000 -28.300024
v 190.100006 306.000000 -28.300024
v 48.000000 284.800018 44.099979
v 70.400002 284.800018 44.099979
v 92.800003 284.800018 44.099979
v 103.300003 284.800018 44.099979
v 103.300003 282.399994 44.099979
v 92.800003 282.399994 44.099979
v 70.400002 282.399994 44.099979
v 48.000000 282.399994 44.099979
v -19.200001 284.800018 44.099979
v 3.200000 284.800018 44.099979
v 25.600000 284.800018 44.099979
v 48.000000 284.800018 44.099979
v 48.000000 282.399994 44.099979
v 25.600000 282.399994 44.099979
v 3.200000 282.399994 44.099979
v -19.200001 282.399994 44.099979
v 48.000000 302.800018 79.299980
v 70.400002 302.800018 79.299980
v 103.300003 302.800018 79.299980
v 103.300003 302.800018 44.099979
v 48.000000 302.800018 44.099979
v -19.200001 302.800018 44.099979
v -19.200001 302.800018 73.999977
v -19.200001 302.800018 79.299980
v 25.600000 302.800018 79.299980
v 48.000000 302.800018 79.299980
v 48.000000 302.800018 44.099979
v 103.300003 264.399994 44.099983
v 103.300003 264.399994 79.299980
v 70.400002 264.399994 79.299980
v 70.400002 264.399994 44.099983
v 70.400002 264.399994 79.299980
v 25.600000 264.399994 79.299980
v 25.600000 264.399994 44.099983
v 70.400002 264.399994 44.099983
v 25.600000 264.399994 79.299980
v -19.200001 264.399994 79.299980
v -19.200001 264.399994 73.999977
v -19.200001 264.399994 44.099983
v 25.600000 264.399994 44.099983
v 70.400002 264.399994 79.299980
v 103.300003 264.399994 79.299980
v 103.300003 267.100006 81.999977
v 70.400002 267.100006 81.999977
v 25.600000 264.399994 79.299980
v 70.400002 264.399994 79.299980
v 70.400002 267.100006 81.999977
v 25.600000 267.100006 81.999977
v -19.200001 264.399994 79.299980
v 25.600000 264.399994 79.299980
v 25.600000 267.100006 81.999977
v -19.200001 267.100006 81.999977
v 103.300003 302.800018 79.299980
v 70.400002 302.800018 79.299980
v 70.400002 300.100006 81.999977
v 103.300003 300.100006 81.999977
v 70.400002 302.800018 79.299980
v 48.000000 302.800018 79.299980
v 25.600000 302.800018 79.299980
v 25.600000 300.100006 81.999977
v 70.400002 300.100006 81.999977
v 25.600000 302.800018 79.299980
v -19.200001 302.800018 79.299980
v -19.200001 300.100006 81.999977
v 25.600000 300.100006 81.999977
v 103.300003 282.399994 42.499977
v 92.800003 282.399994 42.499977
v 92.800003 282.399994 44.099979
v 103.300003 282.399994 44.099979
v 92.800003 282.399994 42.499977
v 70.400002 282.399994 42.499977
v 70.400002 282.399994 44.099979
v 92.800003 282.399994 44.099979
v 70.400002 282.399994 42.499977
v 48.000000 282.399994 42.499977
v 48.000000 282.399994 44.099979
v 70.400002 282.399994 44.099979
v 48.000000 282.399994 42.499977
v 25.600000 282.399994 42.499977
v 25.600000 282.399994 44.099979
v 48.000000 282.399994 44.099979
v 25.600000 282.399994 42.499977
v 3.200000 282.399994 42.499977
v 3.200000 282.399994 44.099979
v 25.600000 282.399994 44.099979
v 3.200000 282.399994 42.499977
v -19.200001 282.399994 42.499977
v -19.200001 282.399994 44.099979
v 3.200000 282.399994 44.099979
v 92.800003 287.800018 29.299980
v 103.300003 287.800018 29.299980
v 103.300003 287.800018 42.499977
v 92.800003 287.800018 42.499977
v 70.400002 287.800018 29.299980
v 92.800003 287.800018 29.299980
v 92.800003 287.800018 42.499977
v 70.400002 287.800018 42.499977
v 48.000000 287.800018 29.299980
v 70.400002 287.800018 29.299980
v 70.400002 287.800018 42.499977
v 48.000000 287.800018 42.499977
v 25.600000 287.800018 29.299980
v 48.000000 287.800018 29.299980
v 48.000000 287.800018 42.499977
v 25.600000 287.800018 42.499977
v 3.200000 287.800018 29.299980
v 13.700000 287.800018 29.299980
v 25.600000 287.800018 29.299980
v 25.600000 287.800018 42.499977
v 3.200000 287.800018 42.499977
v -19.200001 287.800018 29.299980
v 3.200000 287.800018 29.299980
v 3.200000 287.800018 42.499977
v -19.200001 287.800018 42.499977
v 103.300003 302.800018 33.699978
v 58.500000 302.800018 33.699978
v 48.000000 302.800018 33.699978
v 48.000000 302.800018 44.099979
v 103.300003 302.800018 44.099979
v 48.000000 302.800018 33.699978
v 13.700000 302.800018 33.699978
v -19.200001 302.800018 33.699978
v -19.200001 302.800018 44.099979
v 48.000000 302.800018 44.099979
v 13.700000 287.800018 29.299980
v 3.200000 287.800018 29.299980
v -19.200001 287.800018 29.299980
v -19.200001 298.399994 29.299978
v 13.700000 298.399994 29.299978
v 103.300003 287.800018 29.299980
v 92.800003 287.800018 29.299980
v 70.400002 287.800018 29.299980
v 48.000000 287.800018 29.299980
v 25.600000 287.800018 29.299980
v 13.700000 287.800018 29.299980
v 13.700000 298.399994 29.299978
v 58.500000 298.399994 29.299978
v 103.300003 298.399994 29.299978
v 13.700000 298.399994 29.299978
v -19.200001 298.399994 29.299978
v -19.200001 302.800018 33.699978
v 13.700000 302.800018 33.699978
v 58.500000 298.399994 29.299978
v 13.700000 298.399994 29.299978
v 13.700000 302.800018 33.699978
v 48.000000 302.800018 33.699978
v 58.500000 302.800018 33.699978
v 103.300003 298.399994 29.299978
v 58.500000 298.399994 29.299978
v 58.500000 302.800018 33.699978
v 103.300003 302.800018 33.699978
v 70.400002 287.800018 42.499977
v 92.800003 287.800018 42.499977
v 103.300003 287.800018 42.499977
v 103.300003 284.800018 42.499977
v 92.800003 284.800018 42.499977
v 70.400002 284.800018 42.499977
v 25.600000 287.800018 42.499977
v 48.000000 287.800018 42.499977
v 70.400002 287.800018 42.499977
v 70.400002 284.800018 42.499977
v 48.000000 284.800018 42.499977
v 25.600000 284.800018 42.499977
v -19.200001 287.800018 42.499977
v 3.200000 287.800018 42.499977
v 25.600000 287.800018 42.499977
v 25.600000 284.800018 42.499977
v 3.200000 284.800018 42.499977
v -19.200001 284.800018 42.499977
v 92.800003 284.800018 42.499977
v 103.300003 284.800018 42.499977
v 103.300003 284.800018 44.099979
v 92.800003 284.800018 44.099979
v 70.400002 284.800018 42.499977
v 92.800003 284.800018 42.499977
v 92.800003 284.800018 44.099979
v 70.400002 284.800018 44.099979
v 48.000000 284.800018 42.499977
v 70.400002 284.800018 42.499977
v 70.400002 284.800018 44.099979
v 48.000000 284.800018 44.099979
v 25.600000 284.800018 42.499977
v 48.000000 284.800018 42.499977
v 48.000000 284.800018 44.099979
v 25.600000 284.800018 44.099979
v 3.200000 284.800018 42.499977
v 25.600000 284.800018 42.499977
v 25.600000 284.800018 44.099979
v 3.200000 284.800018 44.099979
v -19.200001 284.800018 42.499977
v 3.200000 284.800018 42.499977
v 3.200000 284.800018 44.099979
v -19.200001 284.800018 44.099979
v 103.300003 279.399994 29.299980
v 92.800003 279.399994 29.299980
v 92.800003 279.399994 42.499977
v 103.300003 279.399994 42.499977
v 92.800003 279.399994 29.299980
v 70.400002 279.399994 29.299980
v 70.400002 279.399994 42.499977
v 92.800003 279.399994 42.499977
v 70.400002 279.399994 29.299980
v 48.000000 279.399994 29.299980
v 48.000000 279.399994 42.499977
v 70.400002 279.399994 42.499977
v 48.000000 279.399994 29.299980
v 25.600000 279.399994 29.299980
v 25.600000 279.399994 42.499977
v 48.000000 279.399994 42.499977
v 25.600000 279.399994 29.299980
v 13.700000 279.399994 29.299980
v 3.200000 279.399994 29.299980
v 3.200000 279.399994 42.499977
v 25.600000 279.399994 42.499977
v 3.200000 279.399994 29.299980
v -19.200001 279.399994 29.299980
v -19.200001 279.399994 42.499977
v 3.200000 279.399994 42.499977
v 70.400002 282.399994 42.499977
v 92.800003 282.399994 42.499977
v 103.300003 282.399994 42.499977
v 103.300003 279.399994 42.499977
v 92.800003 279.399994 42.499977
v 70.400002 279.399994 42.499977
v 25.600000 282.399994 42.499977
v 48.000000 282.399994 42.499977
v 70.400002 282.399994 42.499977
v 70.400002 279.399994 42.499977
v 48.000000 279.399994 42.499977
v 25.600000 279.399994 42.499977
v -19.200001 282.399994 42.499977
v 3.200000 282.399994 42.499977
v 25.600000 282.399994 42.499977
v 25.600000 279.399994 42.499977
v 3.200000 279.399994 42.499977
v -19.200001 279.399994 42.499977
v 70.400002 264.399994 33.699982
v 103.300003 264.399994 33.699982
v 103.300003 264.399994 44.099983
v 70.400002 264.399994 44.099983
v 25.600000 264.399994 33.699982
v 58.500000 264.399994 33.699982
v 70.400002 264.399994 33.699982
v 70.400002 264.399994 44.099983
v 25.600000 264.399994 44.099983
v -19.200001 264.399994 33.699982
v 13.700000 264.399994 33.699982
v 25.600000 264.399994 33.699982
v 25.600000 264.399994 44.099983
v -19.200001 264.399994 44.099983
v 13.700000 268.800018 29.299980
v -19.200001 268.800018 29.299980
v -19.200001 279.399994 29.299980
v 3.200000 279.399994 29.299980
v 13.700000 279.399994 29.299980
v 103.300003 268.800018 29.299980
v 58.500000 268.800018 29.299980
v 13.700000 268.800018 29.299980
v 13.700000 279.399994 29.299980
v 25.600000 279.399994 29.299980
v 48.000000 279.399994 29.299980
v 70.400002 279.399994 29.299980
v 92.800003 279.399994 29.299980
v 103.300003 279.399994 29.299980
v -19.200001 268.800018 29.299980
v 13.700000 268.800018 29.299980
v 13.700000 264.399994 33.699982
v -19.200001 264.399994 33.699982
v 13.700000 268.800018 29.299980
v 58.500000 268.800018 29.299980
v 58.500000 264.399994 33.699982
v 25.600000 264.399994 33.699982
v 13.700000 264.399994 33.699982
v 58.500000 268.800018 29.299980
v 103.300003 268.800018 29.299980
v 103.300003 264.399994 33.699982
v 70.400002 264.399994 33.699982
v 58.500000 264.399994 33.699982
v 185.800003 224.000015 142.099991
v 190.100006 213.000015 142.099991
v 190.100006 224.000015 142.099991
v 185.800003 224.000015 103.899986
v 185.800003 224.000000 85.299988
v 190.100006 213.000000 85.299988
v 190.100006 213.000015 103.899986
v 185.800003 224.000015 142.099991
v 185.800003 224.000015 103.899986
v 190.100006 213.000015 103.899986
v 190.100006 213.000015 142.099991
v 190.100006 222.400009 28.499983
v 185.800003 222.400009 28.499983
v 169.500000 222.400009 28.499983
v 169.500000 224.000000 28.499983
v 190.100006 224.000000 28.499983
v 169.500000 222.400009 28.499983
v 147.100006 222.400009 28.499983
v 147.100006 224.000000 28.499983
v 167.699997 224.000000 28.499983
v 169.500000 224.000000 28.499983
v 169.500000 222.400009 28.499983
v 185.800003 222.400009 28.499983
v 185.800003 215.439987 28.499983
v 185.800003 201.800003 28.499985
v 169.500000 201.800003 28.499985
v 163.400009 201.800003 28.499985
v 147.100006 201.800003 28.499985
v 147.100006 222.400009 28.499983
v 169.500000 222.400009 28.499983
v 169.500000 201.800003 28.499985
v 185.800003 215.439987 28.499983
v 185.800003 222.400009 28.499983
v 190.100006 222.400009 28.499983
v 190.100006 218.080002 28.499983
v 190.100006 215.439987 28.499983
v 190.100006 193.440002 28.499985
v 190.100006 190.800003 28.499985
v 185.878189 201.600006 28.499985
v 185.800003 201.800003 28.499985
v 185.800003 215.439987 28.499983
v 190.100006 215.439987 28.499983
v 147.100006 224.000000 28.499983
v 147.100006 222.400009 28.499983
v 147.100006 201.800003 28.499985
v 141.000000 201.800003 28.499985
v 136.500000 201.800003 28.499985
v 136.500000 224.000000 28.499983
v 136.500000 201.800003 28.499985
v 118.599998 201.800003 28.499985
v 114.099998 201.800003 28.499985
v 114.099998 224.000000 28.499983
v 136.300003 224.000000 28.499983
v 136.500000 224.000000 28.499983
v 185.878189 201.600006 28.499985
v 190.100006 190.800003 28.499985
v 190.100006 201.600006 56.132420
v 185.800003 224.000000 85.299988
v 185.800003 221.936325 80.019989
v 190.100006 210.936325 80.019989
v 190.100006 211.866562 82.399986
v 190.100006 213.000000 85.299988
v 185.800003 221.936325 80.019989
v 185.800003 201.800003 28.499985
v 185.878189 201.600006 28.499985
v 190.100006 201.600006 56.132420
v 190.100006 210.936325 80.019989
v 134.236343 221.936325 80.019989
v 136.300003 224.000000 85.299988
v 135.010223 224.000000 81.999985
v 134.236343 224.000000 80.019989
v 114.099998 224.000000 28.499983
v 114.099998 201.800003 28.499985
v 118.599998 206.300003 40.013500
v 134.236343 221.936325 80.019989
v 134.236343 224.000000 80.019989
v 114.099998 201.800003 28.499985
v 118.599998 201.800003 28.499985
v 118.599998 206.300003 40.013500
v 141.000000 221.936325 80.019989
v 141.000000 224.000000 85.299988
v 136.300003 224.000000 85.299988
v 134.236343 221.936325 80.019989
v 118.599998 201.800003 28.499985
v 136.500000 201.800003 28.499985
v 141.000000 201.800003 28.499985
v 141.000000 221.936325 80.019989
v 134.236343 221.936325 80.019989
v 118.599998 206.300003 40.013500
v 163.400009 221.936325 80.019989
v 163.400009 224.000000 85.299988
v 141.000000 224.000000 85.299988
v 141.000000 221.936325 80.019989
v 141.000000 201.800003 28.499985
v 147.100006 201.800003 28.499985
v 163.400009 201.800003 28.499985
v 163.400009 221.936325 80.019989
v 141.000000 221.936325 80.019989
v 185.800003 221.936325 80.019989
v 185.800003 224.000000 85.299988
v 163.400009 224.000000 85.299988
v 163.400009 221.936325 80.019989
v 163.400009 201.800003 28.499985
v 169.500000 201.800003 28.499985
v 185.800003 201.800003 28.499985
v 185.800003 221.936325 80.019989
v 163.400009 221.936325 80.019989
v -19.200001 -248.400009 29.300020
v 19.200001 -248.400009 29.300020
v 19.200001 -248.400009 83.700020
v 3.200000 -248.400009 83.700020
v -19.200001 -248.400009 83.700020
v -19.200001 -233.400009 29.300018
v -19.200001 -209.199997 29.300016
v 19.200001 -209.199997 29.300016
v 19.200001 -248.400009 29.300020
v -19.200001 -248.400009 29.300020
v 19.200001 -203.600006 29.300016
v 19.200001 -209.199997 29.300016
v -19.200001 -209.199997 29.300016
v -19.200001 -172.000000 29.300014
v -1.922000 -172.000000 29.300014
v 0.487000 -172.000000 29.300014
v 19.200001 -172.000000 29.300014
v 0.487000 -172.000000 83.700020
v 0.487000 -172.000000 44.100014
v -1.922000 -172.000000 44.100014
v -1.922000 -172.000000 83.700020
v 0.487000 -172.000000 42.500011
v 0.487000 -172.000000 29.300014
v -1.922000 -172.000000 29.300014
v -1.922000 -172.000000 42.500011
v 19.200001 -172.000000 83.700020
v 19.200001 -172.000000 29.300014
v 0.487000 -172.000000 29.300014
v 0.487000 -172.000000 42.500011
v 0.487000 -172.000000 44.100014
v 0.487000 -172.000000 83.700020
v -1.922000 -172.000000 83.700020
v -1.922000 -172.000000 44.100014
v -1.922000 -172.000000 42.500011
v -1.922000 -172.000000 29.300014
v -19.200001 -172.000000 29.300014
v -19.200001 -172.000000 83.700020
v 3.200000 -248.400009 83.700020
v 19.200001 -248.400009 83.700020
v 19.200001 -229.199997 83.700020
v 3.200000 -229.199997 83.700020
v -19.200001 -248.400009 83.700020
v 3.200000 -248.400009 83.700020
v 3.200000 -229.199997 83.700020
v -3.200000 -229.199997 83.700020
v -19.200001 -229.199997 83.700020
v -19.200001 -209.199997 83.700020
v -3.200000 -209.199997 83.700020
v 19.200001 -209.199997 83.700020
v 19.200001 -203.600006 83.700020
v 19.200001 -172.000000 83.700020
v 0.487000 -172.000000 83.700020
v -1.922000 -172.000000 83.700020
v -19.200001 -172.000000 83.700020
v -19.200001 -229.199997 83.700020
v -3.200000 -229.199997 83.700020
v -3.200000 -209.199997 83.700020
v -19.200001 -209.199997 83.700020
v -3.200000 -229.199997 83.700020
v 3.200000 -229.199997 83.700020
v 19.200001 -229.199997 83.700020
v 19.200001 -209.199997 83.700020
v -3.200000 -209.199997 83.700020
v 19.200001 -203.600006 29.300016
v 19.200001 -172.000000 29.300014
v 19.200001 -172.000000 83.700020
v 19.200001 -203.600006 83.700020
v 19.200001 -209.199997 83.700020
v 19.200001 -229.199997 83.700020
v 19.200001 -248.400009 83.700020
v 19.200001 -248.400009 29.300020
v 19.200001 -209.199997 29.300016
v 19.200001 -203.600006 29.300016
v 19.200001 -203.600006 83.700020
v -3.500000 -187.100006 44.100018
v -5.800000 -186.500000 44.100018
v -1.922000 -172.000000 44.100014
v 0.487000 -172.000000 44.100014
v -13.000000 -203.600006 44.100018
v -14.700000 -201.900009 44.100018
v -5.800000 -186.500000 44.100018
v -3.500000 -187.100006 44.100018
v -13.000000 -203.600006 44.100018
v -19.200001 -209.752670 44.100018
v -19.200001 -206.400009 44.100018
v -14.700000 -201.900009 44.100018
v -1.922000 -172.000000 42.500011
v -5.800000 -186.500000 42.500015
v -3.500000 -187.100006 42.500015
v 0.487000 -172.000000 42.500011
v -5.800000 -186.500000 42.500015
v -14.700000 -201.900009 42.500015
v -13.000000 -203.600006 42.500015
v -3.500000 -187.100006 42.500015
v -14.700000 -201.900009 42.500015
v -19.200001 -206.400009 42.500015
v -19.200001 -209.752670 42.500015
v -13.000000 -203.600006 42.500015
v 0.487000 -172.000000 42.500011
v -3.500000 -187.100006 42.500015
v -3.500000 -187.100006 44.100018
v 0.487000 -172.000000 44.100014
v -13.000000 -203.600006 44.100018
v -13.000000 -203.600006 42.500015
v -19.200001 -209.752670 42.500015
v -19.200001 -209.752670 44.100018
v -3.500000 -187.100006 44.100018
v -3.500000 -187.100006 42.500015
v -13.000000 -203.600006 42.500015
v -13.000000 -203.600006 44.100018
v -19.200001 -206.400009 42.500015
v -14.700000 -201.900009 42.500015
v -14.700000 -201.900009 44.100018
v -19.200001 -206.400009 44.100018
v -5.800000 -186.500000 44.100018
v -5.800000 -186.500000 42.500015
v -1.922000 -172.000000 42.500011
v -1.922000 -172.000000 44.100014
v -14.700000 -201.900009 44.100018
v -14.700000 -201.900009 42.500015
v -5.800000 -186.500000 42.500015
v -5.800000 -186.500000 44.100018
v -293.100006 43.200012 140.900009
v -288.300018 43.200012 140.900009
v -288.300018 43.200012 141.300003
v -293.100006 43.200012 141.300003
v -129.199997 84.799995 -51.200008
v -129.199997 43.199997 -51.200005
v -138.400009 43.199997 -51.200005
v -138.400009 84.799995 -51.200008
v -138.000000 129.600006 -51.200012
v -129.199997 129.600006 -51.200012
v -129.199997 110.399994 -51.200008
v -129.199997 84.799995 -51.200008
v -138.400009 84.799995 -51.200008
v -138.400009 129.600006 -51.200012
v -138.400009 43.199997 -51.200005
v -171.600006 43.199997 -51.200005
v -183.000000 43.199997 -51.200005
v -183.199997 43.199997 -51.200005
v -183.199997 63.999996 -51.200005
v -183.199997 84.799995 -51.200008
v -138.400009 84.799995 -51.200008
v -183.199997 84.799995 -51.200008
v -183.199997 129.600006 -51.200012
v -174.199997 129.600006 -51.200012
v -171.900009 129.600006 -51.200012
v -140.300003 129.600006 -51.200012
v -138.400009 129.600006 -51.200012
v -138.400009 84.799995 -51.200008
v -183.199997 129.600006 -51.200012
v -183.199997 131.199997 -51.200012
v -176.100006 131.199997 -51.200012
v -174.199997 131.199997 -51.200012
v -174.199997 129.600006 -51.200012
v -171.900009 131.199997 -51.200012
v -140.300003 131.199997 -51.200012
v -140.300003 129.600006 -51.200012
v -171.900009 129.600006 -51.200012
v -138.000000 131.199997 -51.200012
v -129.199997 131.199997 -51.200012
v -129.199997 129.600006 -51.200012
v -138.000000 129.600006 -51.200012
v -194.000000 43.199997 -51.200005
v -194.000000 63.999996 -51.200005
v -183.199997 63.999996 -51.200005
v -183.199997 43.199997 -51.200005
v -194.000000 63.999996 -51.200005
v -194.000000 86.399994 -51.200008
v -194.000000 131.199997 -51.200012
v -183.199997 131.199997 -51.200012
v -183.199997 129.600006 -51.200012
v -183.199997 84.799995 -51.200008
v -183.199997 63.999996 -51.200005
v -155.800003 298.399994 83.699982
v -155.800003 302.800018 79.299980
v -155.800003 302.800018 83.699982
v -155.800003 264.399994 83.699982
v -155.800003 264.399994 79.299980
v -155.800003 268.800018 83.699982
v -58.400002 264.399994 79.299980
v -58.400002 264.399994 73.999977
v -19.200001 264.399994 73.999977
v -19.200001 264.399994 79.299980
v -58.400002 302.800018 79.299980
v -19.200001 302.800018 79.299980
v -19.200001 302.800018 73.999977
v -31.800001 302.800018 73.999977
v -58.400002 302.800018 73.999977
v -58.400002 283.600006 83.699982
v -19.200001 283.600006 83.699982
v -19.200001 298.399994 83.699982
v -58.400002 298.399994 83.699982
v -58.400002 268.800018 83.699982
v -19.200001 268.800018 83.699982
v -19.200001 283.600006 83.699982
v -58.400002 283.600006 83.699982
v -58.400002 264.399994 79.299980
v -19.200001 264.399994 79.299980
v -19.200001 267.100006 81.999977
v -19.200001 267.800018 82.699982
v -19.200001 268.700012 83.599976
v -19.200001 268.800018 83.699982
v -58.400002 268.800018 83.699982
v -49.700001 284.399994 82.699982
v -40.600002 284.399994 82.699982
v -40.400002 284.700012 83.599976
v -50.000000 284.700012 83.599976
v -19.200001 298.500000 83.599976
v -19.200001 299.399994 82.699982
v -19.200001 300.100006 81.999977
v -19.200001 302.800018 79.299980
v -58.400002 302.800018 79.299980
v -58.400002 298.399994 83.699982
v -19.200001 298.399994 83.699982
v -40.600002 284.399994 82.699982
v -49.700001 284.399994 82.699982
v -49.700001 282.800018 82.699982
v -40.600002 282.800018 82.699982
v -40.400002 282.600006 83.599976
v -50.000000 282.600006 83.599976
v -50.000000 284.700012 83.599976
v -40.400002 284.700012 83.599976
v -40.600002 282.800018 82.699982
v -49.700001 282.800018 82.699982
v -50.000000 282.600006 83.599976
v -40.400002 282.600006 83.599976
v -49.700001 282.800018 82.699982
v -49.700001 284.399994 82.699982
v -50.000000 284.700012 83.599976
v -50.000000 282.600006 83.599976
v -40.600002 284.399994 82.699982
v -40.600002 282.800018 82.699982
v -40.400002 282.600006 83.599976
v -40.400002 284.700012 83.599976
v -88.599998 264.399994 73.999977
v -58.400002 264.399994 73.999977
v -58.400002 264.399994 79.299980
v -66.200005 264.399994 79.299980
v -88.599998 264.399994 79.299980
v -155.800003 264.399994 73.999977
v -99.000000 264.399994 73.999977
v -92.599998 264.399994 73.999977
v -88.599998 264.399994 73.999977
v -88.599998 264.399994 79.299980
v -111.000000 264.399994 79.299980
v -155.800003 264.399994 79.299980
v -88.599998 302.800018 79.299980
v -66.200005 302.800018 79.299980
v -58.400002 302.800018 79.299980
v -58.400002 302.800018 73.999977
v -88.599998 302.800018 73.999977
v -99.000000 302.800018 73.999977
v -155.800003 302.800018 73.999977
v -155.800003 302.800018 79.299980
v -111.000000 302.800018 79.299980
v -88.599998 302.800018 79.299980
v -88.599998 302.800018 73.999977
v -66.200005 283.600006 83.699982
v -58.400002 283.600006 83.699982
v -58.400002 298.399994 83.699982
v -66.200005 298.399994 83.699982
v -111.000000 283.600006 83.699982
v -66.200005 283.600006 83.699982
v -66.200005 298.399994 83.699982
v -111.000000 298.399994 83.699982
v -155.800003 283.600006 83.699982
v -111.000000 283.600006 83.699982
v -111.000000 298.399994 83.699982
v -155.800003 298.399994 83.699982
v -66.200005 268.800018 83.699982
v -58.400002 268.800018 83.699982
v -58.400002 283.600006 83.699982
v -66.200005 283.600006 83.699982
v -111.000000 268.800018 83.699982
v -66.200005 268.800018 83.699982
v -66.200005 283.600006 83.699982
v -111.000000 283.600006 83.699982
v -155.800003 283.600006 83.699982
v -155.800003 268.800018 83.699982
v -111.000000 268.800018 83.699982
v -111.000000 283.600006 83.699982
v -66.200005 264.399994 79.299980
v -58.400002 264.399994 79.299980
v -58.400002 268.800018 83.699982
v -66.200005 268.800018 83.699982
v -111.000000 264.399994 79.299980
v -88.599998 264.399994 79.299980
v -66.200005 264.399994 79.299980
v -66.200005 268.800018 83.699982
v -111.000000 268.800018 83.699982
v -155.800003 268.800018 83.699982
v -155.800003 264.399994 79.299980
v -111.000000 264.399994 79.299980
v -111.000000 268.800018 83.699982
v -136.100006 284.399994 82.699982
v -127.000000 284.399994 82.699982
v -126.800003 284.700012 83.599976
v -136.400009 284.700012 83.599976
v -58.400002 302.800018 79.299980
v -66.200005 302.800018 79.299980
v -66.200005 298.399994 83.699982
v -58.400002 298.399994 83.699982
v -66.200005 302.800018 79.299980
v -88.599998 302.800018 79.299980
v -111.000000 302.800018 79.299980
v -111.000000 298.399994 83.699982
v -66.200005 298.399994 83.699982
v -111.000000 302.800018 79.299980
v -155.800003 302.800018 79.299980
v -155.800003 298.399994 83.699982
v -111.000000 298.399994 83.699982
v -127.000000 284.399994 82.699982
v -136.100006 284.399994 82.699982
v -136.100006 282.800018 82.699982
v -127.000000 282.800018 82.699982
v -126.800003 282.600006 83.599976
v -136.400009 282.600006 83.599976
v -136.400009 284.700012 83.599976
v -126.800003 284.700012 83.599976
v -127.000000 282.800018 82.699982
v -136.100006 282.800018 82.699982
v -136.400009 282.600006 83.599976
v -126.800003 282.600006 83.599976
v -136.100006 282.800018 82.699982
v -136.100006 284.399994 82.699982
v -136.400009 284.700012 83.599976
v -136.400009 282.600006 83.599976
v -127.000000 284.399994 82.699982
v -127.000000 282.800018 82.699982
v -126.800003 282.600006 83.599976
v -126.800003 284.700012 83.599976
v -155.800003 264.399994 79.299980
v -155.800003 264.399994 83.699982
v -169.300003 264.399994 83.699982
v -214.100006 264.399994 83.699982
v -214.100006 264.399994 82.699982
v -214.100006 264.399994 73.999977
v -155.800003 264.399994 73.999977
v -214.100006 302.800018 73.999977
v -214.100006 302.800018 82.699982
v -214.100006 302.800018 83.699982
v -169.300003 302.800018 83.699982
v -155.800003 302.800018 83.699982
v -155.800003 302.800018 79.299980
v -155.800003 302.800018 73.999977
v -213.400009 284.399994 82.699982
v -214.100006 284.399994 82.699982
v -214.100006 282.800018 82.699982
v -213.400009 282.800018 82.699982
v -169.300003 264.399994 83.699982
v -155.800003 264.399994 83.699982
v -155.800003 268.800018 83.699982
v -155.800003 283.600006 83.699982
v -169.300003 283.600006 83.699982
v -214.100006 264.399994 83.699982
v -169.300003 264.399994 83.699982
v -169.300003 283.600006 83.699982
v -214.100006 283.600006 83.699982
v -169.300003 283.600006 83.699982
v -155.800003 283.600006 83.699982
v -155.800003 298.399994 83.699982
v -155.800003 302.800018 83.699982
v -169.300003 302.800018 83.699982
v -214.100006 283.600006 83.699982
v -169.300003 283.600006 83.699982
v -169.300003 302.800018 83.699982
v -214.100006 302.800018 83.699982
v -213.199997 282.600006 83.599976
v -214.100006 282.600006 83.599976
v -214.100006 284.700012 83.599976
v -213.199997 284.700012 83.599976
v -213.400009 284.399994 82.699982
v -213.400009 282.800018 82.699982
v -213.199997 282.600006 83.599976
v -213.199997 284.700012 83.599976
v -213.400009 282.800018 82.699982
v -214.100006 282.800018 82.699982
v -214.100006 282.600006 83.599976
v -213.199997 282.600006 83.599976
v -214.100006 284.399994 82.699982
v -213.400009 284.399994 82.699982
v -213.199997 284.700012 83.599976
v -214.100006 284.700012 83.599976
v -99.000000 264.399994 59.199982
v -99.000000 265.600006 59.199982
v -99.000000 265.200012 60.099983
v -99.000000 264.399994 60.099983
v -99.000000 264.399994 48.099983
v -99.000000 265.200012 48.099983
v -99.000000 265.200012 57.699982
v -99.000000 264.399994 57.699982
v -19.200001 279.399994 29.299980
v -31.800001 279.399994 29.299980
v -31.800001 279.399994 42.499977
v -19.200001 279.399994 42.499977
v -31.800001 279.399994 29.299980
v -54.200001 279.399994 29.299980
v -54.200001 279.399994 42.499977
v -31.800001 279.399994 42.499977
v -54.200001 279.399994 29.299980
v -76.599998 279.399994 29.299980
v -76.599998 279.399994 42.499977
v -54.200001 279.399994 42.499977
v -76.599998 279.399994 29.299980
v -99.000000 279.399994 29.299980
v -99.000000 279.399994 42.499977
v -76.599998 279.399994 42.499977
v -19.200001 287.800018 29.299980
v -31.800001 287.800018 29.299980
v -54.200001 287.800018 29.299980
v -76.599998 287.800018 29.299980
v -99.000000 287.800018 29.299980
v -99.000000 298.399994 29.299978
v -64.000000 298.399994 29.299978
v -19.200001 298.399994 29.299978
v -31.800001 287.800018 29.299980
v -19.200001 287.800018 29.299980
v -19.200001 287.800018 42.499977
v -31.800001 287.800018 42.499977
v -54.200001 287.800018 29.299980
v -31.800001 287.800018 29.299980
v -31.800001 287.800018 42.499977
v -54.200001 287.800018 42.499977
v -76.599998 287.800018 29.299980
v -54.200001 287.800018 29.299980
v -54.200001 287.800018 42.499977
v -76.599998 287.800018 42.499977
v -99.000000 287.800018 29.299980
v -76.599998 287.800018 29.299980
v -76.599998 287.800018 42.499977
v -99.000000 287.800018 42.499977
v -19.200001 302.800018 44.099979
v -19.200001 302.800018 33.699978
v -31.800001 302.800018 33.699978
v -31.800001 302.800018 73.999977
v -19.200001 302.800018 73.999977
v -31.800001 302.800018 33.699978
v -64.000000 302.800018 33.699978
v -99.000000 302.800018 33.699978
v -99.000000 302.800018 73.999977
v -88.599998 302.800018 73.999977
v -58.400002 302.800018 73.999977
v -31.800001 302.800018 73.999977
v -64.000000 298.399994 29.299978
v -99.000000 298.399994 29.299978
v -99.000000 302.800018 33.699978
v -64.000000 302.800018 33.699978
v -19.200001 298.399994 29.299978
v -64.000000 298.399994 29.299978
v -64.000000 302.800018 33.699978
v -31.800001 302.800018 33.699978
v -19.200001 302.800018 33.699978
v -31.800001 284.800018 44.099979
v -19.200001 284.800018 44.099979
v -19.200001 282.399994 44.099979
v -31.800001 282.399994 44.099979
v -99.000000 284.800018 44.099979
v -76.599998 284.800018 44.099979
v -54.200001 284.800018 44.099979
v -31.800001 284.800018 44.099979
v -31.800001 282.399994 44.099979
v -54.200001 282.399994 44.099979
v -76.599998 282.399994 44.099979
v -99.000000 282.399994 44.099979
v -54.200001 287.800018 42.499977
v -31.800001 287.800018 42.499977
v -19.200001 287.800018 42.499977
v -19.200001 284.800018 42.499977
v -31.800001 284.800018 42.499977
v -54.200001 284.800018 42.499977
v -99.000000 287.800018 42.499977
v -76.599998 287.800018 42.499977
v -54.200001 287.800018 42.499977
v -54.200001 284.800018 42.499977
v -76.599998 284.800018 42.499977
v -99.000000 284.800018 42.499977
v -54.200001 282.399994 42.499977
v -31.800001 282.399994 42.499977
v -19.200001 282.399994 42.499977
v -19.200001 279.399994 42.499977
v -31.800001 279.399994 42.499977
v -54.200001 279.399994 42.499977
v -99.000000 282.399994 42.499977
v -76.599998 282.399994 42.499977
v -54.200001 282.399994 42.499977
v -54.200001 279.399994 42.499977
v -76.599998 279.399994 42.499977
v -99.000000 279.399994 42.499977
v -31.800001 284.800018 42.499977
v -19.200001 284.800018 42.499977
v -19.200001 284.800018 44.099979
v -31.800001 284.800018 44.099979
v -54.200001 284.800018 42.499977
v -31.800001 284.800018 42.499977
v -31.800001 284.800018 44.099979
v -54.200001 284.800018 44.099979
v -76.599998 284.800018 42.499977
v -54.200001 284.800018 42.499977
v -54.200001 284.800018 44.099979
v -76.599998 284.800018 44.099979
v -99.000000 284.800018 42.499977
v -76.599998 284.800018 42.499977
v -76.599998 284.800018 44.099979
v -99.000000 284.800018 44.099979
v -19.200001 282.399994 42.499977
v -31.800001 282.399994 42.499977
v -31.800001 282.399994 44.099979
v -19.200001 282.399994 44.099979
v -31.800001 282.399994 42.499977
v -54.200001 282.399994 42.499977
v -54.200001 282.399994 44.099979
v -31.800001 282.399994 44.099979
v -54.200001 282.399994 42.499977
v -76.599998 282.399994 42.499977
v -76.599998 282.399994 44.099979
v -54.200001 282.399994 44.099979
v -76.599998 282.399994 42.499977
v -99.000000 282.399994 42.499977
v -99.000000 282.399994 44.099979
v -76.599998 282.399994 44.099979
v -19.200001 268.800018 29.299980
v -64.000000 268.800018 29.299980
v -99.000000 268.800018 29.299980
v -99.000000 279.399994 29.299980
v -76.599998 279.399994 29.299980
v -54.200001 279.399994 29.299980
v -31.800001 279.399994 29.299980
v -19.200001 279.399994 29.299980
v -76.599998 273.300018 47.199982
v -58.400002 273.300018 47.199982
v -58.400002 273.300018 48.099983
v -70.200005 273.300018 48.099983
v -76.599998 273.300018 48.099983
v -99.000000 273.300018 47.199982
v -76.599998 273.300018 47.199982
v -76.599998 273.300018 48.099983
v -92.599998 273.300018 48.099983
v -99.000000 273.300018 48.099983
v -58.400002 264.399994 73.999977
v -58.400002 264.399994 48.099983
v -58.400002 264.399994 47.199982
v -58.400002 264.399994 33.699982
v -19.200001 264.399994 33.699982
v -19.200001 264.399994 44.099983
v -19.200001 264.399994 73.999977
v -70.200005 264.399994 48.099983
v -58.400002 264.399994 48.099983
v -58.400002 264.399994 73.999977
v -88.599998 264.399994 73.999977
v -92.599998 264.399994 73.999977
v -92.599998 264.399994 60.099983
v -92.599998 264.399994 59.199982
v -92.599998 264.399994 57.699982
v -92.599998 264.399994 48.099983
v -92.599998 264.399994 73.999977
v -99.000000 264.399994 73.999977
v -99.000000 264.399994 60.099983
v -92.599998 264.399994 60.099983
v -99.000000 264.399994 59.199982
v -99.000000 264.399994 57.699982
v -92.599998 264.399994 57.699982
v -92.599998 264.399994 59.199982
v -64.000000 264.399994 33.699982
v -58.400002 264.399994 33.699982
v -58.400002 264.399994 47.199982
v -76.599998 264.399994 47.199982
v -99.000000 264.399994 47.199982
v -99.000000 264.399994 33.699982
v -58.400002 264.399994 48.099983
v -70.200005 264.399994 48.099983
v -70.200005 273.300018 48.099983
v -58.400002 273.300018 48.099983
v -70.200005 264.399994 48.099983
v -92.599998 264.399994 48.099983
v -92.599998 265.200012 48.099983
v -92.599998 273.300018 48.099983
v -76.599998 273.300018 48.099983
v -70.200005 273.300018 48.099983
v -99.000000 265.200012 48.099983
v -99.000000 273.300018 48.099983
v -92.599998 273.300018 48.099983
v -92.599998 265.200012 48.099983
v -92.599998 265.600006 59.199982
v -92.599998 264.399994 59.199982
v -92.599998 264.399994 60.099983
v -92.599998 265.200012 60.099983
v -92.599998 265.200012 48.099983
v -92.599998 264.399994 48.099983
v -92.599998 264.399994 57.699982
v -92.599998 265.200012 57.699982
v -99.000000 264.399994 60.099983
v -99.000000 265.200012 60.099983
v -92.599998 265.200012 60.099983
v -92.599998 264.399994 60.099983
v -99.000000 264.399994 57.699982
v -99.000000 265.200012 57.699982
v -92.599998 265.200012 57.699982
v -92.599998 264.399994 57.699982
v -99.000000 265.600006 59.199982
v -99.000000 264.399994 59.199982
v -92.599998 264.399994 59.199982
v -92.599998 265.600006 59.199982
v -99.000000 265.200012 60.099983
v -99.000000 265.600006 59.199982
v -92.599998 265.600006 59.199982
v -92.599998 265.200012 60.099983
v -99.000000 265.200012 57.699982
v -99.000000 265.200012 48.099983
v -92.599998 265.200012 48.099983
v -92.599998 265.200012 57.699982
v -98.400002 268.000000 51.199982
v -98.435822 267.982086 51.343269
v -98.500000 267.950012 51.599983
v -98.500000 267.899994 51.599983
v -98.500000 267.600006 51.599983
v -98.435822 267.600006 51.343269
v -98.400002 267.600006 51.199982
v -96.700005 267.899994 52.399982
v -96.599998 267.899994 52.199982
v -96.599998 267.700012 52.199982
v -96.700005 267.700012 52.399982
v -96.599998 267.899994 52.199982
v -98.099998 267.899994 51.499981
v -98.099998 267.725006 51.499981
v -98.099998 267.700012 51.499981
v -97.885712 267.700012 51.599983
v -96.599998 267.700012 52.199982
v -98.099998 267.725006 51.499981
v -98.400002 267.600006 51.199982
v -98.435822 267.600006 51.343269
v -98.400002 267.600006 51.199982
v -98.099998 267.725006 51.499981
v -98.099998 267.899994 51.499981
v -98.400002 268.000000 51.199982
v -98.400002 268.000000 51.199982
v -98.099998 267.899994 51.499981
v -98.435822 267.982086 51.343269
v -96.700005 267.899994 52.399982
v -98.200005 267.899994 51.599983
v -98.099998 267.899994 51.499981
v -96.599998 267.899994 52.199982
v -98.500000 267.950012 51.599983
v -98.200005 267.899994 51.599983
v -98.500000 267.899994 51.599983
v -98.099998 267.899994 51.499981
v -98.200005 267.899994 51.599983
v -98.500000 267.950012 51.599983
v -98.435822 267.982086 51.343269
v -98.200005 267.899994 51.599983
v -98.200005 267.700012 51.599983
v -98.500000 267.600006 51.599983
v -98.500000 267.899994 51.599983
v -96.599998 267.700012 52.199982
v -97.885712 267.700012 51.599983
v -98.200005 267.700012 51.599983
v -96.700005 267.700012 52.399982
v -96.700005 267.700012 52.399982
v -98.200005 267.700012 51.599983
v -98.200005 267.899994 51.599983
v -96.700005 267.899994 52.399982
v -98.200005 267.700012 51.599983
v -98.099998 267.725006 51.499981
v -98.435822 267.600006 51.343269
v -98.500000 267.600006 51.599983
v -97.885712 267.700012 51.599983
v -98.099998 267.700012 51.499981
v -98.200005 267.700012 51.599983
v -76.599998 264.399994 47.199982
v -58.400002 264.399994 47.199982
v -58.400002 273.300018 47.199982
v -76.599998 273.300018 47.199982
v -99.000000 264.399994 47.199982
v -76.599998 264.399994 47.199982
v -76.599998 273.300018 47.199982
v -99.000000 273.300018 47.199982
v -58.400002 273.300018 47.199982
v -58.400002 264.399994 47.199982
v -58.400002 264.399994 48.099983
v -58.400002 273.300018 48.099983
v -99.000000 268.800018 29.299980
v -64.000000 268.800018 29.299980
v -64.000000 264.399994 33.699982
v -99.000000 264.399994 33.699982
v -64.000000 268.800018 29.299980
v -19.200001 268.800018 29.299980
v -19.200001 264.399994 33.699982
v -58.400002 264.399994 33.699982
v -64.000000 264.399994 33.699982
v -155.800003 264.399994 48.099983
v -155.800003 264.399994 47.199982
v -155.800003 273.300018 47.199982
v -155.800003 273.300018 48.099983
v -155.800003 302.800018 29.299978
v -155.800003 302.800018 33.699978
v -155.800003 298.399994 29.299978
v -155.800003 268.800018 29.299980
v -155.800003 264.399994 33.699982
v -155.800003 264.399994 29.299982
v -99.000000 279.399994 29.299980
v -111.000000 279.399994 29.299980
v -111.000000 279.399994 42.499977
v -99.000000 279.399994 42.499977
v -111.000000 279.399994 29.299980
v -133.400009 279.399994 29.299980
v -133.400009 279.399994 42.499977
v -111.000000 279.399994 42.499977
v -133.400009 279.399994 29.299980
v -155.800003 279.399994 29.299980
v -155.800003 279.399994 42.499977
v -133.400009 279.399994 42.499977
v -99.000000 287.800018 29.299980
v -111.000000 287.800018 29.299980
v -133.400009 287.800018 29.299980
v -155.800003 287.800018 29.299980
v -155.800003 298.399994 29.299978
v -143.800003 298.399994 29.299978
v -99.000000 298.399994 29.299978
v -111.000000 287.800018 29.299980
v -99.000000 287.800018 29.299980
v -99.000000 287.800018 42.499977
v -111.000000 287.800018 42.499977
v -133.400009 287.800018 29.299980
v -111.000000 287.800018 29.299980
v -111.000000 287.800018 42.499977
v -133.400009 287.800018 42.499977
v -155.800003 287.800018 29.299980
v -133.400009 287.800018 29.299980
v -133.400009 287.800018 42.499977
v -155.800003 287.800018 42.499977
v -99.000000 302.800018 33.699978
v -143.800003 302.800018 33.699978
v -155.800003 302.800018 33.699978
v -155.800003 302.800018 73.999977
v -99.000000 302.800018 73.999977
v -143.800003 298.399994 29.299978
v -155.800003 298.399994 29.299978
v -155.800003 302.800018 33.699978
v -143.800003 302.800018 33.699978
v -99.000000 298.399994 29.299978
v -143.800003 298.399994 29.299978
v -143.800003 302.800018 33.699978
v -99.000000 302.800018 33.699978
v -155.800003 284.800018 44.099979
v -133.400009 284.800018 44.099979
v -111.000000 284.800018 44.099979
v -99.000000 284.800018 44.099979
v -99.000000 282.399994 44.099979
v -111.000000 282.399994 44.099979
v -133.400009 282.399994 44.099979
v -155.800003 282.399994 44.099979
v -111.000000 282.399994 42.499977
v -99.000000 282.399994 42.499977
v -99.000000 279.399994 42.499977
v -111.000000 279.399994 42.499977
v -155.800003 282.399994 42.499977
v -133.400009 282.399994 42.499977
v -111.000000 282.399994 42.499977
v -111.000000 279.399994 42.499977
v -133.400009 279.399994 42.499977
v -155.800003 279.399994 42.499977
v -111.000000 287.800018 42.499977
v -99.000000 287.800018 42.499977
v -99.000000 284.800018 42.499977
v -111.000000 284.800018 42.499977
v -155.800003 287.800018 42.499977
v -133.400009 287.800018 42.499977
v -111.000000 287.800018 42.499977
v -111.000000 284.800018 42.499977
v -133.400009 284.800018 42.499977
v -155.800003 284.800018 42.499977
v -99.000000 282.399994 42.499977
v -111.000000 282.399994 42.499977
v -111.000000 282.399994 44.099979
v -99.000000 282.399994 44.099979
v -111.000000 282.399994 42.499977
v -133.400009 282.399994 42.499977
v -133.400009 282.399994 44.099979
v -111.000000 282.399994 44.099979
v -133.400009 282.399994 42.499977
v -155.800003 282.399994 42.499977
v -155.800003 282.399994 44.099979
v -133.400009 282.399994 44.099979
v -111.000000 284.800018 42.499977
v -99.000000 284.800018 42.499977
v -99.000000 284.800018 44.099979
v -111.000000 284.800018 44.099979
v -133.400009 284.800018 42.499977
v -111.000000 284.800018 42.499977
v -111.000000 284.800018 44.099979
v -133.400009 284.800018 44.099979
v -155.800003 284.800018 42.499977
v -133.400009 284.800018 42.499977
v -133.400009 284.800018 44.099979
v -155.800003 284.800018 44.099979
v -99.000000 265.200012 48.099983
v -99.000000 264.399994 48.099983
v -111.000000 264.399994 48.099983
v -111.000000 273.300018 48.099983
v -99.000000 273.300018 48.099983
v -111.000000 264.399994 48.099983
v -133.400009 264.399994 48.099983
v -133.400009 273.300018 48.099983
v -111.000000 273.300018 48.099983
v -133.400009 264.399994 48.099983
v -155.800003 264.399994 48.099983
v -155.800003 273.300018 48.099983
v -133.400009 273.300018 48.099983
v -99.000000 264.399994 57.699982
v -99.000000 264.399994 59.199982
v -99.000000 264.399994 60.099983
v -99.000000 264.399994 73.999977
v -155.800003 264.399994 73.999977
v -155.800003 264.399994 48.099983
v -133.400009 264.399994 48.099983
v -111.000000 264.399994 48.099983
v -99.000000 264.399994 48.099983
v -111.000000 264.399994 47.199982
v -99.000000 264.399994 47.199982
v -99.000000 273.300018 47.199982
v -111.000000 273.300018 47.199982
v -133.400009 264.399994 47.199982
v -111.000000 264.399994 47.199982
v -111.000000 273.300018 47.199982
v -133.400009 273.300018 47.199982
v -155.800003 273.300018 47.199982
v -155.800003 264.399994 47.199982
v -133.400009 264.399994 47.199982
v -133.400009 273.300018 47.199982
v -111.000000 273.300018 47.199982
v -99.000000 273.300018 47.199982
v -99.000000 273.300018 48.099983
v -111.000000 273.300018 48.099983
v -133.400009 273.300018 47.199982
v -111.000000 273.300018 47.199982
v -111.000000 273.300018 48.099983
v -133.400009 273.300018 48.099983
v -155.800003 273.300018 47.199982
v -133.400009 273.300018 47.199982
v -133.400009 273.300018 48.099983
v -155.800003 273.300018 48.099983
v -99.000000 268.800018 29.299980
v -143.800003 268.800018 29.299980
v -155.800003 268.800018 29.299980
v -155.800003 279.399994 29.299980
v -133.400009 279.399994 29.299980
v -111.000000 279.399994 29.299980
v -99.000000 279.399994 29.299980
v -99.000000 264.399994 47.199982
v -111.000000 264.399994 47.199982
v -133.400009 264.399994 47.199982
v -155.800003 264.399994 47.199982
v -155.800003 264.399994 33.699982
v -143.800003 264.399994 33.699982
v -99.000000 264.399994 33.699982
v -155.800003 264.399994 33.699982
v -155.800003 268.800018 29.299980
v -143.800003 268.800018 29.299980
v -143.800003 264.399994 33.699982
v -143.800003 268.800018 29.299980
v -99.000000 268.800018 29.299980
v -99.000000 264.399994 33.699982
v -143.800003 264.399994 33.699982
v -155.800003 279.399994 29.299980
v -169.300003 279.399994 29.299980
v -169.300003 279.399994 42.499977
v -155.800003 279.399994 42.499977
v -169.300003 279.399994 29.299980
v -191.699997 279.399994 29.299980
v -191.699997 279.399994 42.499977
v -169.300003 279.399994 42.499977
v -191.699997 279.399994 29.299980
v -214.100006 279.399994 29.299980
v -214.100006 279.399994 42.499977
v -191.699997 279.399994 42.499977
v -214.100006 302.800018 29.299978
v -155.800003 302.800018 29.299978
v -155.800003 298.399994 29.299978
v -155.800003 287.800018 29.299980
v -169.300003 287.800018 29.299980
v -191.699997 287.800018 29.299980
v -214.100006 287.800018 29.299980
v -169.300003 287.800018 29.299980
v -155.800003 287.800018 29.299980
v -155.800003 287.800018 42.499977
v -169.300003 287.800018 42.499977
v -191.699997 287.800018 29.299980
v -169.300003 287.800018 29.299980
v -169.300003 287.800018 42.499977
v -191.699997 287.800018 42.499977
v -214.100006 287.800018 29.299980
v -191.699997 287.800018 29.299980
v -191.699997 287.800018 42.499977
v -214.100006 287.800018 42.499977
v -155.800003 302.800018 33.699978
v -155.800003 302.800018 29.299978
v -214.100006 302.800018 29.299978
v -214.100006 302.800018 73.999977
v -155.800003 302.800018 73.999977
v -214.100006 284.800018 44.099979
v -191.699997 284.800018 44.099979
v -169.300003 284.800018 44.099979
v -155.800003 284.800018 44.099979
v -155.800003 282.399994 44.099979
v -169.300003 282.399994 44.099979
v -191.699997 282.399994 44.099979
v -214.100006 282.399994 44.099979
v -169.300003 282.399994 42.499977
v -155.800003 282.399994 42.499977
v -155.800003 279.399994 42.499977
v -169.300003 279.399994 42.499977
v -214.100006 282.399994 42.499977
v -191.699997 282.399994 42.499977
v -169.300003 282.399994 42.499977
v -169.300003 279.399994 42.499977
v -191.699997 279.399994 42.499977
v -214.100006 279.399994 42.499977
v -169.300003 287.800018 42.499977
v -155.800003 287.800018 42.499977
v -155.800003 284.800018 42.499977
v -169.300003 284.800018 42.499977
v -214.100006 287.800018 42.499977
v -191.699997 287.800018 42.499977
v -169.300003 287.800018 42.499977
v -169.300003 284.800018 42.499977
v -191.699997 284.800018 42.499977
v -214.100006 284.800018 42.499977
v -155.800003 282.399994 42.499977
v -169.300003 282.399994 42.499977
v -169.300003 282.399994 44.099979
v -155.800003 282.399994 44.099979
v -169.300003 282.399994 42.499977
v -191.699997 282.399994 42.499977
v -191.699997 282.399994 44.099979
v -169.300003 282.399994 44.099979
v -191.699997 282.399994 42.499977
v -214.100006 282.399994 42.499977
v -214.100006 282.399994 44.099979
v -191.699997 282.399994 44.099979
v -169.300003 284.800018 42.499977
v -155.800003 284.800018 42.499977
v -155.800003 284.800018 44.099979
v -169.300003 284.800018 44.099979
v -191.699997 284.800018 42.499977
v -169.300003 284.800018 42.499977
v -169.300003 284.800018 44.099979
v -191.699997 284.800018 44.099979
v -214.100006 284.800018 42.499977
v -191.699997 284.800018 42.499977
v -191.699997 284.800018 44.099979
v -214.100006 284.800018 44.099979
v -214.100006 279.399994 29.299980
v -191.699997 279.399994 29.299980
v -169.300003 279.399994 29.299980
v -155.800003 279.399994 29.299980
v -155.800003 268.800018 29.299980
v -155.800003 264.399994 29.299982
v -214.100006 264.399994 29.299982
v -214.100006 264.399994 73.999977
v -214.100006 264.399994 29.299982
v -155.800003 264.399994 29.299982
v -155.800003 264.399994 33.699982
v -155.800003 264.399994 47.199982
v -155.800003 264.399994 48.099983
v -155.800003 264.399994 73.999977
v -214.100006 43.200016 184.800003
v -211.800003 43.200016 184.800003
v -194.000000 43.200016 184.800003
v -194.000000 64.000015 184.800003
v -194.000000 131.200012 184.799988
v -214.100006 131.200012 184.799988
v -194.000000 131.200012 127.999992
v -214.100006 131.200012 127.999992
v -214.100006 131.200012 133.279984
v -194.000000 131.200012 133.279984
v -214.100006 131.200012 133.279984
v -214.100006 131.200012 184.799988
v -194.000000 131.200012 184.799988
v -194.000000 131.200012 133.279984
v -194.000000 43.200012 128.000000
v -194.000000 64.000008 127.999992
v -194.000000 64.000008 133.279999
v -194.000000 43.200012 133.279999
v -194.000000 64.000008 133.279999
v -194.000000 64.000015 184.800003
v -194.000000 43.200016 184.800003
v -194.000000 43.200012 133.279999
v -194.000000 64.000008 127.999992
v -194.000000 110.400009 127.999992
v -194.000000 131.200012 127.999992
v -194.000000 131.200012 133.279984
v -194.000000 64.000008 133.279999
v -194.000000 131.200012 133.279984
v -194.000000 131.200012 184.799988
v -194.000000 64.000015 184.800003
v -194.000000 64.000008 133.279999
v -194.000000 131.200012 127.999992
v -194.000000 131.200012 105.799995
v -214.100006 131.199997 91.424271
v -214.100006 131.200012 125.599991
v -214.100006 131.200012 127.999992
v -194.000000 110.400009 105.799995
v -194.000000 131.200012 105.799995
v -194.000000 131.200012 127.999992
v -194.000000 110.400009 127.999992
v -194.000000 43.200008 105.800003
v -194.000000 110.400009 105.799995
v -194.000000 110.400009 127.999992
v -194.000000 64.000008 127.999992
v -194.000000 43.200012 128.000000
v -214.100006 131.199997 91.424271
v -194.000000 131.200012 105.799995
v -194.000000 110.400009 105.799995
v -214.100006 110.400009 91.424271
v -194.000000 110.400009 105.799995
v -194.000000 43.200008 105.800003
v -211.800003 43.200008 93.069260
v -214.100006 43.200008 91.424278
v -214.100006 110.400009 91.424271
v -159.500000 143.199997 -29.700012
v -159.500000 143.199997 -30.100012
v -152.699997 143.199997 -30.100012
v -152.699997 143.199997 -29.700012
v -174.199997 143.199997 -29.600012
v -174.199997 152.400009 -29.600012
v -174.199997 152.400009 -42.600014
v -174.199997 143.199997 -46.332283
v -138.000000 152.400009 -42.600014
v -138.000000 152.400009 -29.600012
v -138.000000 143.199997 -29.600012
v -138.000000 143.199997 -46.332283
v -151.800003 143.199997 -29.600012
v -138.000000 143.199997 -29.600012
v -138.000000 152.400009 -29.600012
v -151.800003 152.400009 -29.600012
v -174.199997 152.400009 -29.600012
v -174.199997 143.199997 -29.600012
v -151.800003 143.199997 -29.600012
v -151.800003 152.400009 -29.600012
v -140.300003 152.400009 -42.600014
v -171.900009 152.400009 -42.600014
v -174.199997 152.400009 -42.600014
v -174.199997 152.400009 -29.600012
v -151.800003 152.400009 -29.600012
v -138.000000 152.400009 -29.600012
v -138.000000 152.400009 -42.600014
v -140.300003 152.400009 -42.600014
v -138.000000 152.400009 -42.600014
v -138.000000 143.199997 -46.332283
v -140.300003 143.199997 -46.332283
v -171.900009 152.400009 -42.600014
v -140.300003 152.400009 -42.600014
v -140.300003 143.199997 -46.332283
v -171.900009 143.199997 -46.332085
v -174.199997 143.199997 -46.332283
v -174.199997 152.400009 -42.600014
v -171.900009 152.400009 -42.600014
v -171.900009 143.199997 -46.332085
v -138.000000 131.199997 26.599991
v -174.199997 131.199997 26.599991
v -176.100006 131.199997 26.599991
v -194.000000 131.199997 26.599991
v -194.000000 110.400002 26.599993
v -129.199997 110.400002 26.599993
v -129.199997 131.199997 26.599991
v -194.000000 110.400002 26.599993
v -194.000000 43.200005 26.599997
v -129.199997 43.200005 26.599997
v -129.199997 110.400002 26.599993
v -194.000000 110.400002 26.599993
v -194.000000 131.199997 26.599991
v -214.100006 131.199997 40.975719
v -214.100006 110.400002 40.975723
v -214.100006 43.200005 40.975727
v -211.800003 43.200005 39.330742
v -194.000000 43.200005 26.599997
v -194.000000 110.400002 26.599993
v -214.100006 110.400002 40.975723
v -214.100006 131.199997 40.975719
v -194.000000 131.199997 26.599991
v -214.100006 131.199997 26.599991
v -204.600006 60.800003 50.399998
v -204.600006 60.800003 50.299995
v -214.100006 60.800003 50.299995
v -214.100006 60.800003 50.399998
v -204.600006 60.800003 50.399998
v -204.600006 60.800003 53.999996
v -192.500000 60.800003 53.999996
v -192.500000 60.800003 50.299995
v -204.600006 60.800003 50.299995
v -214.100006 60.800003 64.699997
v -192.500000 60.800003 64.699997
v -192.500000 60.800003 53.999996
v -204.600006 60.800003 53.999996
v -214.100006 60.800003 53.999996
v -192.500000 43.200005 50.299995
v -192.500000 60.800003 50.299995
v -192.500000 60.800003 53.999996
v -192.500000 60.800003 64.699997
v -192.500000 43.200005 64.700005
v -192.600006 45.800003 61.499996
v -193.900009 45.800003 61.499996
v -193.900009 55.400005 61.499996
v -192.600006 55.400005 61.499996
v -201.000000 57.400005 64.499992
v -201.000000 49.000004 64.500000
v -194.199997 49.000004 64.500000
v -194.199997 57.400005 64.499992
v -214.100006 43.200005 64.700005
v -211.800003 43.200005 64.700005
v -192.500000 43.200005 64.700005
v -192.500000 60.800003 64.699997
v -214.100006 60.800003 64.699997
v -201.000000 49.000004 64.500000
v -201.000000 57.400005 64.499992
v -201.000000 57.400005 64.599991
v -201.000000 49.000004 64.599998
v -194.199997 49.000004 64.500000
v -201.000000 49.000004 64.500000
v -201.000000 49.000004 64.599998
v -194.199997 49.000004 64.599998
v -201.000000 57.400005 64.499992
v -194.199997 57.400005 64.499992
v -194.199997 57.400005 64.599991
v -201.000000 57.400005 64.599991
v -194.199997 57.400005 64.499992
v -194.199997 49.000004 64.500000
v -194.199997 49.000004 64.599998
v -194.199997 57.400005 64.599991
v -201.000000 49.000004 64.599998
v -201.000000 57.400005 64.599991
v -194.199997 57.400005 64.599991
v -194.199997 49.000004 64.599998
v -214.100006 51.600006 50.399998
v -214.100006 51.000004 50.399998
v -213.800003 51.300003 50.399998
v -214.100006 54.500004 50.399998
v -204.600006 54.500004 50.399998
v -204.600006 60.800003 50.399998
v -214.100006 60.800003 50.399998
v -192.900009 44.400005 50.399998
v -196.900009 44.400005 50.399998
v -196.900009 43.200005 50.399998
v -192.900009 43.200005 50.399998
v -204.600006 54.500004 50.399998
v -204.600006 54.500004 53.999996
v -204.600006 60.800003 53.999996
v -204.600006 60.800003 50.399998
v -193.900009 55.400005 61.499996
v -193.900009 55.400005 55.099998
v -192.600006 55.400005 55.099998
v -192.600006 55.400005 61.499996
v -196.900009 43.200005 50.399998
v -196.900009 44.400005 50.399998
v -196.900009 44.400005 59.999996
v -196.900009 43.200005 59.999996
v -192.600006 45.800003 55.099998
v -193.900009 45.800003 55.099998
v -193.900009 45.800003 61.499996
v -192.600006 45.800003 61.499996
v -192.600006 55.400005 55.099998
v -193.900009 55.400005 55.099998
v -193.900009 45.800003 55.099998
v -192.600006 45.800003 55.099998
v -193.900009 45.800003 61.499996
v -193.900009 45.800003 55.099998
v -193.900009 55.400005 55.099998
v -193.900009 55.400005 61.499996
v -192.600006 55.400005 61.499996
v -192.600006 55.400005 55.099998
v -192.600006 45.800003 55.099998
v -192.600006 45.800003 61.499996
v -196.900009 43.200005 59.999996
v -196.900009 44.400005 59.999996
v -192.900009 44.400005 59.999996
v -192.900009 43.200005 59.999996
v -192.900009 44.400005 59.999996
v -192.900009 44.400005 50.399998
v -192.900009 43.200005 50.399998
v -192.900009 43.200005 59.999996
v -196.900009 44.400005 59.999996
v -196.900009 44.400005 50.399998
v -192.900009 44.400005 50.399998
v -192.900009 44.400005 59.999996
v -214.100006 54.500004 53.999996
v -204.600006 54.500004 53.999996
v -204.600006 54.500004 50.399998
v -214.100006 54.500004 50.399998
v -204.600006 54.500004 53.999996
v -214.100006 54.500004 53.999996
v -214.100006 60.800003 53.999996
v -204.600006 60.800003 53.999996
v -214.100006 53.300003 52.599998
v -212.300003 51.500004 52.599998
v -214.100006 49.700005 52.599998
v -212.000000 51.200005 55.799995
v -214.000000 49.200005 55.799995
v -214.100006 49.320007 55.279995
v -214.100006 50.200005 53.199997
v -212.600006 51.700005 53.199997
v -213.759018 48.841003 55.599998
v -214.000000 49.200005 55.799995
v -212.000000 51.200005 55.799995
v -211.699997 50.900005 55.599998
v -214.100006 49.256382 53.961178
v -213.759018 48.841003 55.599998
v -211.699997 50.900005 55.599998
v -212.350998 51.449005 52.999996
v -214.100006 49.700005 52.999996
v -214.100006 49.320007 55.279995
v -214.000000 49.200005 55.799995
v -213.759018 48.841003 55.599998
v -214.100006 49.256382 53.961178
v -214.100006 49.700005 52.999996
v -212.350998 51.449005 52.999996
v -212.600006 51.700005 53.199997
v -214.100006 50.200005 53.199997
v -211.699997 50.900005 55.599998
v -212.000000 51.200005 55.799995
v -212.600006 51.700005 53.199997
v -212.350998 51.449005 52.999996
v -214.000000 53.200005 52.199997
v -214.100006 53.100006 52.199997
v -214.100006 51.600006 52.199997
v -213.800003 51.300003 52.199997
v -212.949997 52.150005 52.199997
v -214.100006 49.700005 52.199997
v -212.300003 51.500004 52.199997
v -212.949997 52.150005 52.199997
v -213.800003 51.300003 52.199997
v -214.100006 51.000004 52.199997
v -212.300003 51.500004 52.599998
v -212.300003 51.500004 52.199997
v -214.100006 49.700005 52.199997
v -214.100006 49.700005 52.599998
v -214.100006 53.100006 52.199997
v -214.000000 53.200005 52.199997
v -214.100006 53.300003 52.599998
v -214.100006 53.300003 52.599998
v -214.000000 53.200005 52.199997
v -212.949997 52.150005 52.199997
v -212.300003 51.500004 52.199997
v -212.300003 51.500004 52.599998
v -213.800003 51.300003 52.199997
v -213.800003 51.300003 50.399998
v -214.100006 51.000004 50.399998
v -214.100006 51.000004 52.199997
v -214.100006 51.600006 52.199997
v -214.100006 51.600006 50.399998
v -213.800003 51.300003 50.399998
v -213.800003 51.300003 52.199997
v -204.600006 60.800003 50.299995
v -192.500000 60.800003 50.299995
v -192.500000 43.200005 50.299995
v -211.800003 43.200005 50.299995
v -214.100006 43.200005 50.299995
v -214.100006 60.800003 50.299995
v -138.000000 131.199997 -51.200012
v -138.000000 129.600006 -51.200012
v -138.000000 129.600006 -27.300011
v -138.000000 131.199997 -27.300011
v -138.000000 143.199997 -29.600012
v -138.000000 134.800003 -29.600010
v -138.000000 134.800003 -49.740013
v -138.000000 143.199997 -46.332283
v -129.199997 131.199997 -51.200012
v -138.000000 131.199997 -51.200012
v -138.000000 131.199997 -27.300011
v -138.000000 131.199997 26.599991
v -129.199997 131.199997 26.599991
v -133.800003 105.899994 -51.100010
v -133.800003 112.299995 -51.100010
v -133.800003 112.300003 -41.500008
v -133.800003 105.900002 -41.500008
v -129.300003 82.500000 -22.200006
v -129.300003 76.099998 -22.200006
v -129.300003 76.099998 -17.600006
v -129.300003 82.500000 -17.600006
v -129.300003 54.500000 -22.200005
v -129.300003 48.100002 -22.200005
v -129.300003 48.100002 -17.600004
v -129.300003 54.500000 -17.600004
v -129.199997 131.199997 26.599991
v -129.199997 110.400002 26.599993
v -129.199997 110.399994 -51.200008
v -129.199997 129.600006 -51.200012
v -129.199997 131.199997 -51.200012
v -129.199997 110.400002 26.599993
v -129.199997 43.200005 26.599997
v -129.199997 43.199997 -51.200005
v -129.199997 84.799995 -51.200008
v -129.199997 110.399994 -51.200008
v -133.400009 82.500000 -17.600006
v -133.400009 82.500000 -19.772007
v -129.300003 82.500000 -22.200006
v -129.300003 82.500000 -17.600006
v -133.800003 105.900002 -41.500008
v -133.800003 112.300003 -41.500008
v -130.199997 112.300003 -41.500008
v -130.199997 105.900002 -41.500008
v -133.699997 97.900002 -41.500008
v -133.699997 104.300003 -41.500008
v -130.100006 104.300003 -41.500008
v -130.100006 97.900002 -41.500008
v -130.199997 105.899994 -51.100010
v -133.800003 105.899994 -51.100010
v -133.800003 105.900002 -41.500008
v -130.199997 105.900002 -41.500008
v -130.199997 112.300003 -41.500008
v -133.800003 112.300003 -41.500008
v -133.800003 112.299995 -51.100010
v -130.199997 112.299995 -51.100010
v -133.800003 112.299995 -51.100010
v -133.800003 105.899994 -51.100010
v -130.199997 105.899994 -51.100010
v -130.199997 112.299995 -51.100010
v -130.199997 112.299995 -51.100010
v -130.199997 105.899994 -51.100010
v -130.199997 105.900002 -41.500008
v -130.199997 112.300003 -41.500008
v -130.100006 97.899994 -51.100010
v -133.699997 97.899994 -51.100010
v -133.699997 97.900002 -41.500008
v -130.100006 97.900002 -41.500008
v -133.699997 104.299995 -51.100010
v -133.699997 97.899994 -51.100010
v -130.100006 97.899994 -51.100010
v -130.100006 104.299995 -51.100010
v -130.100006 104.300003 -41.500008
v -133.699997 104.300003 -41.500008
v -133.699997 104.299995 -51.100010
v -130.100006 104.299995 -51.100010
v -130.100006 104.299995 -51.100010
v -130.100006 97.899994 -51.100010
v -130.100006 97.900002 -41.500008
v -130.100006 104.300003 -41.500008
v -133.699997 97.899994 -51.100010
v -133.699997 104.299995 -51.100010
v -133.699997 104.300003 -41.500008
v -133.699997 97.900002 -41.500008
v -133.400009 76.099998 -17.600006
v -133.400009 82.500000 -17.600006
v -129.300003 82.500000 -17.600006
v -129.300003 76.099998 -17.600006
v -133.400009 48.100002 -17.600004
v -133.400009 54.500000 -17.600004
v -129.300003 54.500000 -17.600004
v -129.300003 48.100002 -17.600004
v -133.400009 54.500000 -17.600004
v -133.400009 54.500000 -19.772005
v -129.300003 54.500000 -22.200005
v -129.300003 54.500000 -17.600004
v -129.300003 76.099998 -22.200006
v -133.400009 76.099998 -19.772007
v -133.400009 76.099998 -17.600006
v -129.300003 76.099998 -17.600006
v -133.400009 76.099998 -19.772007
v -133.400009 82.500000 -19.772007
v -133.400009 82.500000 -17.600006
v -133.400009 76.099998 -17.600006
v -133.400009 82.500000 -19.772007
v -133.400009 76.099998 -19.772007
v -129.300003 76.099998 -22.200006
v -129.300003 82.500000 -22.200006
v -129.300003 48.100002 -22.200005
v -133.400009 48.100002 -19.772005
v -133.400009 48.100002 -17.600004
v -129.300003 48.100002 -17.600004
v -133.400009 48.100002 -19.772005
v -133.400009 54.500000 -19.772005
v -133.400009 54.500000 -17.600004
v -133.400009 48.100002 -17.600004
v -133.400009 54.500000 -19.772005
v -133.400009 48.100002 -19.772005
v -129.300003 48.100002 -22.200005
v -129.300003 54.500000 -22.200005
v -140.300003 129.600006 -27.300011
v -140.300003 129.600006 -29.600010
v -171.900009 129.600006 -29.600010
v -171.900009 129.600006 -27.300011
v -138.000000 129.600006 -51.200012
v -138.400009 129.600006 -51.200012
v -140.300003 129.600006 -51.200012
v -140.300003 129.600006 -29.600010
v -140.300003 129.600006 -27.300011
v -138.000000 129.600006 -27.300011
v -174.199997 129.600006 -27.300011
v -171.900009 129.600006 -27.300011
v -171.900009 129.600006 -29.600010
v -171.900009 129.600006 -51.200012
v -174.199997 129.600006 -51.200012
v -138.000000 143.199997 -46.332283
v -138.000000 134.800003 -49.740013
v -140.300003 134.800003 -49.740013
v -140.300003 143.199997 -46.332283
v -140.300003 143.199997 -46.332283
v -140.300003 131.199997 -51.200012
v -171.900009 131.199997 -51.200012
v -171.900009 143.199997 -46.332085
v -174.199997 134.800003 -49.740013
v -174.199997 143.199997 -46.332283
v -171.900009 143.199997 -46.332085
v -171.900009 134.800003 -49.740013
v -152.699997 134.800003 -29.700010
v -152.699997 134.800003 -30.100010
v -159.500000 134.800003 -30.100010
v -159.500000 134.800003 -29.700010
v -140.300003 134.800003 -29.600010
v -140.300003 134.800003 -49.740013
v -138.000000 134.800003 -49.740013
v -138.000000 134.800003 -29.600010
v -171.900009 134.800003 -49.740013
v -171.900009 134.800003 -29.600010
v -174.199997 134.800003 -29.600010
v -174.199997 134.800003 -49.740013
v -174.199997 134.800003 -49.740013
v -174.199997 134.800003 -29.600010
v -174.199997 143.199997 -29.600012
v -174.199997 143.199997 -46.332283
v -159.500000 143.199997 -30.100012
v -159.500000 134.800003 -30.100010
v -152.699997 134.800003 -30.100010
v -152.699997 143.199997 -30.100012
v -151.800003 134.800003 -29.600010
v -140.300003 134.800003 -29.600010
v -138.000000 134.800003 -29.600010
v -138.000000 143.199997 -29.600012
v -151.800003 143.199997 -29.600012
v -174.199997 143.199997 -29.600012
v -174.199997 134.800003 -29.600010
v -171.900009 134.800003 -29.600010
v -151.800003 134.800003 -29.600010
v -151.800003 143.199997 -29.600012
v -159.500000 134.800003 -29.700010
v -159.500000 134.800003 -30.100010
v -159.500000 143.199997 -30.100012
v -159.500000 143.199997 -29.700012
v -152.699997 143.199997 -29.700012
v -152.699997 143.199997 -30.100012
v -152.699997 134.800003 -30.100010
v -152.699997 134.800003 -29.700010
v -159.500000 134.800003 -29.700010
v -159.500000 143.199997 -29.700012
v -152.699997 143.199997 -29.700012
v -152.699997 134.800003 -29.700010
v -174.199997 129.600006 -27.300011
v -174.199997 129.600006 -51.200012
v -174.199997 131.199997 -51.200012
v -174.199997 131.199997 -27.300011
v -140.300003 129.600006 -27.300011
v -171.900009 129.600006 -27.300011
v -174.199997 129.600006 -27.300011
v -174.199997 131.199997 -27.300011
v -138.000000 131.199997 -27.300011
v -138.000000 129.600006 -27.300011
v -138.000000 131.199997 26.599991
v -138.000000 131.199997 -27.300011
v -174.199997 131.199997 -27.300011
v -174.199997 131.199997 26.599991
v -140.300003 129.600006 -29.600010
v -140.300003 129.600006 -51.200012
v -140.300003 131.199997 -51.200012
v -140.300003 134.800003 -49.740013
v -140.300003 134.800003 -29.600010
v -171.900009 131.199997 -51.200012
v -171.900009 129.600006 -51.200012
v -171.900009 129.600006 -29.600010
v -171.900009 134.800003 -29.600010
v -171.900009 134.800003 -49.740013
v -151.800003 134.800003 -29.600010
v -171.900009 134.800003 -29.600010
v -171.900009 129.600006 -29.600010
v -140.300003 129.600006 -29.600010
v -140.300003 134.800003 -29.600010
v -176.100006 131.199997 26.599991
v -174.199997 131.199997 26.599991
v -174.199997 131.199997 -27.300011
v -174.199997 131.199997 -51.200012
v -176.100006 131.199997 -51.200012
v -214.100006 131.199997 -5.200010
v -214.100006 131.199997 26.599991
v -194.000000 131.199997 26.599991
v -176.100006 131.199997 26.599991
v -176.100006 131.199997 -51.200012
v -183.199997 131.199997 -51.200012
v -194.000000 131.199997 -51.200012
v -214.100006 131.199997 -51.200012
v -242.699997 223.600006 -5.200017
v -242.699997 223.600006 -6.800017
v -240.300003 223.600006 -6.800017
v -240.300003 223.600006 -5.200017
v -297.000000 253.699997 82.699982
v -306.100006 253.699997 82.699982
v -306.100006 252.100006 82.699989
v -297.000000 252.100006 82.699989
v -214.100006 284.399994 82.699982
v -222.500000 284.399994 82.699982
v -222.500000 282.800018 82.699982
v -214.100006 282.800018 82.699982
v -294.000000 223.699997 82.699989
v -294.000000 223.699997 83.699989
v -294.000000 223.600006 83.699989
v -294.000000 223.600006 82.699989
v -253.300003 302.800018 82.699982
v -253.300003 302.800018 83.699982
v -214.100006 302.800018 83.699982
v -214.100006 302.800018 82.699982
v -214.100006 264.399994 83.699982
v -253.300003 264.399994 83.699982
v -253.300003 264.399994 82.699982
v -214.100006 264.399994 82.699982
v -253.300003 302.800018 83.699982
v -253.300003 283.600006 83.699982
v -214.100006 283.600006 83.699982
v -214.100006 302.800018 83.699982
v -253.300003 283.600006 83.699982
v -253.300003 268.800018 83.699982
v -253.300003 264.399994 83.699982
v -214.100006 264.399994 83.699982
v -214.100006 283.600006 83.699982
v -214.100006 282.600006 83.599976
v -222.800003 282.600006 83.599976
v -222.800003 284.700012 83.599976
v -214.100006 284.700012 83.599976
v -214.100006 282.800018 82.699982
v -222.500000 282.800018 82.699982
v -222.800003 282.600006 83.599976
v -214.100006 282.600006 83.599976
v -222.500000 282.800018 82.699982
v -222.500000 284.399994 82.699982
v -222.800003 284.700012 83.599976
v -222.800003 282.600006 83.599976
v -222.500000 284.399994 82.699982
v -214.100006 284.399994 82.699982
v -214.100006 284.700012 83.599976
v -222.800003 284.700012 83.599976
v -282.100006 252.500000 83.699989
v -287.253021 257.653015 83.699982
v -290.899994 239.300003 83.699989
v -289.548767 246.100006 83.699989
v -287.253021 257.653015 83.699982
v -294.000000 264.399994 83.699982
v -294.000000 246.100006 83.699989
v -294.000000 223.699997 83.699989
v -289.548767 246.100006 83.699989
v -294.000000 246.100006 83.699989
v -253.300003 283.600006 83.699982
v -271.600006 283.600006 83.699982
v -271.600006 268.800018 83.699982
v -257.649994 268.800018 83.699982
v -253.300003 268.800018 83.699982
v -271.600006 283.600006 83.699982
v -294.000000 283.600006 83.699982
v -294.000000 268.800018 83.699982
v -271.600006 268.800018 83.699982
v -271.600006 283.600006 83.699982
v -253.300003 283.600006 83.699982
v -253.300003 302.800018 83.699982
v -271.600006 299.211761 83.699982
v -294.000000 283.600006 83.699982
v -271.600006 283.600006 83.699982
v -271.600006 299.211761 83.699982
v -283.899994 296.800018 83.699982
v -294.000000 290.092743 83.699982
v -271.600006 259.500000 83.699982
v -268.899994 261.300018 83.699982
v -257.649994 268.800018 83.699982
v -271.600006 268.800018 83.699982
v -294.000000 264.399994 83.699982
v -287.253021 257.653015 83.699982
v -282.100006 252.500000 83.699989
v -271.600006 259.500000 83.699982
v -271.600006 268.800018 83.699982
v -294.000000 268.800018 83.699982
v -253.300003 268.800018 83.699982
v -257.649994 268.800018 83.699982
v -268.899994 261.300018 83.699982
v -253.300003 264.399994 83.699982
v -268.899994 261.300018 83.699982
v -268.899994 261.300018 82.699982
v -253.300003 264.399994 82.699982
v -253.300003 264.399994 83.699982
v -271.600006 299.211761 83.699982
v -253.300003 302.800018 83.699982
v -253.300003 302.800018 82.699982
v -283.899994 296.800018 82.699982
v -283.899994 296.800018 83.699982
v -283.899994 296.800018 83.699982
v -283.899994 296.800018 82.699982
v -294.000000 290.092682 82.699982
v -294.000000 290.092743 83.699982
v -294.000000 223.699997 83.699989
v -294.000000 223.699997 82.699989
v -290.899994 239.300003 82.699989
v -290.899994 239.300003 83.699989
v -271.600006 259.500000 83.699982
v -282.100006 252.500000 83.699989
v -282.100006 252.500000 82.699989
v -268.899994 261.300018 82.699982
v -268.899994 261.300018 83.699982
v -290.899994 239.300003 83.699989
v -290.899994 239.300003 82.699989
v -282.100006 252.500000 82.699989
v -282.100006 252.500000 83.699989
v -294.000000 223.699997 83.699989
v -298.399994 223.699997 83.699989
v -313.200012 223.699997 83.699989
v -313.200012 223.600006 83.699989
v -304.000000 223.600006 83.699989
v -294.000000 223.600006 83.699989
v -298.399994 268.800018 83.699982
v -294.000000 264.399994 83.699982
v -294.000000 268.800018 83.699982
v -313.200012 223.699997 83.699989
v -313.200012 274.569000 83.699982
v -327.100006 254.000000 83.699982
v -332.399994 223.699997 83.699989
v -332.399994 223.600006 83.699989
v -313.200012 223.600006 83.699989
v -313.200012 274.569000 83.699982
v -313.200012 223.699997 83.699989
v -298.399994 223.699997 83.699989
v -298.399994 246.100006 83.699989
v -298.399994 268.800018 83.699982
v -309.438995 279.838989 83.699982
v -309.800018 279.600006 83.699982
v -303.777008 283.600006 83.699982
v -294.000000 283.600006 83.699982
v -294.000000 290.092743 83.699982
v -294.000000 283.600006 83.699982
v -303.777008 283.600006 83.699982
v -309.438995 279.838989 83.699982
v -298.399994 268.800018 83.699982
v -294.000000 268.800018 83.699982
v -298.399994 268.800018 83.699982
v -298.399994 246.100006 83.699989
v -294.000000 246.100006 83.699989
v -294.000000 264.399994 83.699982
v -298.399994 246.100006 83.699989
v -298.399994 223.699997 83.699989
v -294.000000 223.699997 83.699989
v -294.000000 246.100006 83.699989
v -332.399994 223.699997 83.699989
v -332.399994 223.699997 82.699989
v -332.399994 223.600006 82.699989
v -332.399994 223.600006 83.699989
v -327.100006 254.000000 83.699982
v -327.100006 254.000000 82.699982
v -332.399994 223.699997 82.699989
v -332.399994 223.699997 83.699989
v -294.000000 290.092682 82.699982
v -309.800018 279.600006 82.699982
v -309.800018 279.600006 83.699982
v -294.000000 290.092743 83.699982
v -297.000000 252.100006 82.699989
v -306.100006 252.100006 82.699989
v -306.399994 251.900009 83.599983
v -296.800018 251.900009 83.599983
v -309.800018 279.600006 83.699982
v -309.800018 279.600006 82.699982
v -312.000000 276.344513 82.699982
v -327.100006 254.000000 82.699982
v -327.100006 254.000000 83.699982
v -296.800018 251.900009 83.599983
v -306.399994 251.900009 83.599983
v -306.399994 254.000000 83.599976
v -296.800018 254.000000 83.599976
v -297.000000 253.699997 82.699982
v -297.000000 252.100006 82.699989
v -296.800018 251.900009 83.599983
v -296.800018 254.000000 83.599976
v -306.100006 253.699997 82.699982
v -297.000000 253.699997 82.699982
v -296.800018 254.000000 83.599976
v -306.399994 254.000000 83.599976
v -306.100006 252.100006 82.699989
v -306.100006 253.699997 82.699982
v -306.399994 254.000000 83.599976
v -306.399994 251.900009 83.599983
v -312.000000 223.699997 44.099987
v -312.000000 223.699997 42.499985
v -312.000000 223.600006 42.499985
v -312.000000 223.600006 44.099987
v -260.700012 223.699997 22.899982
v -260.700012 223.699997 34.399986
v -241.500000 223.699997 34.399986
v -222.300003 223.699997 34.399986
v -222.300003 223.699997 22.899982
v -253.300003 287.800018 29.299980
v -253.300003 287.800018 42.499977
v -253.300003 284.800018 42.499977
v -253.300003 282.399994 42.499977
v -253.300003 279.399994 42.499977
v -253.300003 279.399994 29.299980
v -253.300003 264.399994 82.699982
v -253.300003 264.399994 29.299982
v -214.100006 264.399994 29.299982
v -214.100006 264.399994 73.999977
v -214.100006 264.399994 82.699982
v -230.900009 284.800018 42.499977
v -214.100006 284.800018 42.499977
v -214.100006 284.800018 44.099979
v -230.900009 284.800018 44.099979
v -253.300003 284.800018 44.099979
v -253.300003 284.800018 42.499977
v -230.900009 284.800018 42.499977
v -230.900009 284.800018 44.099979
v -230.900009 287.800018 29.299980
v -214.100006 287.800018 29.299980
v -214.100006 287.800018 42.499977
v -230.900009 287.800018 42.499977
v -253.300003 287.800018 42.499977
v -253.300003 287.800018 29.299980
v -230.900009 287.800018 29.299980
v -230.900009 287.800018 42.499977
v -214.100006 302.800018 73.999977
v -214.100006 302.800018 29.299978
v -253.300003 302.800018 29.299978
v -253.300003 302.800018 82.699982
v -214.100006 302.800018 82.699982
v -230.900009 287.800018 29.299980
v -253.300003 287.800018 29.299980
v -253.300003 302.800018 29.299978
v -214.100006 302.800018 29.299978
v -214.100006 287.800018 29.299980
v -230.900009 284.800018 42.499977
v -253.300003 284.800018 42.499977
v -253.300003 287.800018 42.499977
v -230.900009 287.800018 42.499977
v -214.100006 287.800018 42.499977
v -214.100006 284.800018 42.499977
v -230.900009 282.399994 44.099979
v -253.300003 282.399994 44.099979
v -253.300003 284.800018 44.099979
v -230.900009 284.800018 44.099979
v -214.100006 284.800018 44.099979
v -214.100006 282.399994 44.099979
v -214.100006 279.399994 29.299980
v -230.900009 279.399994 29.299980
v -230.900009 279.399994 42.499977
v -214.100006 279.399994 42.499977
v -230.900009 279.399994 29.299980
v -253.300003 279.399994 29.299980
v -253.300003 279.399994 42.499977
v -230.900009 279.399994 42.499977
v -230.900009 279.399994 42.499977
v -253.300003 279.399994 42.499977
v -253.300003 282.399994 42.499977
v -230.900009 282.399994 42.499977
v -214.100006 282.399994 42.499977
v -214.100006 279.399994 42.499977
v -214.100006 282.399994 42.499977
v -230.900009 282.399994 42.499977
v -230.900009 282.399994 44.099979
v -214.100006 282.399994 44.099979
v -230.900009 282.399994 42.499977
v -253.300003 282.399994 42.499977
v -253.300003 282.399994 44.099979
v -230.900009 282.399994 44.099979
v -253.300003 264.399994 29.299982
v -253.300003 271.700012 29.299980
v -253.300003 279.399994 29.299980
v -230.900009 279.399994 29.299980
v -214.100006 279.399994 29.299980
v -214.100006 264.399994 29.299982
v -287.253021 257.653015 29.299982
v -282.100006 252.500000 29.299982
v -290.899994 239.300003 29.299984
v -309.438995 279.838989 29.299980
v -287.600006 258.000000 29.299982
v -287.253021 257.653015 29.299982
v -294.000000 223.699997 29.299984
v -312.000000 223.699997 29.299984
v -312.000000 276.344513 29.299980
v -309.800018 279.600006 29.299980
v -268.899994 261.300018 29.299982
v -253.300003 271.700012 29.299980
v -253.300003 264.399994 29.299982
v -273.850006 258.000000 29.299982
v -282.100006 252.500000 29.299982
v -287.253021 257.653015 29.299982
v -287.600006 258.000000 29.299982
v -253.300003 287.800018 29.299980
v -253.300003 279.399994 29.299980
v -253.300003 271.700012 29.299980
v -268.899994 261.300018 29.299982
v -273.850006 258.000000 29.299982
v -287.600006 258.000000 29.299982
v -309.438995 279.838989 29.299980
v -283.899994 296.800018 29.299978
v -253.300003 302.800018 29.299978
v -271.100006 280.100006 44.099979
v -271.100006 280.100006 42.499977
v -253.300003 284.800018 42.499977
v -253.300003 284.800018 44.099979
v -309.800018 279.600006 82.699982
v -309.800018 279.600006 29.299980
v -312.000000 276.344513 29.299980
v -312.000000 276.344513 82.699982
v -253.300003 302.800018 82.699982
v -253.300003 302.800018 29.299978
v -283.899994 296.800018 29.299978
v -283.899994 296.800018 82.699982
v -294.000000 290.092682 82.699982
v -283.899994 296.800018 82.699982
v -283.899994 296.800018 29.299978
v -309.800018 279.600006 29.299980
v -309.800018 279.600006 82.699982
v -312.000000 232.789352 42.499981
v -309.700012 241.500000 42.499981
v -309.700012 241.500000 44.099983
v -312.000000 232.789352 44.099983
v -287.100006 271.000000 44.099983
v -287.100006 271.000000 42.499981
v -271.100006 280.100006 42.499977
v -271.100006 280.100006 44.099979
v -305.105255 249.480377 44.099983
v -309.700012 241.500000 44.099983
v -309.700012 241.500000 42.499981
v -305.105255 249.480377 42.499981
v -300.200012 258.000000 42.499981
v -300.200012 258.000000 44.099983
v -300.200012 258.000000 44.099983
v -300.200012 258.000000 42.499981
v -287.100006 271.000000 42.499981
v -287.100006 271.000000 44.099983
v -307.399994 240.900009 44.099983
v -307.399994 240.900009 42.499981
v -312.000000 223.699997 42.499985
v -312.000000 223.699997 44.099987
v -282.100006 252.500000 82.699989
v -282.100006 252.500000 29.299982
v -273.850006 258.000000 29.299982
v -268.899994 261.300018 29.299982
v -268.899994 261.300018 82.699982
v -305.105255 249.480377 44.099983
v -300.200012 258.000000 44.099983
v -298.500000 256.300018 44.099983
v -307.399994 240.900009 44.099983
v -300.200012 258.000000 44.099983
v -287.100006 271.000000 44.099983
v -285.899994 268.899994 44.099983
v -298.500000 256.300018 44.099983
v -287.100006 271.000000 44.099983
v -271.100006 280.100006 44.099979
v -270.500000 277.800018 44.099983
v -285.899994 268.899994 44.099983
v -271.100006 280.100006 44.099979
v -253.300003 284.800018 44.099979
v -253.300003 282.399994 44.099979
v -270.500000 277.800018 44.099983
v -307.399994 240.900009 42.499981
v -298.500000 256.300018 42.499981
v -300.200012 258.000000 42.499981
v -305.105255 249.480377 42.499981
v -298.500000 256.300018 42.499981
v -285.899994 268.899994 42.499981
v -287.100006 271.000000 42.499981
v -300.200012 258.000000 42.499981
v -285.899994 268.899994 42.499981
v -270.500000 277.800018 42.499981
v -271.100006 280.100006 42.499977
v -287.100006 271.000000 42.499981
v -270.500000 277.800018 42.499981
v -253.300003 282.399994 42.499977
v -253.300003 284.800018 42.499977
v -271.100006 280.100006 42.499977
v -298.500000 256.300018 44.099983
v -298.500000 256.300018 42.499981
v -307.399994 240.900009 42.499981
v -307.399994 240.900009 44.099983
v -253.300003 282.399994 44.099979
v -253.300003 282.399994 42.499977
v -270.500000 277.800018 42.499981
v -270.500000 277.800018 44.099983
v -285.899994 268.899994 44.099983
v -285.899994 268.899994 42.499981
v -298.500000 256.300018 42.499981
v -298.500000 256.300018 44.099983
v -270.500000 277.800018 44.099983
v -270.500000 277.800018 42.499981
v -285.899994 268.899994 42.499981
v -285.899994 268.899994 44.099983
v -268.899994 261.300018 82.699982
v -268.899994 261.300018 29.299982
v -253.300003 264.399994 29.299982
v -253.300003 264.399994 82.699982
v -294.000000 223.699997 82.699989
v -294.000000 223.699997 29.299984
v -290.899994 239.300003 29.299984
v -290.899994 239.300003 82.699989
v -290.899994 239.300003 82.699989
v -290.899994 239.300003 29.299984
v -282.100006 252.500000 29.299982
v -282.100006 252.500000 82.699989
v -309.700012 241.500000 44.099983
v -305.105255 249.480377 44.099983
v -307.399994 240.900009 44.099983
v -309.700012 241.500000 44.099983
v -307.399994 240.900009 44.099983
v -312.000000 223.699997 44.099987
v -312.000000 232.789352 44.099983
v -307.399994 240.900009 42.499981
v -305.105255 249.480377 42.499981
v -309.700012 241.500000 42.499981
v -307.399994 240.900009 42.499981
v -309.700012 241.500000 42.499981
v -312.000000 232.789352 42.499981
v -312.000000 223.699997 42.499985
v -222.300003 223.699997 22.899982
v -222.300003 223.699997 34.399986
v -222.300003 223.600006 34.399986
v -222.300003 223.600006 22.899982
v -260.700012 223.699997 34.399986
v -260.700012 223.699997 22.899982
v -260.700012 223.600006 22.899982
v -260.700012 223.600006 34.399986
v -222.300003 223.699997 34.399986
v -241.500000 223.699997 34.399986
v -241.500000 223.600006 34.399986
v -222.300003 223.600006 34.399986
v -241.500000 223.699997 34.399986
v -260.700012 223.699997 34.399986
v -260.700012 223.600006 34.399986
v -241.500000 223.600006 34.399986
v -312.000000 223.699997 29.299984
v -294.000000 223.699997 29.299984
v -294.000000 223.600006 29.299984
v -309.000000 223.600006 29.299984
v -312.000000 223.600006 29.299984
v -294.000000 223.600006 64.699989
v -294.000000 223.600006 29.299984
v -294.000000 223.699997 29.299984
v -294.000000 223.699997 82.699989
v -294.000000 223.600006 82.699989
v -222.300003 223.600006 -5.200017
v -222.300003 223.600006 -20.000017
v -222.300003 223.699997 -20.000017
v -222.300003 223.699997 22.899982
v -222.300003 223.600006 22.899982
v -260.700012 223.600006 -20.000017
v -260.700012 223.699997 -20.000017
v -222.300003 223.699997 -20.000017
v -222.300003 223.600006 -20.000017
v -260.700012 223.699997 22.899982
v -260.700012 223.699997 -20.000017
v -260.700012 223.600006 -20.000017
v -260.700012 223.600006 -5.200017
v -260.700012 223.600006 22.899982
v -222.300003 223.699997 -20.000017
v -260.700012 223.699997 -20.000017
v -260.700012 223.699997 22.899982
v -222.300003 223.699997 22.899982
v -312.000000 223.699997 29.299984
v -332.399994 223.699997 29.299984
v -327.100006 254.000000 29.299982
v -312.000000 276.344513 29.299980
v -314.399994 223.699997 44.099987
v -314.399994 223.699997 42.499985
v -312.000000 232.789352 42.499981
v -312.000000 232.789352 44.099983
v -327.100006 254.000000 82.699982
v -327.100006 254.000000 29.299982
v -332.399994 223.699997 29.299984
v -332.399994 223.699997 82.699989
v -312.000000 276.344513 29.299980
v -327.100006 254.000000 29.299982
v -327.100006 254.000000 82.699982
v -312.000000 276.344513 82.699982
v -312.000000 223.699997 44.099987
v -314.399994 223.699997 44.099987
v -312.000000 232.789352 44.099983
v -312.000000 232.789352 42.499981
v -314.399994 223.699997 42.499985
v -312.000000 223.699997 42.499985
v -332.399994 223.600006 29.299984
v -332.399994 223.699997 29.299984
v -312.000000 223.699997 29.299984
v -312.000000 223.600006 29.299984
v -314.399994 223.600006 42.499985
v -314.399994 223.699997 42.499985
v -314.399994 223.699997 44.099987
v -314.399994 223.600006 44.099987
v -314.399994 223.600006 44.099987
v -314.399994 223.699997 44.099987
v -312.000000 223.699997 44.099987
v -312.000000 223.600006 44.099987
v -312.000000 223.699997 42.499985
v -314.399994 223.699997 42.499985
v -314.399994 223.600006 42.499985
v -312.000000 223.600006 42.499985
v -332.399994 223.699997 82.699989
v -332.399994 223.699997 29.299984
v -332.399994 223.600006 29.299984
v -332.399994 223.600006 64.699989
v -332.399994 223.600006 82.699989
v -224.900009 110.400009 64.699997
v -223.199997 110.400009 64.699997
v -223.199997 118.400009 64.699997
v -223.199997 126.400009 64.699997
v -224.900009 126.400009 64.699997
v -224.900009 60.800003 64.699997
v -224.900009 43.200005 64.700005
v -214.100006 43.200005 64.700005
v -214.100006 60.800003 64.699997
v -304.000000 131.200012 127.199997
v -304.000000 131.100021 127.199997
v -304.000000 131.100021 127.999992
v -304.000000 131.200012 127.999992
v -304.000000 64.000008 127.199997
v -304.000000 64.000008 125.599991
v -304.000000 83.200012 125.599991
v -304.000000 83.200012 127.199997
v -304.000000 43.200008 125.599998
v -304.000000 64.000008 125.599991
v -304.000000 64.000008 127.199997
v -304.000000 43.200012 127.200005
v -304.000000 83.200012 127.199997
v -304.000000 83.200012 125.599991
v -304.000000 110.400009 125.599991
v -304.000000 131.100021 125.599991
v -304.000000 131.100021 127.199997
v -294.000000 202.000000 83.699989
v -294.000000 223.600006 83.699989
v -304.000000 223.600006 83.699989
v -304.000000 202.000000 83.699989
v -304.000000 134.800003 83.699997
v -294.000000 134.800003 83.699997
v -294.000000 202.000000 83.699989
v -304.000000 202.000000 83.699989
v -294.000000 202.000000 64.699989
v -294.000000 223.600006 64.699989
v -294.000000 223.600006 82.699989
v -294.000000 223.600006 83.699989
v -294.000000 202.000000 83.699989
v -294.000000 134.800003 83.699997
v -294.000000 134.800003 64.699997
v -294.000000 202.000000 64.699989
v -294.000000 202.000000 83.699989
v -293.200012 110.400009 125.599991
v -293.200012 131.100021 125.599991
v -304.000000 131.100021 125.599991
v -304.000000 110.400009 125.599991
v -293.200012 43.200008 125.599998
v -293.200012 110.400009 125.599991
v -304.000000 110.400009 125.599991
v -304.000000 83.200012 125.599991
v -304.000000 64.000008 125.599991
v -304.000000 43.200008 125.599998
v -281.300018 131.200012 184.799988
v -293.200012 131.200012 184.799988
v -293.200012 64.000015 184.800003
v -293.200012 43.200016 184.800003
v -214.100006 43.200016 184.800003
v -214.100006 131.200012 184.799988
v -236.800003 131.200012 127.999992
v -214.100006 131.200012 127.999992
v -214.100006 131.200012 125.599991
v -236.800003 131.200012 125.599991
v -304.000000 131.200012 127.199997
v -304.000000 131.200012 127.999992
v -293.200012 131.200012 127.999992
v -281.300018 131.200012 127.999992
v -236.800003 131.200012 127.999992
v -236.800003 131.200012 125.599991
v -260.700012 131.200012 125.599991
v -294.000000 131.200012 125.599991
v -304.000000 131.200012 125.599991
v -281.300018 131.200012 127.999992
v -293.200012 131.200012 127.999992
v -293.200012 131.200012 133.279984
v -281.300018 131.200012 133.279984
v -293.200012 131.200012 133.279984
v -293.200012 131.200012 184.799988
v -281.300018 131.200012 184.799988
v -281.300018 131.200012 133.279984
v -214.100006 131.200012 127.999992
v -236.800003 131.200012 127.999992
v -281.300018 131.200012 127.999992
v -281.300018 131.200012 133.279984
v -214.100006 131.200012 133.279984
v -281.300018 131.200012 133.279984
v -281.300018 131.200012 184.799988
v -214.100006 131.200012 184.799988
v -214.100006 131.200012 133.279984
v -288.300018 107.200012 142.099991
v -288.300018 108.000008 141.299988
v -288.300018 108.000008 140.899994
v -288.300018 104.800011 140.899994
v -288.300018 104.800011 141.299988
v -288.300018 105.600006 142.099991
v -304.000000 131.200012 127.999992
v -304.000000 131.100021 127.999992
v -293.200012 131.100021 127.999992
v -293.200012 131.200012 127.999992
v -293.200012 64.000008 127.999992
v -293.200012 43.200012 128.000000
v -293.200012 43.200012 133.279999
v -293.200012 64.000008 133.279999
v -293.200012 43.200012 133.279999
v -293.200012 43.200016 184.800003
v -293.200012 64.000015 184.800003
v -293.200012 64.000008 133.279999
v -293.200012 131.200012 127.999992
v -293.200012 131.100021 127.999992
v -293.200012 110.400009 127.999992
v -293.200012 64.000008 127.999992
v -293.200012 64.000008 133.279999
v -293.200012 131.200012 133.279984
v -293.200012 64.000008 133.279999
v -293.200012 64.000015 184.800003
v -293.200012 131.200012 184.799988
v -293.200012 131.200012 133.279984
v -288.300018 104.800011 140.899994
v -293.100006 104.800011 140.899994
v -293.100006 104.800011 141.299988
v -288.300018 104.800011 141.299988
v -288.300018 105.600006 142.099991
v -293.100006 105.600006 142.099991
v -293.100006 107.200012 142.099991
v -288.300018 107.200012 142.099991
v -293.100006 108.000008 140.899994
v -288.300018 108.000008 140.899994
v -288.300018 108.000008 141.299988
v -293.100006 108.000008 141.299988
v -288.300018 108.000008 140.899994
v -293.100006 108.000008 140.899994
v -293.100006 104.800011 140.899994
v -288.300018 104.800011 140.899994
v -293.100006 104.800011 140.899994
v -293.100006 108.000008 140.899994
v -293.100006 108.000008 141.299988
v -293.100006 107.200012 142.099991
v -293.100006 105.600006 142.099991
v -293.100006 104.800011 141.299988
v -288.300018 104.800011 141.299988
v -293.100006 104.800011 141.299988
v -293.100006 105.600006 142.099991
v -288.300018 105.600006 142.099991
v -293.100006 108.000008 141.299988
v -288.300018 108.000008 141.299988
v -288.300018 107.200012 142.099991
v -293.100006 107.200012 142.099991
v -304.000000 131.100021 127.199997
v -304.000000 131.100021 125.599991
v -293.200012 131.100021 125.599991
v -293.200012 131.100021 127.999992
v -304.000000 131.100021 127.999992
v -293.200012 110.400009 127.999992
v -293.200012 131.100021 127.999992
v -293.200012 131.100021 125.599991
v -293.200012 110.400009 125.599991
v -293.200012 43.200012 128.000000
v -293.200012 64.000008 127.999992
v -293.200012 110.400009 127.999992
v -293.200012 110.400009 125.599991
v -293.200012 43.200008 125.599998
v -294.000000 134.800003 64.699997
v -294.000000 134.800003 83.699997
v -294.000000 131.199997 83.699997
v -294.000000 131.199997 64.699997
v -294.000000 131.100006 64.699997
v -294.000000 131.100006 83.699997
v -294.000000 127.400009 83.699997
v -294.000000 127.400009 64.699997
v -260.700012 131.200012 125.599991
v -260.700012 131.199997 83.699997
v -260.700012 131.199997 64.699997
v -280.100006 131.199997 64.699997
v -294.000000 131.199997 64.699997
v -294.000000 131.199997 83.699997
v -294.000000 131.200012 125.599991
v -260.700012 131.199997 64.699997
v -260.700012 131.199997 83.699997
v -224.900009 131.199997 83.699997
v -224.900009 131.199997 64.699997
v -214.100006 131.199997 91.424271
v -224.900009 131.199997 83.699997
v -260.700012 131.199997 83.699997
v -260.700012 131.200012 125.599991
v -236.800003 131.200012 125.599991
v -214.100006 131.200012 125.599991
v -225.000000 122.400009 73.299995
v -225.000000 114.400009 73.299995
v -225.000000 114.400009 75.699997
v -225.000000 122.400009 75.699997
v -224.900009 126.400009 64.699997
v -224.900009 131.199997 64.699997
v -224.900009 131.199997 83.699997
v -224.900009 110.400009 83.699997
v -224.900009 110.400009 64.699997
v -224.900009 110.400009 83.699997
v -224.900009 43.200008 83.700005
v -224.900009 43.200005 66.300003
v -224.900009 43.200005 64.700005
v -224.900009 60.800003 64.699997
v -224.900009 107.600006 64.699997
v -224.900009 110.400009 64.699997
v -224.900009 110.400009 83.699997
v -224.900009 131.199997 83.699997
v -214.100006 131.199997 91.424271
v -214.100006 110.400009 91.424271
v -224.900009 43.200008 83.700005
v -224.900009 110.400009 83.699997
v -214.100006 110.400009 91.424271
v -214.100006 43.200008 91.424278
v -225.000000 114.400009 73.299995
v -226.900009 114.400009 73.299995
v -225.199997 114.400009 75.699997
v -225.000000 114.400009 75.699997
v -290.800018 127.400009 64.699997
v -290.800018 127.400009 80.499992
v -290.800018 131.100006 80.499992
v -290.800018 131.100006 64.699997
v -225.000000 114.400009 75.699997
v -225.199997 114.400009 75.699997
v -225.199997 122.400009 75.699997
v -225.000000 122.400009 75.699997
v -226.900009 122.400009 73.299995
v -225.000000 122.400009 73.299995
v -225.000000 122.400009 75.699997
v -225.199997 122.400009 75.699997
v -226.900009 122.400009 73.299995
v -226.900009 114.400009 73.299995
v -225.000000 114.400009 73.299995
v -225.000000 122.400009 73.299995
v -226.900009 114.400009 73.299995
v -226.900009 122.400009 73.299995
v -225.199997 122.400009 75.699997
v -225.199997 114.400009 75.699997
v -294.000000 127.400009 83.699997
v -290.800018 127.400009 80.499992
v -290.800018 127.400009 64.699997
v -294.000000 127.400009 64.699997
v -290.800018 131.100006 64.699997
v -290.800018 131.100006 80.499992
v -294.000000 131.100006 83.699997
v -294.000000 131.100006 64.699997
v -294.000000 131.100006 83.699997
v -290.800018 131.100006 80.499992
v -290.800018 127.400009 80.499992
v -294.000000 127.400009 83.699997
v -304.000000 127.400009 86.899994
v -297.200012 127.400009 86.899994
v -294.000000 127.400009 83.699997
v -304.000000 127.400009 83.699997
v -304.000000 127.400009 83.699997
v -294.000000 127.400009 83.699997
v -294.000000 131.100006 83.699997
v -304.000000 131.100006 83.699997
v -304.000000 131.199997 83.699997
v -294.000000 131.199997 83.699997
v -294.000000 134.800003 83.699997
v -304.000000 134.800003 83.699997
v -294.000000 131.100006 83.699997
v -297.200012 131.100006 86.899994
v -304.000000 131.100006 86.899994
v -304.000000 131.100006 83.699997
v -294.000000 131.199997 83.699997
v -304.000000 131.199997 83.699997
v -304.000000 131.200012 125.599991
v -294.000000 131.200012 125.599991
v -304.000000 131.100006 86.899994
v -297.200012 131.100006 86.899994
v -297.200012 127.400009 86.899994
v -304.000000 127.400009 86.899994
v -294.000000 127.400009 83.699997
v -297.200012 127.400009 86.899994
v -297.200012 131.100006 86.899994
v -294.000000 131.100006 83.699997
v -332.399994 202.000000 83.699989
v -332.399994 223.600006 83.699989
v -332.399994 223.600006 82.699989
v -332.399994 223.600006 64.699989
v -332.399994 202.000000 64.699989
v -332.399994 134.800003 64.699997
v -332.399994 134.800003 83.699997
v -332.399994 156.400009 83.699989
v -332.399994 202.000000 83.699989
v -332.399994 202.000000 64.699989
v -332.399994 156.400009 83.699989
v -332.399994 134.800003 83.699997
v -313.200012 134.800003 83.699997
v -313.200012 156.400009 83.699989
v -332.399994 223.600006 83.699989
v -332.399994 202.000000 83.699989
v -332.399994 156.400009 83.699989
v -313.200012 156.400009 83.699989
v -313.200012 202.000000 83.699989
v -313.200012 223.600006 83.699989
v -313.200012 223.600006 83.699989
v -313.200012 202.000000 83.699989
v -304.000000 202.000000 83.699989
v -304.000000 223.600006 83.699989
v -313.200012 202.000000 83.699989
v -313.200012 156.400009 83.699989
v -313.200012 134.800003 83.699997
v -304.000000 134.800003 83.699997
v -304.000000 202.000000 83.699989
v -304.000000 131.200012 125.599991
v -304.000000 131.199997 83.699997
v -320.295013 131.199997 83.699997
v -320.295013 131.200012 124.895096
v -304.000000 131.200012 127.199997
v -320.295013 131.199997 83.699997
v -332.399994 131.199997 83.699997
v -387.494995 131.199997 83.699997
v -383.600006 131.199997 90.599991
v -361.800018 131.200012 110.199997
v -334.399994 131.200012 122.899994
v -320.295013 131.200012 124.895096
v -387.494995 131.199997 83.699997
v -332.399994 131.199997 83.699997
v -332.399994 131.199997 64.699997
v -397.792694 131.199997 64.699997
v -397.600006 131.199997 65.799995
v -332.399994 131.199997 64.699997
v -332.399994 131.199997 83.699997
v -332.399994 134.800003 83.699997
v -332.399994 134.800003 64.699997
v -332.399994 131.199997 83.699997
v -320.295013 131.199997 83.699997
v -304.000000 131.199997 83.699997
v -304.000000 134.800003 83.699997
v -313.200012 134.800003 83.699997
v -332.399994 134.800003 83.699997
v -333.200012 127.400009 83.699997
v -335.600006 127.400009 81.299995
v -335.600006 131.100006 81.299995
v -333.200012 131.100006 83.699997
v -333.200012 131.100006 83.699997
v -330.000000 131.100006 86.899994
v -330.000000 127.400009 86.899994
v -333.200012 127.400009 83.699997
v -397.600006 110.400009 65.799995
v -397.600006 131.199997 65.799995
v -397.792694 131.199997 64.699997
v -397.792694 110.400009 64.699997
v -397.792694 43.200005 64.700005
v -397.600006 43.200005 65.800003
v -397.600006 110.400009 65.799995
v -397.792694 110.400009 64.699997
v -334.399994 64.000008 122.899994
v -334.399994 43.200008 122.900002
v -304.000000 43.200012 127.200005
v -304.000000 64.000008 127.199997
v -334.399994 131.200012 122.899994
v -334.399994 64.000008 122.899994
v -304.000000 64.000008 127.199997
v -304.000000 83.200012 127.199997
v -304.000000 131.100021 127.199997
v -304.000000 131.200012 127.199997
v -397.600006 131.199997 65.799995
v -397.600006 110.400009 65.799995
v -383.600006 110.400009 90.599991
v -383.600006 131.199997 90.599991
v -397.600006 110.400009 65.799995
v -397.600006 43.200005 65.800003
v -397.317749 43.200005 66.300003
v -383.600006 43.200008 90.599998
v -383.600006 64.000008 90.599991
v -383.600006 110.400009 90.599991
v -361.800018 64.000008 110.199997
v -361.800018 43.200008 110.200005
v -334.399994 43.200008 122.900002
v -334.399994 64.000008 122.899994
v -361.800018 131.200012 110.199997
v -361.800018 64.000008 110.199997
v -334.399994 64.000008 122.899994
v -334.399994 131.200012 122.899994
v -383.600006 64.000008 90.599991
v -383.600006 43.200008 90.599998
v -361.800018 43.200008 110.200005
v -361.800018 64.000008 110.199997
v -383.600006 131.199997 90.599991
v -383.600006 110.400009 90.599991
v -383.600006 64.000008 90.599991
v -361.800018 64.000008 110.199997
v -361.800018 131.200012 110.199997
v -332.399994 127.400009 83.699997
v -333.200012 127.400009 83.699997
v -330.000000 127.400009 86.899994
v -307.600006 127.400009 86.899994
v -304.000000 127.400009 86.899994
v -304.000000 127.400009 83.699997
v -335.600006 127.400009 64.699997
v -335.600006 127.400009 81.299995
v -333.200012 127.400009 83.699997
v -332.399994 127.400009 83.699997
v -332.399994 127.400009 64.699997
v -307.600006 131.100006 86.899994
v -304.000000 131.100006 86.899994
v -304.000000 127.400009 86.899994
v -307.600006 127.400009 86.899994
v -330.000000 127.400009 86.899994
v -330.000000 131.100006 86.899994
v -310.800018 131.100006 86.899994
v -307.600006 131.100006 86.899994
v -307.600006 127.400009 86.899994
v -335.600006 131.100006 64.699997
v -335.600006 131.100006 81.299995
v -335.600006 127.400009 81.299995
v -335.600006 127.400009 64.699997
v -332.399994 127.400009 83.699997
v -304.000000 127.400009 83.699997
v -304.000000 131.100006 83.699997
v -310.800018 131.100006 83.699997
v -332.399994 131.100006 83.699997
v -304.000000 131.100006 86.899994
v -307.600006 131.100006 86.899994
v -310.800018 131.100006 86.899994
v -310.800018 131.100006 83.699997
v -304.000000 131.100006 83.699997
v -310.800018 131.100006 86.899994
v -330.000000 131.100006 86.899994
v -333.200012 131.100006 83.699997
v -332.399994 131.100006 83.699997
v -310.800018 131.100006 83.699997
v -332.399994 127.400009 64.699997
v -332.399994 127.400009 83.699997
v -332.399994 131.100006 83.699997
v -332.399994 131.100006 64.699997
v -333.200012 131.100006 83.699997
v -335.600006 131.100006 81.299995
v -335.600006 131.100006 64.699997
v -332.399994 131.100006 64.699997
v -332.399994 131.100006 83.699997
v -309.000000 131.100006 42.399990
v -309.000000 131.100006 41.199989
v -309.000000 127.500000 41.199989
v -309.000000 127.500000 42.399990
v -245.699997 134.800003 -8.100011
v -237.300003 134.800003 -8.100011
v -237.300003 134.800003 -6.900010
v -245.699997 134.800003 -6.900010
v -242.699997 134.800003 -5.200010
v -242.699997 156.400009 -5.200012
v -240.300003 156.400009 -5.200012
v -240.300003 134.800003 -5.200010
v -242.699997 156.400009 -5.200012
v -242.699997 202.000000 -5.200016
v -242.699997 223.600006 -5.200017
v -240.300003 223.600006 -5.200017
v -240.300003 202.000000 -5.200016
v -240.300003 156.400009 -5.200012
v -260.700012 156.400009 34.399990
v -260.700012 134.800003 34.399990
v -241.500000 134.800003 34.399990
v -241.500000 156.400009 34.399990
v -260.700012 223.600006 34.399986
v -260.700012 202.000000 34.399986
v -260.700012 156.400009 34.399990
v -241.500000 156.400009 34.399990
v -241.500000 202.000000 34.399986
v -241.500000 223.600006 34.399986
v -241.500000 223.600006 34.399986
v -241.500000 202.000000 34.399986
v -222.300003 202.000000 34.399986
v -222.300003 223.600006 34.399986
v -241.500000 202.000000 34.399986
v -241.500000 156.400009 34.399990
v -241.500000 134.800003 34.399990
v -222.300003 134.800003 34.399990
v -222.300003 202.000000 34.399986
v -222.300003 202.000000 -5.200016
v -222.300003 223.600006 -5.200017
v -222.300003 223.600006 22.899982
v -222.300003 223.600006 34.399986
v -222.300003 202.000000 34.399986
v -222.300003 134.800003 34.399990
v -222.300003 134.800003 -5.200010
v -222.300003 202.000000 -5.200016
v -222.300003 202.000000 34.399986
v -260.700012 202.000000 34.399986
v -260.700012 223.600006 34.399986
v -260.700012 223.600006 22.899982
v -260.700012 223.600006 -5.200017
v -260.700012 202.000000 -5.200016
v -260.700012 134.800003 -5.200010
v -260.700012 134.800003 34.399990
v -260.700012 156.400009 34.399990
v -260.700012 202.000000 34.399986
v -260.700012 202.000000 -5.200016
v -309.000000 134.800003 29.299992
v -309.000000 223.600006 29.299984
v -294.000000 223.600006 29.299984
v -294.000000 202.000000 29.299986
v -294.000000 134.800003 29.299992
v -294.000000 202.000000 29.299986
v -294.000000 223.600006 29.299984
v -294.000000 223.600006 64.699989
v -294.000000 202.000000 64.699989
v -294.000000 134.800003 64.699997
v -294.000000 134.800003 29.299992
v -294.000000 202.000000 29.299986
v -294.000000 202.000000 64.699989
v -222.300003 202.000000 -20.000015
v -222.300003 223.600006 -20.000017
v -222.300003 223.600006 -5.200017
v -222.300003 202.000000 -5.200016
v -222.300003 134.800003 -5.200010
v -222.300003 134.800003 -20.000010
v -222.300003 202.000000 -20.000015
v -222.300003 202.000000 -5.200016
v -260.700012 223.600006 -20.000017
v -260.700012 202.000000 -20.000015
v -260.700012 202.000000 -5.200016
v -260.700012 223.600006 -5.200017
v -260.700012 202.000000 -20.000015
v -260.700012 134.800003 -20.000010
v -260.700012 134.800003 -5.200010
v -260.700012 202.000000 -5.200016
v -242.699997 156.400009 -6.800012
v -242.699997 134.800003 -6.800010
v -240.300003 134.800003 -6.800010
v -240.300003 156.400009 -6.800012
v -240.300003 202.000000 -6.800015
v -240.300003 223.600006 -6.800017
v -242.699997 223.600006 -6.800017
v -242.699997 202.000000 -6.800015
v -242.699997 156.400009 -6.800012
v -240.300003 156.400009 -6.800012
v -240.300003 223.600006 -5.200017
v -240.300003 223.600006 -6.800017
v -240.300003 202.000000 -6.800015
v -240.300003 202.000000 -5.200016
v -240.300003 202.000000 -6.800015
v -240.300003 156.400009 -6.800012
v -240.300003 134.800003 -6.800010
v -240.300003 134.800003 -5.200010
v -240.300003 156.400009 -5.200012
v -240.300003 202.000000 -5.200016
v -242.699997 202.000000 -6.800015
v -242.699997 223.600006 -6.800017
v -242.699997 223.600006 -5.200017
v -242.699997 202.000000 -5.200016
v -242.699997 134.800003 -6.800010
v -242.699997 156.400009 -6.800012
v -242.699997 202.000000 -6.800015
v -242.699997 202.000000 -5.200016
v -242.699997 156.400009 -5.200012
v -242.699997 134.800003 -5.200010
v -222.300003 202.000000 -20.000015
v -222.300003 134.800003 -20.000010
v -260.700012 134.800003 -20.000010
v -260.700012 202.000000 -20.000015
v -260.700012 223.600006 -20.000017
v -222.300003 223.600006 -20.000017
v -242.699997 43.200001 -5.200004
v -242.699997 67.599998 -5.200006
v -240.300003 67.599998 -5.200006
v -240.300003 43.200001 -5.200004
v -242.699997 67.599998 -5.200006
v -242.699997 110.400002 -5.200008
v -242.699997 134.800003 -5.200010
v -240.300003 134.800003 -5.200010
v -240.300003 110.400002 -5.200008
v -240.300003 67.599998 -5.200006
v -214.100006 131.199997 26.599991
v -214.100006 131.199997 -5.200010
v -222.300003 131.199997 -5.200010
v -222.300003 131.199997 34.399990
v -222.300003 131.199997 46.839989
v -214.100006 131.199997 40.975719
v -224.900009 131.199997 48.699989
v -260.700012 131.199997 48.699989
v -260.700012 131.199997 51.399990
v -257.700012 131.199997 51.399990
v -235.300003 131.199997 51.399990
v -224.900009 131.199997 51.399990
v -260.700012 131.199997 64.699997
v -224.900009 131.199997 64.699997
v -224.900009 131.199997 52.599991
v -235.300003 131.199997 52.599991
v -257.700012 131.199997 52.599991
v -280.100006 131.199997 52.599991
v -280.100006 131.199997 64.699997
v -222.300003 131.199997 46.839989
v -222.300003 131.199997 34.399990
v -260.700012 131.199997 34.399990
v -260.700012 131.199997 48.699989
v -224.900009 131.199997 48.699989
v -309.000000 131.199997 29.299992
v -294.000000 131.199997 29.299992
v -293.200012 131.199997 29.299992
v -293.200012 131.199997 28.499990
v -309.000000 131.199997 28.499990
v -280.100006 131.199997 51.399990
v -260.700012 131.199997 51.399990
v -260.700012 131.199997 48.699989
v -260.700012 131.199997 34.399990
v -260.700012 131.199997 29.299992
v -293.200012 131.199997 29.299992
v -294.000000 131.199997 29.299992
v -294.000000 131.199997 51.399990
v -280.100006 131.199997 52.599991
v -280.100006 131.199997 51.399990
v -294.000000 131.199997 51.399990
v -294.000000 131.199997 64.699997
v -280.100006 131.199997 64.699997
v -260.700012 131.199997 29.299992
v -260.700012 131.199997 -5.200010
v -293.200012 131.199997 -5.200010
v -293.200012 131.199997 28.499990
v -293.200012 131.199997 29.299992
v -293.200012 131.199997 28.499990
v -293.200012 131.199997 -5.200010
v -309.000000 131.199997 -5.200010
v -309.000000 131.199997 26.099991
v -309.000000 131.199997 28.499990
v -260.700012 131.199997 -5.200010
v -260.700012 131.199997 29.299992
v -260.700012 131.199997 34.399990
v -260.700012 134.800003 34.399990
v -260.700012 134.800003 -5.200010
v -241.500000 134.800003 34.399990
v -260.700012 134.800003 34.399990
v -260.700012 131.199997 34.399990
v -222.300003 131.199997 34.399990
v -222.300003 134.800003 34.399990
v -222.300003 134.800003 -5.200010
v -222.300003 134.800003 34.399990
v -222.300003 131.199997 34.399990
v -222.300003 131.199997 -5.200010
v -294.000000 131.199997 29.299992
v -309.000000 131.199997 29.299992
v -309.000000 134.800003 29.299992
v -294.000000 134.800003 29.299992
v -294.000000 134.800003 29.299992
v -294.000000 134.800003 64.699997
v -294.000000 131.199997 64.699997
v -294.000000 131.199997 51.399990
v -294.000000 131.199997 29.299992
v -287.800018 84.000008 52.599995
v -287.800018 84.000008 51.399994
v -287.800018 92.500008 51.399994
v -287.800018 92.500008 52.599995
v -224.900009 43.200005 48.699997
v -224.900009 60.800003 48.699997
v -224.900009 60.800003 50.299995
v -224.900009 43.200005 50.299995
v -224.900009 126.400009 51.399990
v -224.900009 126.400002 50.299988
v -224.900009 126.400002 48.699989
v -224.900009 131.199997 48.699989
v -224.900009 131.199997 51.399990
v -224.900009 126.400009 64.699997
v -224.900009 126.400009 52.599991
v -224.900009 131.199997 52.599991
v -224.900009 131.199997 64.699997
v -224.900009 110.400009 52.599995
v -224.900009 110.400009 64.699997
v -224.900009 107.600006 64.699997
v -224.900009 107.600006 52.599995
v -224.900009 107.599998 48.699993
v -224.900009 110.400002 48.699993
v -224.900009 110.400002 50.299992
v -224.900009 110.400009 51.399994
v -224.900009 107.600006 51.399994
v -224.900009 60.800003 53.999996
v -224.900009 60.800003 50.399998
v -224.900009 60.800003 50.299995
v -224.900009 60.800003 48.699997
v -224.900009 107.599998 48.699993
v -224.900009 107.600006 51.399994
v -224.900009 107.600006 52.599995
v -224.900009 107.600006 64.699997
v -224.900009 60.800003 64.699997
v -224.900009 110.400002 48.699993
v -224.900009 126.400002 48.699989
v -224.900009 126.400002 50.299988
v -224.900009 110.400002 50.299992
v -224.900009 116.100006 52.599995
v -224.900009 126.400009 52.599991
v -224.900009 126.400009 51.399990
v -224.900009 116.100006 51.399994
v -224.900009 110.400009 51.399994
v -224.900009 110.400009 52.599995
v -224.900009 131.199997 48.699989
v -224.900009 126.400002 48.699989
v -224.900009 110.400002 48.699993
v -214.100006 110.400002 40.975723
v -214.100006 131.199997 40.975719
v -224.900009 110.400002 48.699993
v -224.900009 107.599998 48.699993
v -224.900009 60.800003 48.699997
v -224.900009 43.200005 48.699997
v -214.100006 43.200005 40.975727
v -214.100006 110.400002 40.975723
v -224.900009 110.400009 64.699997
v -224.900009 110.400009 52.599995
v -224.900009 110.400009 51.399994
v -224.900009 110.400002 50.299992
v -223.199997 110.400002 50.299992
v -223.199997 110.400009 64.699997
v -223.199997 118.400002 50.299992
v -223.199997 110.400002 50.299992
v -224.900009 110.400002 50.299992
v -224.900009 126.400002 50.299988
v -223.199997 126.400002 50.299988
v -224.900009 126.400002 50.299988
v -224.900009 126.400009 51.399990
v -224.900009 126.400009 52.599991
v -224.900009 126.400009 64.699997
v -223.199997 126.400009 64.699997
v -223.199997 126.400002 50.299988
v -223.199997 118.400002 50.299992
v -223.199997 126.400002 50.299988
v -223.199997 126.400009 64.699997
v -223.199997 118.400009 64.699997
v -223.199997 110.400002 50.299992
v -223.199997 118.400002 50.299992
v -223.199997 118.400009 64.699997
v -223.199997 110.400009 64.699997
v -214.100006 43.200005 50.299995
v -224.900009 43.200005 50.299995
v -224.900009 60.800003 50.299995
v -214.100006 60.800003 50.299995
v -223.800003 43.300003 50.399998
v -223.800003 43.300003 53.999996
v -217.400009 43.300003 53.999996
v -217.400009 43.300003 50.399998
v -214.100006 51.600006 50.399998
v -214.400009 51.300003 50.399998
v -214.100006 51.000004 50.399998
v -223.699997 60.800003 50.399998
v -223.800003 60.900005 50.399998
v -223.800003 60.800003 50.399998
v -223.800003 43.300003 50.399998
v -217.400009 43.300003 50.399998
v -217.400009 54.500004 50.399998
v -223.699997 60.800003 50.399998
v -217.400009 54.500004 50.399998
v -214.100006 54.500004 50.399998
v -214.100006 60.800003 50.399998
v -223.800003 60.800003 53.999996
v -224.900009 60.800003 53.999996
v -224.900009 60.800003 64.699997
v -214.100006 60.800003 64.699997
v -214.100006 60.800003 53.999996
v -224.900009 60.800003 50.399998
v -224.900009 60.800003 53.999996
v -223.800003 60.800003 53.999996
v -223.800003 60.800003 50.399998
v -223.800003 60.800003 53.999996
v -223.800003 54.500004 53.999996
v -223.800003 43.300003 53.999996
v -223.800003 43.300003 50.399998
v -223.800003 60.800003 50.399998
v -217.400009 54.500004 50.399998
v -217.400009 54.500004 53.999996
v -214.100006 54.500004 53.999996
v -214.100006 54.500004 50.399998
v -214.100006 60.800003 53.999996
v -214.100006 54.500004 53.999996
v -217.400009 54.500004 53.999996
v -223.800003 54.500004 53.999996
v -223.800003 60.800003 53.999996
v -217.400009 43.300003 50.399998
v -217.400009 43.300003 53.999996
v -217.400009 54.500004 53.999996
v -217.400009 54.500004 50.399998
v -214.100006 53.300003 52.599998
v -214.100006 49.700005 52.599998
v -214.300003 49.500004 52.599998
v -216.100006 51.300003 52.599998
v -214.300003 49.500004 52.999996
v -214.500000 49.800003 53.199997
v -214.100006 49.320007 55.279995
v -214.100006 49.256382 53.961178
v -214.100006 49.320007 55.279995
v -214.500000 49.800003 53.199997
v -214.100006 50.200005 53.199997
v -214.500000 49.800003 53.199997
v -214.300003 49.500004 52.999996
v -214.100006 49.700005 52.999996
v -214.100006 50.200005 53.199997
v -214.300003 49.500004 52.999996
v -214.100006 49.256382 53.961178
v -214.100006 49.700005 52.999996
v -216.000000 51.200005 52.199997
v -215.250000 50.450005 52.199997
v -214.400009 51.300003 52.199997
v -214.100006 51.600006 52.199997
v -214.100006 53.100006 52.199997
v -214.300003 49.500004 52.199997
v -214.100006 49.700005 52.199997
v -214.100006 51.000004 52.199997
v -214.400009 51.300003 52.199997
v -215.250000 50.450005 52.199997
v -216.100006 51.300003 52.599998
v -216.000000 51.200005 52.199997
v -214.100006 53.100006 52.199997
v -214.100006 53.300003 52.599998
v -214.100006 49.700005 52.199997
v -214.300003 49.500004 52.199997
v -214.300003 49.500004 52.599998
v -214.100006 49.700005 52.599998
v -214.300003 49.500004 52.599998
v -214.300003 49.500004 52.199997
v -215.250000 50.450005 52.199997
v -216.000000 51.200005 52.199997
v -216.100006 51.300003 52.599998
v -214.100006 51.000004 52.199997
v -214.100006 51.000004 50.399998
v -214.400009 51.300003 50.399998
v -214.400009 51.300003 52.199997
v -214.400009 51.300003 52.199997
v -214.400009 51.300003 50.399998
v -214.100006 51.600006 50.399998
v -214.100006 51.600006 52.199997
v -223.800003 43.300003 53.999996
v -223.800003 54.500004 53.999996
v -217.400009 54.500004 53.999996
v -217.400009 43.300003 53.999996
v -224.900009 60.800003 50.299995
v -224.900009 60.800003 50.399998
v -223.800003 60.800003 50.399998
v -223.699997 60.800003 50.399998
v -214.100006 60.800003 50.399998
v -214.100006 60.800003 50.299995
v -275.200012 84.000008 52.599995
v -275.200012 84.000008 51.399994
v -287.800018 84.000008 51.399994
v -287.800018 84.000008 52.599995
v -275.200012 107.600006 51.399994
v -284.000000 107.600006 51.399994
v -284.000000 92.500008 51.399994
v -275.200012 92.500008 51.399994
v -275.200012 92.500008 51.399994
v -284.000000 92.500008 51.399994
v -287.800018 92.500008 51.399994
v -287.800018 84.000008 51.399994
v -275.200012 84.000008 51.399994
v -235.300003 116.100006 51.399994
v -224.900009 116.100006 51.399994
v -224.900009 126.400009 51.399990
v -224.900009 131.199997 51.399990
v -235.300003 131.199997 51.399990
v -257.700012 116.100006 51.399994
v -239.199997 116.100006 51.399994
v -235.300003 116.100006 51.399994
v -235.300003 131.199997 51.399990
v -257.700012 131.199997 51.399990
v -280.100006 116.100006 51.399994
v -261.600006 116.100006 51.399994
v -257.700012 116.100006 51.399994
v -257.700012 131.199997 51.399990
v -260.700012 131.199997 51.399990
v -280.100006 131.199997 51.399990
v -224.900009 110.400009 51.399994
v -224.900009 116.100006 51.399994
v -235.300003 116.100006 51.399994
v -239.199997 116.100006 51.399994
v -239.199997 107.600006 51.399994
v -224.900009 107.600006 51.399994
v -239.199997 116.100006 51.399994
v -257.700012 116.100006 51.399994
v -261.600006 116.100006 51.399994
v -261.600006 107.600006 51.399994
v -239.199997 107.600006 51.399994
v -261.600006 116.100006 51.399994
v -280.100006 116.100006 51.399994
v -284.000000 116.100006 51.399994
v -284.000000 107.600006 51.399994
v -275.200012 107.600006 51.399994
v -261.600006 107.600006 51.399994
v -284.000000 116.100006 52.599995
v -284.000000 116.100006 51.399994
v -280.100006 116.100006 51.399994
v -280.100006 116.100006 52.599995
v -280.100006 116.100006 52.599995
v -280.100006 116.100006 51.399994
v -280.100006 131.199997 51.399990
v -280.100006 131.199997 52.599991
v -278.399994 131.100006 56.999989
v -265.200012 131.100006 56.999989
v -265.200012 130.900009 56.999989
v -278.399994 130.900009 56.999989
v -242.800003 131.100006 56.999989
v -229.600006 131.100006 56.999989
v -229.600006 130.900009 56.999989
v -242.800003 130.900009 56.999989
v -278.399994 129.500000 54.599991
v -265.200012 129.500000 54.599991
v -265.200012 131.100006 54.599991
v -278.399994 131.100006 54.599991
v -242.800003 129.500000 54.599991
v -229.600006 129.500000 54.599991
v -229.600006 131.100006 54.599991
v -242.800003 131.100006 54.599991
v -242.800003 129.500000 55.023987
v -242.800003 129.500000 54.599991
v -242.800003 131.100006 54.599991
v -242.800003 131.100006 56.999989
v -242.800003 130.900009 56.999989
v -229.600006 131.100006 54.599991
v -229.600006 129.500000 54.599991
v -229.600006 129.500000 55.023987
v -229.600006 130.900009 56.999989
v -229.600006 131.100006 56.999989
v -229.600006 129.500000 54.599991
v -242.800003 129.500000 54.599991
v -242.800003 129.500000 55.023987
v -229.600006 129.500000 55.023987
v -242.800003 131.100006 54.599991
v -229.600006 131.100006 54.599991
v -229.600006 131.100006 56.999989
v -242.800003 131.100006 56.999989
v -229.600006 129.500000 55.023987
v -242.800003 129.500000 55.023987
v -242.800003 130.900009 56.999989
v -229.600006 130.900009 56.999989
v -265.200012 131.100006 54.599991
v -265.200012 129.500000 54.599991
v -265.200012 129.500000 55.023987
v -265.200012 130.900009 56.999989
v -265.200012 131.100006 56.999989
v -265.200012 129.500000 54.599991
v -278.399994 129.500000 54.599991
v -278.399994 129.500000 55.023987
v -265.200012 129.500000 55.023987
v -278.399994 129.500000 55.023987
v -278.399994 129.500000 54.599991
v -278.399994 131.100006 54.599991
v -278.399994 131.100006 56.999989
v -278.399994 130.900009 56.999989
v -278.399994 131.100006 54.599991
v -265.200012 131.100006 54.599991
v -265.200012 131.100006 56.999989
v -278.399994 131.100006 56.999989
v -265.200012 129.500000 55.023987
v -278.399994 129.500000 55.023987
v -278.399994 130.900009 56.999989
v -265.200012 130.900009 56.999989
v -235.300003 131.199997 52.599991
v -224.900009 131.199997 52.599991
v -224.900009 126.400009 52.599991
v -224.900009 116.100006 52.599995
v -235.300003 116.100006 52.599995
v -257.700012 131.199997 52.599991
v -235.300003 131.199997 52.599991
v -235.300003 116.100006 52.599995
v -239.199997 116.100006 52.599995
v -257.700012 116.100006 52.599995
v -280.100006 131.199997 52.599991
v -257.700012 131.199997 52.599991
v -257.700012 116.100006 52.599995
v -261.600006 116.100006 52.599995
v -280.100006 116.100006 52.599995
v -224.900009 110.400009 52.599995
v -224.900009 107.600006 52.599995
v -239.199997 107.600006 52.599995
v -239.199997 116.100006 52.599995
v -235.300003 116.100006 52.599995
v -224.900009 116.100006 52.599995
v -239.199997 107.600006 52.599995
v -261.600006 107.600006 52.599995
v -261.600006 116.100006 52.599995
v -257.700012 116.100006 52.599995
v -239.199997 116.100006 52.599995
v -261.600006 107.600006 52.599995
v -275.200012 107.600006 52.599995
v -284.000000 107.600006 52.599995
v -284.000000 116.100006 52.599995
v -280.100006 116.100006 52.599995
v -261.600006 116.100006 52.599995
v -275.200012 92.500008 52.599995
v -284.000000 92.500008 52.599995
v -284.000000 107.600006 52.599995
v -275.200012 107.600006 52.599995
v -275.200012 84.000008 52.599995
v -287.800018 84.000008 52.599995
v -287.800018 92.500008 52.599995
v -284.000000 92.500008 52.599995
v -275.200012 92.500008 52.599995
v -275.200012 92.500008 51.399994
v -275.200012 84.000008 51.399994
v -275.200012 84.000008 52.599995
v -275.200012 92.500008 52.599995
v -275.200012 107.600006 52.599995
v -275.200012 107.600006 51.399994
v -261.600006 107.600006 52.599995
v -239.199997 107.600006 52.599995
v -224.900009 107.600006 52.599995
v -224.900009 107.600006 51.399994
v -239.199997 107.600006 51.399994
v -261.600006 107.600006 51.399994
v -275.200012 107.600006 51.399994
v -275.200012 107.600006 52.599995
v -287.800018 92.500008 52.599995
v -287.800018 92.500008 51.399994
v -284.000000 92.500008 51.399994
v -284.000000 92.500008 52.599995
v -284.000000 107.600006 52.599995
v -284.000000 92.500008 52.599995
v -284.000000 92.500008 51.399994
v -284.000000 107.600006 51.399994
v -284.000000 116.100006 51.399994
v -284.000000 116.100006 52.599995
v -290.800018 127.400009 64.699997
v -290.800018 127.400002 32.499989
v -294.000000 127.400002 29.299992
v -294.000000 127.400009 64.699997
v -294.000000 127.400002 29.299992
v -296.399994 127.400002 26.099991
v -309.000000 127.400002 26.099991
v -309.000000 127.400002 29.299992
v -309.000000 131.100006 29.299992
v -294.000000 131.100006 29.299992
v -294.000000 127.400002 29.299992
v -309.000000 127.400002 29.299992
v -294.000000 127.400002 29.299992
v -294.000000 131.100006 29.299992
v -294.000000 131.100006 64.699997
v -294.000000 127.400009 64.699997
v -290.800018 131.100006 32.499989
v -290.800018 127.400002 32.499989
v -290.800018 127.400009 64.699997
v -290.800018 131.100006 64.699997
v -294.000000 131.100006 29.299992
v -290.800018 131.100006 32.499989
v -290.800018 131.100006 64.699997
v -294.000000 131.100006 64.699997
v -294.000000 127.400002 29.299992
v -290.800018 127.400002 32.499989
v -290.800018 131.100006 32.499989
v -294.000000 131.100006 29.299992
v -309.000000 127.400002 26.099991
v -296.399994 127.400002 26.099991
v -296.399994 131.100006 26.099991
v -309.000000 131.100006 26.099991
v -309.000000 131.100006 26.099991
v -296.399994 131.100006 26.099991
v -294.000000 131.100006 29.299992
v -309.000000 131.100006 29.299992
v -294.000000 131.100006 29.299992
v -296.399994 131.100006 26.099991
v -296.399994 127.400002 26.099991
v -294.000000 127.400002 29.299992
v -260.700012 131.199997 -20.000010
v -260.700012 131.199997 -5.200010
v -260.700012 134.800003 -5.200010
v -260.700012 134.800003 -20.000010
v -222.300003 134.800003 -20.000010
v -222.300003 134.800003 -5.200010
v -222.300003 131.199997 -5.200010
v -222.300003 131.199997 -20.000010
v -222.300003 131.199997 -51.200012
v -222.300003 131.199997 -20.000010
v -222.300003 131.199997 -5.200010
v -214.100006 131.199997 -5.200010
v -214.100006 131.199997 -51.200012
v -260.700012 131.199997 -20.000010
v -260.700012 134.800003 -20.000010
v -222.300003 134.800003 -20.000010
v -222.300003 131.199997 -20.000010
v -237.300003 134.800003 -6.900010
v -237.300003 134.800003 -8.100011
v -237.300003 131.199997 -8.100010
v -237.300003 131.199997 -6.900010
v -245.699997 131.199997 -6.900010
v -245.699997 131.199997 -8.100010
v -245.699997 134.800003 -8.100011
v -245.699997 134.800003 -6.900010
v -237.300003 134.800003 -8.100011
v -245.699997 134.800003 -8.100011
v -245.699997 131.199997 -8.100010
v -237.300003 131.199997 -8.100010
v -242.699997 67.599998 -6.800005
v -242.699997 43.200001 -6.800004
v -240.300003 43.200001 -6.800004
v -240.300003 67.599998 -6.800005
v -242.699997 134.800003 -6.800010
v -242.699997 110.400002 -6.800008
v -242.699997 67.599998 -6.800005
v -240.300003 67.599998 -6.800005
v -240.300003 110.400002 -6.800008
v -240.300003 134.800003 -6.800010
v -240.300003 134.800003 -6.800010
v -240.300003 110.400002 -6.800008
v -240.300003 110.400002 -5.200008
v -240.300003 134.800003 -5.200010
v -240.300003 110.400002 -6.800008
v -240.300003 67.599998 -6.800005
v -240.300003 43.200001 -6.800004
v -240.300003 43.200001 -5.200004
v -240.300003 67.599998 -5.200006
v -240.300003 110.400002 -5.200008
v -242.699997 110.400002 -6.800008
v -242.699997 134.800003 -6.800010
v -242.699997 134.800003 -5.200010
v -242.699997 110.400002 -5.200008
v -242.699997 43.200001 -6.800004
v -242.699997 67.599998 -6.800005
v -242.699997 110.400002 -6.800008
v -242.699997 110.400002 -5.200008
v -242.699997 67.599998 -5.200006
v -242.699997 43.200001 -5.200004
v -237.300003 131.199997 -8.100010
v -245.699997 131.199997 -8.100010
v -245.699997 131.199997 -6.900010
v -237.300003 131.199997 -6.900010
v -237.300003 131.199997 -6.900010
v -245.699997 131.199997 -6.900010
v -245.699997 134.800003 -6.900010
v -237.300003 134.800003 -6.900010
v -222.300003 131.199997 -51.200012
v -238.800003 131.199997 -51.200012
v -260.700012 131.199997 -51.200012
v -260.700012 131.199997 -20.000010
v -222.300003 131.199997 -20.000010
v -304.000000 131.199997 -50.400013
v -309.000000 131.199997 -49.692757
v -309.000000 131.199997 -48.000011
v -304.000000 131.199997 -48.000011
v -293.200012 131.199997 -5.200010
v -293.200012 131.199997 -48.000011
v -304.000000 131.199997 -48.000011
v -309.000000 131.199997 -48.000011
v -309.000000 131.199997 -5.200010
v -260.700012 131.199997 -5.200010
v -260.700012 131.199997 -20.000010
v -260.700012 131.199997 -51.200012
v -283.600006 131.199997 -51.200012
v -293.200012 131.199997 -51.200012
v -293.200012 131.199997 -48.000011
v -293.200012 131.199997 -5.200010
v -293.200012 101.440002 -48.000008
v -293.200012 131.199997 -48.000011
v -293.200012 131.199997 -51.200012
v -293.200012 101.439995 -51.200008
v -293.200012 72.320000 -48.000004
v -293.200012 83.200005 -48.000008
v -293.200012 101.440002 -48.000008
v -293.200012 101.439995 -51.200008
v -293.200012 86.399994 -51.200008
v -293.200012 72.319992 -51.200005
v -293.200012 43.199997 -48.000004
v -293.200012 63.999996 -48.000004
v -293.200012 72.320000 -48.000004
v -293.200012 72.319992 -51.200005
v -293.200012 43.199997 -51.200005
v -293.200012 101.440002 -48.000008
v -293.200012 83.200005 -48.000008
v -304.000000 83.200005 -48.000008
v -304.000000 112.320000 -48.000008
v -304.000000 131.199997 -48.000011
v -293.200012 131.199997 -48.000011
v -293.200012 72.320000 -48.000004
v -293.200012 63.999996 -48.000004
v -304.000000 63.999996 -48.000004
v -304.000000 83.200005 -48.000008
v -293.200012 83.200005 -48.000008
v -304.000000 43.199997 -48.000004
v -304.000000 63.999996 -48.000004
v -293.200012 63.999996 -48.000004
v -293.200012 43.199997 -48.000004
v -304.000000 43.199997 -50.400005
v -304.000000 63.999996 -50.400005
v -304.000000 63.999996 -48.000004
v -304.000000 43.199997 -48.000004
v -304.000000 63.999996 -48.000004
v -304.000000 63.999996 -50.400005
v -304.000000 83.200005 -50.400009
v -304.000000 83.200005 -48.000008
v -304.000000 112.320000 -50.400009
v -304.000000 131.199997 -50.400013
v -304.000000 131.199997 -48.000011
v -304.000000 112.320000 -48.000008
v -304.000000 83.200005 -48.000008
v -304.000000 83.200005 -50.400009
v -304.000000 112.320000 -50.400009
v -304.000000 112.320000 -48.000008
v -304.000000 63.999996 -50.400005
v -304.000000 43.199997 -50.400005
v -309.000000 43.199997 -49.692768
v -309.000000 63.999996 -49.692768
v -309.000000 131.199997 -49.692757
v -304.000000 131.199997 -50.400013
v -304.000000 112.320000 -50.400009
v -304.000000 83.200005 -50.400009
v -304.000000 63.999996 -50.400005
v -309.000000 63.999996 -49.692768
v -332.399994 134.800003 29.299992
v -332.399994 202.000000 29.299986
v -332.399994 223.600006 29.299984
v -312.000000 223.600006 29.299984
v -309.000000 223.600006 29.299984
v -309.000000 134.800003 29.299992
v -314.399994 202.000000 42.499985
v -314.399994 223.600006 42.499985
v -314.399994 223.600006 44.099987
v -314.399994 202.000000 44.099987
v -314.399994 134.800003 42.499989
v -314.399994 156.400009 42.499989
v -314.399994 202.000000 42.499985
v -314.399994 202.000000 44.099987
v -314.399994 156.400009 44.099991
v -314.399994 134.800003 44.099991
v -314.399994 134.800003 44.099991
v -314.399994 156.400009 44.099991
v -312.000000 156.400009 44.099991
v -312.000000 134.800003 44.099991
v -314.399994 156.400009 44.099991
v -314.399994 202.000000 44.099987
v -314.399994 223.600006 44.099987
v -312.000000 223.600006 44.099987
v -312.000000 202.000000 44.099987
v -312.000000 156.400009 44.099991
v -314.399994 156.400009 42.499989
v -314.399994 134.800003 42.499989
v -312.000000 134.800003 42.499989
v -312.000000 156.400009 42.499989
v -314.399994 223.600006 42.499985
v -314.399994 202.000000 42.499985
v -314.399994 156.400009 42.499989
v -312.000000 156.400009 42.499989
v -312.000000 202.000000 42.499985
v -312.000000 223.600006 42.499985
v -312.000000 223.600006 42.499985
v -312.000000 202.000000 42.499985
v -312.000000 202.000000 44.099987
v -312.000000 223.600006 44.099987
v -312.000000 202.000000 42.499985
v -312.000000 156.400009 42.499989
v -312.000000 134.800003 42.499989
v -312.000000 134.800003 44.099991
v -312.000000 156.400009 44.099991
v -312.000000 202.000000 44.099987
v -332.399994 223.600006 29.299984
v -332.399994 202.000000 29.299986
v -332.399994 202.000000 64.699989
v -332.399994 223.600006 64.699989
v -332.399994 202.000000 29.299986
v -332.399994 134.800003 29.299992
v -332.399994 134.800003 64.699997
v -332.399994 202.000000 64.699989
v -310.800018 131.100006 26.099991
v -330.000000 131.100006 26.099991
v -330.000000 127.400002 26.099991
v -309.000000 127.400002 26.099991
v -309.000000 131.100006 26.099991
v -402.399994 131.199997 38.399990
v -402.399994 110.400002 38.399994
v -397.792694 110.400009 64.699997
v -397.792694 131.199997 64.699997
v -402.399994 110.400002 38.399994
v -402.399994 43.200005 38.399998
v -401.681763 43.200005 42.499996
v -397.792694 43.200005 64.700005
v -397.792694 110.400009 64.699997
v -402.399994 110.400002 38.399994
v -402.399994 131.199997 38.399990
v -400.245270 131.199997 26.099991
v -400.245270 110.400002 26.099993
v -400.245270 43.200005 26.099997
v -402.399994 43.200005 38.399998
v -402.399994 110.400002 38.399994
v -400.245270 110.400002 26.099993
v -332.399994 131.100006 29.299992
v -310.800018 131.100006 29.299992
v -309.000000 131.100006 29.299992
v -309.000000 127.400002 29.299992
v -332.399994 127.400002 29.299992
v -309.000000 131.199997 29.299992
v -332.399994 131.199997 29.299992
v -332.399994 134.800003 29.299992
v -309.000000 134.800003 29.299992
v -332.399994 131.199997 29.299992
v -332.399994 131.199997 64.699997
v -332.399994 134.800003 64.699997
v -332.399994 134.800003 29.299992
v -332.399994 127.400002 29.299992
v -332.399994 127.400009 64.699997
v -332.399994 131.100006 64.699997
v -332.399994 131.100006 29.299992
v -313.200012 131.100006 39.599991
v -317.399994 131.100006 41.199989
v -317.399994 127.500000 41.199989
v -313.200012 127.500000 39.599991
v -314.399994 43.200005 44.099998
v -314.399994 67.599998 44.099998
v -312.000000 67.599998 44.099998
v -312.000000 43.200005 44.099998
v -314.399994 67.599998 44.099998
v -314.399994 110.400002 44.099995
v -314.399994 134.800003 44.099991
v -312.000000 134.800003 44.099991
v -312.000000 110.400002 44.099995
v -312.000000 67.599998 44.099998
v -317.399994 127.500000 42.399990
v -317.399994 127.500000 41.199989
v -317.399994 131.100006 41.199989
v -317.399994 131.100006 42.399990
v -309.000000 127.500000 42.399990
v -317.399994 127.500000 42.399990
v -317.399994 131.100006 42.399990
v -309.000000 131.100006 42.399990
v -312.000000 134.800003 42.499989
v -312.000000 110.400002 42.499992
v -312.000000 110.400002 44.099995
v -312.000000 134.800003 44.099991
v -312.000000 110.400002 42.499992
v -312.000000 67.599998 42.499996
v -312.000000 43.200005 42.499996
v -312.000000 43.200005 44.099998
v -312.000000 67.599998 44.099998
v -312.000000 110.400002 44.099995
v -314.399994 110.400002 42.499992
v -314.399994 134.800003 42.499989
v -314.399994 134.800003 44.099991
v -314.399994 110.400002 44.099995
v -314.399994 43.200005 42.499996
v -314.399994 67.599998 42.499996
v -314.399994 110.400002 42.499992
v -314.399994 110.400002 44.099995
v -314.399994 67.599998 44.099998
v -314.399994 43.200005 44.099998
v -314.399994 67.599998 42.499996
v -314.399994 43.200005 42.499996
v -312.000000 43.200005 42.499996
v -312.000000 67.599998 42.499996
v -314.399994 134.800003 42.499989
v -314.399994 110.400002 42.499992
v -314.399994 67.599998 42.499996
v -312.000000 67.599998 42.499996
v -312.000000 110.400002 42.499992
v -312.000000 134.800003 42.499989
v -313.200012 127.500000 39.599991
v -317.399994 127.500000 41.199989
v -317.399994 127.500000 42.399990
v -309.000000 127.500000 42.399990
v -309.000000 127.500000 41.199989
v -317.399994 131.100006 41.199989
v -313.200012 131.100006 39.599991
v -309.000000 131.100006 41.199989
v -309.000000 131.100006 42.399990
v -317.399994 131.100006 42.399990
v -309.000000 131.100006 41.199989
v -313.200012 131.100006 39.599991
v -313.200012 127.500000 39.599991
v -309.000000 127.500000 41.199989
v -335.600006 131.100006 64.699997
v -335.600006 131.100006 31.699991
v -333.200012 131.100006 29.299992
v -332.399994 131.100006 29.299992
v -332.399994 131.100006 64.699997
v -394.399994 131.100006 44.099991
v -394.399994 131.100006 42.499989
v -392.000000 131.100006 42.499989
v -392.000000 131.100006 44.099991
v -390.200012 131.100006 58.899990
v -392.500000 131.100006 57.999989
v -393.399994 131.100006 55.699989
v -392.500000 131.100006 53.399990
v -390.200012 131.100006 52.499989
v -387.899994 131.100006 53.399990
v -387.000000 131.100006 55.699989
v -387.899994 131.100006 57.999989
v -332.399994 131.199997 64.699997
v -332.399994 131.199997 29.299992
v -333.200012 131.199997 29.299992
v -400.806000 131.199997 29.299992
v -402.399994 131.199997 38.399990
v -397.792694 131.199997 64.699997
v -394.399994 43.200005 42.499996
v -394.399994 73.400002 42.499996
v -394.399994 73.400002 44.099998
v -394.399994 43.200005 44.099998
v -394.399994 79.800003 44.099995
v -394.399994 79.800003 42.499992
v -394.399994 131.100006 42.499989
v -394.399994 131.100006 44.099991
v -394.399994 73.400002 44.099998
v -394.399994 73.400002 42.499996
v -394.399994 79.800003 42.499992
v -394.399994 79.800003 44.099995
v -335.600006 127.400002 31.699991
v -335.600006 131.100006 31.699991
v -335.600006 131.100006 64.699997
v -335.600006 127.400009 64.699997
v -332.399994 127.400002 29.299992
v -333.200012 127.400002 29.299992
v -335.600006 127.400002 31.699991
v -335.600006 127.400009 64.699997
v -332.399994 127.400009 64.699997
v -333.200012 131.100006 29.299992
v -335.600006 131.100006 31.699991
v -335.600006 127.400002 31.699991
v -333.200012 127.400002 29.299992
v -392.000000 73.400002 45.599998
v -394.399994 73.400002 44.099998
v -394.399994 79.800003 44.099995
v -392.000000 79.800003 45.599995
v -392.500000 110.400009 57.999992
v -392.500000 131.100006 57.999989
v -390.200012 131.100006 58.899990
v -390.200012 110.400009 58.899994
v -392.500000 43.200005 57.999996
v -392.500000 110.400009 57.999992
v -390.200012 110.400009 58.899994
v -390.200012 43.200005 58.899998
v -390.200012 110.400009 58.899994
v -390.200012 131.100006 58.899990
v -387.899994 131.100006 57.999989
v -387.899994 110.400009 57.999992
v -390.200012 43.200005 58.899998
v -390.200012 110.400009 58.899994
v -387.899994 110.400009 57.999992
v -387.899994 43.200005 57.999996
v -393.399994 110.400009 55.699993
v -393.399994 131.100006 55.699989
v -392.500000 131.100006 57.999989
v -392.500000 110.400009 57.999992
v -393.399994 43.200005 55.699997
v -393.399994 110.400009 55.699993
v -392.500000 110.400009 57.999992
v -392.500000 43.200005 57.999996
v -387.000000 131.100006 55.699989
v -387.000000 110.400009 55.699993
v -387.899994 110.400009 57.999992
v -387.899994 131.100006 57.999989
v -387.000000 110.400009 55.699993
v -387.000000 43.200005 55.699997
v -387.899994 43.200005 57.999996
v -387.899994 110.400009 57.999992
v -392.500000 110.400009 53.399994
v -392.500000 131.100006 53.399990
v -393.399994 131.100006 55.699989
v -393.399994 110.400009 55.699993
v -392.500000 43.200005 53.399998
v -392.500000 110.400009 53.399994
v -393.399994 110.400009 55.699993
v -393.399994 43.200005 55.699997
v -387.899994 131.100006 53.399990
v -387.899994 110.400009 53.399994
v -387.000000 110.400009 55.699993
v -387.000000 131.100006 55.699989
v -387.899994 110.400009 53.399994
v -387.899994 43.200005 53.399998
v -387.000000 43.200005 55.699997
v -387.000000 110.400009 55.699993
v -392.500000 131.100006 53.399990
v -392.500000 110.400009 53.399994
v -390.200012 110.400009 52.499992
v -390.200012 131.100006 52.499989
v -392.500000 110.400009 53.399994
v -392.500000 43.200005 53.399998
v -390.200012 43.200005 52.499996
v -390.200012 110.400009 52.499992
v -390.200012 131.100006 52.499989
v -390.200012 110.400009 52.499992
v -387.899994 110.400009 53.399994
v -387.899994 131.100006 53.399990
v -390.200012 110.400009 52.499992
v -390.200012 43.200005 52.499996
v -387.899994 43.200005 53.399998
v -387.899994 110.400009 53.399994
v -394.399994 79.800003 44.099995
v -392.000000 79.800003 44.099995
v -392.000000 79.800003 45.599995
v -394.399994 79.800003 42.499992
v -392.000000 79.800003 40.899994
v -392.000000 79.800003 42.499992
v -392.000000 131.100006 44.099991
v -392.000000 131.100006 42.499989
v -392.000000 79.800003 42.499992
v -392.000000 79.800003 44.099995
v -392.000000 131.100006 42.499989
v -394.399994 131.100006 42.499989
v -394.399994 79.800003 42.499992
v -392.000000 79.800003 42.499992
v -392.000000 79.800003 44.099995
v -394.399994 79.800003 44.099995
v -394.399994 131.100006 44.099991
v -392.000000 131.100006 44.099991
v -392.000000 73.400002 44.099998
v -392.000000 73.400002 42.499996
v -392.000000 43.200005 42.499996
v -392.000000 43.200005 44.099998
v -392.000000 79.800003 45.599995
v -392.000000 79.800003 44.099995
v -392.000000 79.800003 42.499992
v -392.000000 79.800003 40.899994
v -392.000000 73.400002 40.899998
v -392.000000 73.400002 42.499996
v -392.000000 73.400002 44.099998
v -392.000000 73.400002 45.599998
v -392.000000 73.400002 45.599998
v -392.000000 73.400002 44.099998
v -394.399994 73.400002 44.099998
v -392.000000 73.400002 42.499996
v -392.000000 73.400002 40.899998
v -394.399994 73.400002 42.499996
v -392.000000 79.800003 40.899994
v -394.399994 79.800003 42.499992
v -394.399994 73.400002 42.499996
v -392.000000 73.400002 40.899998
v -392.000000 73.400002 42.499996
v -394.399994 73.400002 42.499996
v -394.399994 43.200005 42.499996
v -392.000000 43.200005 42.499996
v -394.399994 43.200005 44.099998
v -394.399994 73.400002 44.099998
v -392.000000 73.400002 44.099998
v -392.000000 43.200005 44.099998
v -309.000000 127.400002 26.099991
v -330.000000 127.400002 26.099991
v -333.200012 127.400002 29.299992
v -332.399994 127.400002 29.299992
v -309.000000 127.400002 29.299992
v -310.800018 131.100006 26.099991
v -309.000000 131.100006 26.099991
v -309.000000 131.100006 29.299992
v -310.800018 131.100006 29.299992
v -332.399994 131.100006 29.299992
v -333.200012 131.100006 29.299992
v -330.000000 131.100006 26.099991
v -310.800018 131.100006 26.099991
v -310.800018 131.100006 29.299992
v -333.200012 131.199997 28.499990
v -333.200012 131.199997 29.299992
v -332.399994 131.199997 29.299992
v -309.000000 131.199997 29.299992
v -309.000000 131.199997 28.499990
v -333.466003 131.199997 28.499990
v -333.200012 131.199997 28.499990
v -309.000000 131.199997 28.499990
v -309.000000 131.199997 26.099991
v -333.045502 131.199997 26.099991
v -333.466003 131.199997 26.099991
v -400.245270 131.199997 26.099991
v -400.665985 131.199997 28.499990
v -333.466003 131.199997 28.499990
v -333.466003 131.199997 26.099991
v -333.200012 131.199997 28.499990
v -333.466003 131.199997 28.499990
v -400.665985 131.199997 28.499990
v -400.806000 131.199997 29.299992
v -333.200012 131.199997 29.299992
v -333.200012 127.400002 29.299992
v -330.000000 127.400002 26.099991
v -330.000000 131.100006 26.099991
v -333.200012 131.100006 29.299992
v -309.000000 131.199997 -5.200010
v -309.000000 131.199997 -48.000011
v -309.000000 131.199997 -49.692757
v -333.045502 131.199997 -46.291603
v -333.045502 131.199997 26.099991
v -309.000000 131.199997 26.099991
v -333.045502 131.199997 -46.291603
v -334.399994 131.199997 -46.100014
v -361.800018 131.199997 -33.400013
v -383.600006 131.199997 -13.800010
v -397.600006 131.199997 10.999990
v -400.245270 131.199997 26.099991
v -333.466003 131.199997 26.099991
v -333.045502 131.199997 26.099991
v -312.000000 43.199997 -49.268425
v -334.399994 43.199997 -46.100006
v -334.399994 63.999996 -46.100006
v -309.000000 63.999996 -49.692768
v -309.000000 43.199997 -49.692768
v -334.399994 63.999996 -46.100006
v -334.399994 110.400002 -46.100010
v -334.399994 131.199997 -46.100014
v -309.000000 131.199997 -49.692757
v -309.000000 63.999996 -49.692768
v -397.600006 131.199997 10.999990
v -397.600006 110.400002 10.999991
v -400.245270 110.400002 26.099993
v -400.245270 131.199997 26.099991
v -397.600006 110.400002 10.999991
v -397.600006 43.200001 10.999997
v -400.245270 43.200005 26.099997
v -400.245270 110.400002 26.099993
v -383.600006 131.199997 -13.800010
v -383.600006 110.400002 -13.800009
v -397.600006 110.400002 10.999991
v -397.600006 131.199997 10.999990
v -383.600006 110.400002 -13.800009
v -383.600006 43.200001 -13.800003
v -397.600006 43.200001 10.999997
v -397.600006 110.400002 10.999991
v -361.800018 110.400002 -33.400009
v -361.800018 131.199997 -33.400013
v -334.399994 131.199997 -46.100014
v -334.399994 110.400002 -46.100010
v -361.800018 43.199997 -33.400005
v -361.800018 110.400002 -33.400009
v -334.399994 110.400002 -46.100010
v -334.399994 63.999996 -46.100006
v -334.399994 43.199997 -46.100006
v -383.600006 110.400002 -13.800009
v -383.600006 131.199997 -13.800010
v -361.800018 131.199997 -33.400013
v -361.800018 110.400002 -33.400009
v -383.600006 43.200001 -13.800003
v -383.600006 110.400002 -13.800009
v -361.800018 110.400002 -33.400009
v -361.800018 43.199997 -33.400005
v -194.000000 86.399994 -56.480007
v -194.000000 86.399994 -51.200008
v -194.000000 63.999996 -51.200005
v -194.000000 43.199997 -51.200005
v -194.000000 43.199997 -56.480003
v -194.000000 43.199993 -108.000000
v -194.000000 86.399994 -108.000008
v -194.000000 86.399994 -56.480007
v -194.000000 43.199997 -56.480003
v -194.000000 131.199997 -56.480011
v -194.000000 131.199997 -51.200012
v -194.000000 86.399994 -51.200008
v -194.000000 86.399994 -56.480007
v -194.000000 86.399994 -108.000008
v -194.000000 131.199982 -108.000008
v -194.000000 131.199997 -56.480011
v -194.000000 86.399994 -56.480007
v -293.200012 43.199997 -56.480003
v -293.200012 43.199997 -51.200005
v -293.200012 72.319992 -51.200005
v -293.200012 86.399994 -51.200008
v -293.200012 86.399994 -56.480007
v -293.200012 86.399994 -108.000008
v -293.200012 43.199993 -108.000000
v -293.200012 43.199997 -56.480003
v -293.200012 86.399994 -56.480007
v -293.200012 86.399994 -56.480007
v -293.200012 86.399994 -51.200008
v -293.200012 101.439995 -51.200008
v -293.200012 131.199997 -51.200012
v -293.200012 131.199997 -56.480011
v -293.200012 131.199982 -108.000008
v -293.200012 86.399994 -108.000008
v -293.200012 86.399994 -56.480007
v -293.200012 131.199997 -56.480011
v -293.200012 131.199997 -56.480011
v -293.200012 131.199997 -51.200012
v -283.600006 131.199997 -51.200012
v -283.600006 131.199997 -56.480011
v -283.600006 131.199982 -108.000008
v -293.200012 131.199982 -108.000008
v -293.200012 131.199997 -56.480011
v -283.600006 131.199997 -56.480011
v -283.600006 131.199997 -56.480011
v -283.600006 131.199997 -51.200012
v -260.700012 131.199997 -51.200012
v -238.800003 131.199997 -51.200012
v -238.800003 131.199997 -56.480011
v -238.800003 131.199982 -108.000008
v -283.600006 131.199982 -108.000008
v -283.600006 131.199997 -56.480011
v -238.800003 131.199997 -56.480011
v -238.800003 131.199997 -56.480011
v -238.800003 131.199997 -51.200012
v -222.300003 131.199997 -51.200012
v -214.100006 131.199997 -51.200012
v -194.000000 131.199997 -51.200012
v -194.000000 131.199997 -56.480011
v -194.000000 131.199982 -108.000008
v -238.800003 131.199982 -108.000008
v -238.800003 131.199997 -56.480011
v -194.000000 131.199997 -56.480011
v -293.200012 43.199993 -108.000000
v -293.200012 86.399994 -108.000008
v -293.200012 131.199982 -108.000008
v -283.600006 131.199982 -108.000008
v -238.800003 131.199982 -108.000008
v -194.000000 131.199982 -108.000008
v -194.000000 86.399994 -108.000008
v -194.000000 43.199993 -108.000000
v -171.600006 -1.600004 -51.200001
v -171.600006 -13.200004 -51.200001
v -183.000000 -13.200004 -51.200001
v -183.000000 -1.600004 -51.200001
v -171.600006 43.199997 -51.200005
v -171.600006 -1.600004 -51.200001
v -183.000000 -1.600004 -51.200001
v -183.000000 43.199997 -51.200005
v -129.199997 -1.600004 -51.200001
v -129.199997 -3.000004 -51.200001
v -129.199997 -15.200004 -51.200001
v -138.400009 -15.200004 -51.200001
v -171.600006 -15.200004 -51.200001
v -171.600006 -13.200004 -51.200001
v -171.600006 -1.600004 -51.200001
v -138.400009 43.199997 -51.200005
v -129.199997 43.199997 -51.200005
v -129.199997 -1.600004 -51.200001
v -171.600006 -1.600004 -51.200001
v -171.600006 43.199997 -51.200005
v -183.199997 -15.200004 -51.200001
v -183.199997 -1.600004 -51.200001
v -183.000000 -1.600004 -51.200001
v -183.000000 -13.200004 -51.200001
v -183.000000 -15.200004 -51.200001
v -183.199997 -1.600004 -51.200001
v -183.199997 43.199997 -51.200005
v -183.000000 43.199997 -51.200005
v -183.000000 -1.600004 -51.200001
v -129.199997 -60.000004 -51.199997
v -129.199997 -61.500004 -51.199997
v -129.199997 -76.800011 -51.199993
v -138.400009 -76.800011 -51.199993
v -138.400009 -60.000004 -51.199997
v -138.400009 -15.200004 -51.200001
v -129.199997 -15.200004 -51.200001
v -129.199997 -60.000004 -51.199997
v -138.400009 -60.000004 -51.199997
v -138.400009 -60.000004 -51.199997
v -138.400009 -76.800011 -51.199993
v -144.600006 -76.800011 -51.199993
v -183.199997 -76.800011 -51.199993
v -183.199997 -60.000004 -51.199997
v -183.199997 -24.000004 -51.200001
v -183.199997 -15.200004 -51.200001
v -183.000000 -15.200004 -51.200001
v -171.600006 -15.200004 -51.200001
v -138.400009 -15.200004 -51.200001
v -138.400009 -60.000004 -51.199997
v -183.199997 -60.000004 -51.199997
v -194.000000 -76.800011 -51.199993
v -194.000000 -46.400005 -51.199997
v -194.000000 -24.000004 -51.200001
v -183.199997 -24.000004 -51.200001
v -183.199997 -60.000004 -51.199997
v -183.199997 -76.800011 -51.199993
v -194.000000 -24.000004 -51.200001
v -194.000000 -1.600004 -51.200001
v -194.000000 43.199997 -51.200005
v -183.199997 43.199997 -51.200005
v -183.199997 -1.600004 -51.200001
v -183.199997 -15.200004 -51.200001
v -183.199997 -24.000004 -51.200001
v -211.800003 -55.099998 50.400005
v -211.800003 -55.099998 54.000004
v -211.800003 -61.499996 54.000004
v -211.800003 -61.499996 50.400005
v -211.800003 -76.799995 128.000000
v -194.000000 -76.799995 128.000000
v -194.000000 -76.799995 133.279999
v -211.800003 -76.799995 133.279999
v -194.000000 -76.799995 133.279999
v -194.000000 -76.799988 184.800003
v -211.800003 -76.799988 184.800003
v -211.800003 -76.799995 133.279999
v -211.800003 -76.799995 93.069550
v -194.000000 -76.799995 105.800011
v -194.000000 -76.799995 128.000000
v -211.800003 -76.799995 128.000000
v -211.800003 -29.599987 184.800003
v -211.800003 -72.999985 184.800003
v -211.800003 -76.799988 184.800003
v -194.000000 -76.799988 184.800003
v -194.000000 -23.999987 184.800003
v -194.000000 43.200016 184.800003
v -211.800003 43.200016 184.800003
v -194.000000 -9.599993 105.800003
v -194.000000 43.200008 105.800003
v -194.000000 43.200012 128.000000
v -194.000000 -9.599991 128.000000
v -194.000000 -76.799995 105.800011
v -194.000000 -9.599993 105.800003
v -194.000000 -9.599991 128.000000
v -194.000000 -23.999990 128.000000
v -194.000000 -76.799995 128.000000
v -194.000000 -76.799995 128.000000
v -194.000000 -23.999990 128.000000
v -194.000000 -23.999990 133.279999
v -194.000000 -76.799995 133.279999
v -194.000000 -23.999990 133.279999
v -194.000000 -23.999987 184.800003
v -194.000000 -76.799988 184.800003
v -194.000000 -76.799995 133.279999
v -194.000000 -23.999990 128.000000
v -194.000000 -9.599991 128.000000
v -194.000000 43.200012 128.000000
v -194.000000 43.200012 133.279999
v -194.000000 -23.999990 133.279999
v -194.000000 43.200012 133.279999
v -194.000000 43.200016 184.800003
v -194.000000 -23.999987 184.800003
v -194.000000 -23.999990 133.279999
v -211.800003 -5.799993 93.069260
v -211.800003 43.200008 93.069260
v -194.000000 43.200008 105.800003
v -194.000000 -9.599993 105.800003
v -211.800003 -9.599994 93.069260
v -194.000000 -9.599993 105.800003
v -194.000000 -76.799995 105.800011
v -211.800003 -76.799995 93.069550
v -211.800003 -72.999992 93.069267
v -211.800003 -9.599994 93.069260
v -211.800003 -61.499996 50.400005
v -211.800003 -61.499996 54.000004
v -199.000000 -61.499996 54.000004
v -192.600006 -61.499996 54.000004
v -192.600006 -61.499996 50.400005
v -194.000000 43.200005 26.599997
v -194.000000 5.700002 26.600000
v -129.199997 5.700002 26.600000
v -129.199997 43.200005 26.599997
v -194.000000 5.700002 26.600000
v -194.000000 -8.799998 26.600000
v -194.000000 -61.499996 26.600004
v -129.199997 -61.499996 26.600004
v -129.199997 -2.999998 26.600000
v -129.199997 5.700002 26.600000
v -192.500000 -8.799996 50.299999
v -211.800003 -8.799996 50.299999
v -211.800003 -8.799995 64.700005
v -192.500000 -8.799995 64.700005
v -211.800003 8.000004 50.299999
v -192.500000 8.000004 50.299999
v -192.500000 8.000005 64.700005
v -211.800003 8.000005 64.700005
v -192.500000 30.400003 50.299995
v -192.500000 43.200005 50.299995
v -192.500000 43.200005 64.700005
v -192.500000 30.400005 64.700005
v -192.500000 8.000004 50.299999
v -192.500000 30.400003 50.299995
v -192.500000 30.400005 64.700005
v -192.500000 19.680004 64.700005
v -192.500000 8.000005 64.700005
v -196.900009 41.200005 59.999996
v -196.900009 43.200005 59.999996
v -192.900009 43.200005 59.999996
v -192.900009 41.200005 59.999996
v -196.900009 31.600004 59.999996
v -196.900009 34.800003 59.999996
v -192.900009 34.800003 59.999996
v -192.900009 31.600004 59.999996
v -197.100006 23.800005 60.000000
v -197.100006 27.000004 59.999996
v -193.100006 27.000004 59.999996
v -193.100006 23.800005 60.000000
v -196.900009 14.400005 60.000000
v -196.900009 17.600004 60.000000
v -192.900009 17.600004 60.000000
v -192.900009 14.400005 60.000000
v -208.199997 32.100006 64.500000
v -208.199997 23.700006 64.500000
v -201.400009 23.700006 64.500000
v -201.400009 32.100006 64.500000
v -211.800003 8.000005 64.700005
v -192.500000 8.000005 64.700005
v -192.500000 19.680004 64.700005
v -211.800003 19.680004 64.700005
v -192.500000 19.680004 64.700005
v -192.500000 30.400005 64.700005
v -192.500000 43.200005 64.700005
v -211.800003 43.200005 64.700005
v -211.800003 19.680004 64.700005
v -201.400009 23.700006 64.500000
v -208.199997 23.700006 64.500000
v -208.199997 23.700006 64.599998
v -201.400009 23.700006 64.599998
v -208.199997 32.100006 64.500000
v -201.400009 32.100006 64.500000
v -201.400009 32.100006 64.599998
v -208.199997 32.100006 64.599998
v -201.400009 32.100006 64.500000
v -201.400009 23.700006 64.500000
v -201.400009 23.700006 64.599998
v -201.400009 32.100006 64.599998
v -208.199997 23.700006 64.500000
v -208.199997 32.100006 64.500000
v -208.199997 32.100006 64.599998
v -208.199997 23.700006 64.599998
v -208.199997 23.700006 64.599998
v -208.199997 32.100006 64.599998
v -201.400009 32.100006 64.599998
v -201.400009 23.700006 64.599998
v -196.900009 43.200005 50.399998
v -196.900009 41.200005 50.399998
v -192.900009 41.200005 50.399998
v -192.900009 43.200005 50.399998
v -192.900009 34.800003 50.399998
v -196.900009 34.800003 50.399998
v -196.900009 31.600004 50.399998
v -192.900009 31.600004 50.399998
v -193.100006 27.000004 50.399998
v -197.100006 27.000004 50.399998
v -197.100006 23.800005 50.400002
v -193.100006 23.800005 50.400002
v -192.900009 17.600004 50.400002
v -196.900009 17.600004 50.400002
v -196.900009 14.400004 50.400002
v -192.900009 14.400004 50.400002
v -197.100006 27.000004 59.999996
v -197.100006 27.000004 50.399998
v -193.100006 27.000004 50.399998
v -193.100006 27.000004 59.999996
v -196.900009 41.200005 50.399998
v -196.900009 43.200005 50.399998
v -196.900009 43.200005 59.999996
v -196.900009 41.200005 59.999996
v -196.900009 31.600004 50.399998
v -196.900009 34.800003 50.399998
v -196.900009 34.800003 59.999996
v -196.900009 31.600004 59.999996
v -196.900009 34.800003 59.999996
v -196.900009 34.800003 50.399998
v -192.900009 34.800003 50.399998
v -192.900009 34.800003 59.999996
v -192.900009 41.200005 59.999996
v -192.900009 41.200005 50.399998
v -196.900009 41.200005 50.399998
v -196.900009 41.200005 59.999996
v -192.900009 43.200005 50.399998
v -192.900009 41.200005 50.399998
v -192.900009 41.200005 59.999996
v -192.900009 43.200005 59.999996
v -192.900009 31.600004 59.999996
v -192.900009 31.600004 50.399998
v -196.900009 31.600004 50.399998
v -196.900009 31.600004 59.999996
v -192.900009 34.800003 59.999996
v -192.900009 34.800003 50.399998
v -192.900009 31.600004 50.399998
v -192.900009 31.600004 59.999996
v -196.900009 17.600004 60.000000
v -196.900009 17.600004 50.400002
v -192.900009 17.600004 50.400002
v -192.900009 17.600004 60.000000
v -197.100006 23.800005 50.400002
v -197.100006 27.000004 50.399998
v -197.100006 27.000004 59.999996
v -197.100006 23.800005 60.000000
v -193.100006 23.800005 60.000000
v -193.100006 23.800005 50.400002
v -197.100006 23.800005 50.400002
v -197.100006 23.800005 60.000000
v -193.100006 27.000004 59.999996
v -193.100006 27.000004 50.399998
v -193.100006 23.800005 50.400002
v -193.100006 23.800005 60.000000
v -196.900009 14.400004 50.400002
v -196.900009 17.600004 50.400002
v -196.900009 17.600004 60.000000
v -196.900009 14.400005 60.000000
v -192.900009 14.400005 60.000000
v -192.900009 14.400004 50.400002
v -196.900009 14.400004 50.400002
v -196.900009 14.400005 60.000000
v -192.900009 17.600004 60.000000
v -192.900009 17.600004 50.400002
v -192.900009 14.400004 50.400002
v -192.900009 14.400005 60.000000
v -192.500000 43.200005 50.299995
v -192.500000 30.400003 50.299995
v -211.800003 30.400003 50.299995
v -211.800003 43.200005 50.299995
v -192.500000 30.400003 50.299995
v -192.500000 8.000004 50.299999
v -211.800003 8.000004 50.299999
v -211.800003 30.400003 50.299995
v -194.000000 -8.799998 26.600000
v -194.000000 5.700002 26.600000
v -194.000000 43.200005 26.599997
v -211.800003 43.200005 39.330742
v -211.800003 -8.799997 39.330746
v -211.800003 -8.799996 50.299999
v -192.500000 -8.799996 50.299999
v -192.500000 -16.699997 50.299999
v -192.500000 -39.099998 50.300003
v -192.500000 -61.499996 50.300003
v -211.800003 -61.499996 50.300003
v -192.500000 -16.699997 50.299999
v -192.500000 -8.799996 50.299999
v -192.500000 -8.799995 64.700005
v -192.500000 -16.699995 64.700005
v -192.500000 -39.099998 50.300003
v -192.500000 -16.699997 50.299999
v -192.500000 -16.699995 64.700005
v -192.500000 -32.320000 64.700005
v -192.500000 -39.099998 64.700005
v -192.500000 -61.499996 50.300003
v -192.500000 -39.099998 50.300003
v -192.500000 -39.099998 64.700005
v -192.500000 -55.840000 64.700012
v -192.500000 -61.499996 64.700012
v -192.600006 -39.599998 61.500004
v -194.000000 -39.599998 61.500004
v -194.000000 -29.999996 61.500004
v -192.600006 -29.999996 61.500004
v -211.800003 -35.299995 64.500000
v -208.100006 -35.299995 64.500000
v -208.100006 -26.899994 64.500000
v -211.800003 -26.899994 64.500000
v -208.100006 -43.699997 64.500000
v -208.100006 -52.099998 64.500008
v -201.300003 -52.099998 64.500008
v -201.300003 -43.699997 64.500000
v -192.500000 -61.499996 64.700012
v -192.500000 -55.840000 64.700012
v -211.800003 -55.840000 64.700012
v -211.800003 -61.499996 64.700012
v -192.500000 -55.840000 64.700012
v -192.500000 -39.099998 64.700005
v -192.500000 -32.320000 64.700005
v -211.800003 -32.320000 64.700005
v -211.800003 -55.840000 64.700012
v -192.500000 -32.320000 64.700005
v -192.500000 -16.699995 64.700005
v -192.500000 -8.799995 64.700005
v -211.800003 -8.799995 64.700005
v -211.800003 -32.320000 64.700005
v -208.100006 -35.299995 64.500000
v -211.800003 -35.299995 64.500000
v -211.800003 -35.299995 64.599998
v -208.100006 -35.299995 64.599998
v -211.800003 -26.899994 64.500000
v -208.100006 -26.899994 64.500000
v -208.100006 -26.899994 64.599998
v -211.800003 -26.899994 64.599998
v -208.100006 -26.899994 64.500000
v -208.100006 -35.299995 64.500000
v -208.100006 -35.299995 64.599998
v -208.100006 -26.899994 64.599998
v -211.800003 -26.899994 64.599998
v -208.100006 -26.899994 64.599998
v -208.100006 -35.299995 64.599998
v -211.800003 -35.299995 64.599998
v -201.300003 -52.099998 64.500008
v -208.100006 -52.099998 64.500008
v -208.100006 -52.099998 64.600006
v -201.300003 -52.099998 64.600006
v -201.300003 -43.699997 64.500000
v -201.300003 -52.099998 64.500008
v -201.300003 -52.099998 64.600006
v -201.300003 -43.699997 64.599998
v -208.100006 -43.699997 64.500000
v -201.300003 -43.699997 64.500000
v -201.300003 -43.699997 64.599998
v -208.100006 -43.699997 64.599998
v -208.100006 -52.099998 64.500008
v -208.100006 -43.699997 64.500000
v -208.100006 -43.699997 64.599998
v -208.100006 -52.099998 64.600006
v -208.100006 -52.099998 64.600006
v -208.100006 -43.699997 64.599998
v -201.300003 -43.699997 64.599998
v -201.300003 -52.099998 64.600006
v -192.600006 -39.599998 55.100006
v -194.000000 -39.599998 55.100006
v -194.000000 -39.599998 61.500004
v -192.600006 -39.599998 61.500004
v -194.000000 -29.999996 61.500004
v -194.000000 -29.999996 55.100006
v -192.600006 -29.999996 55.100006
v -192.600006 -29.999996 61.500004
v -194.000000 -39.599998 61.500004
v -194.000000 -39.599998 55.100006
v -194.000000 -29.999996 55.100006
v -194.000000 -29.999996 61.500004
v -192.600006 -29.999996 55.100006
v -194.000000 -29.999996 55.100006
v -194.000000 -39.599998 55.100006
v -192.600006 -39.599998 55.100006
v -192.600006 -29.999996 61.500004
v -192.600006 -29.999996 55.100006
v -192.600006 -39.599998 55.100006
v -192.600006 -39.599998 61.500004
v -192.600006 -43.899998 50.400005
v -192.600006 -43.899998 54.000004
v -199.000000 -43.899998 54.000004
v -199.000000 -43.899998 50.400005
v -192.600006 -61.499996 50.400005
v -192.600006 -61.499996 54.000004
v -192.600006 -43.899998 54.000004
v -192.600006 -43.899998 50.400005
v -202.300003 -51.599998 50.400005
v -202.600006 -51.899998 50.400005
v -202.300003 -52.199997 50.400005
v -202.000000 -51.899998 50.400005
v -199.000000 -43.899998 50.400005
v -199.000000 -55.099998 50.400005
v -192.600006 -61.499996 50.400005
v -192.600006 -43.899998 50.400005
v -199.000000 -55.099998 50.400005
v -211.800003 -55.099998 50.400005
v -211.800003 -61.499996 50.400005
v -192.600006 -61.499996 50.400005
v -202.641006 -49.440998 55.600006
v -202.400009 -49.799995 55.800003
v -204.400009 -51.799995 55.800003
v -204.699997 -51.499996 55.600006
v -199.000000 -43.899998 50.400005
v -199.000000 -43.899998 54.000004
v -199.000000 -55.099998 54.000004
v -199.000000 -55.099998 50.400005
v -199.000000 -55.099998 54.000004
v -199.000000 -43.899998 54.000004
v -192.600006 -43.899998 54.000004
v -192.600006 -61.499996 54.000004
v -199.000000 -61.499996 54.000004
v -199.000000 -55.099998 50.400005
v -199.000000 -55.099998 54.000004
v -211.800003 -55.099998 54.000004
v -211.800003 -55.099998 50.400005
v -202.300003 -53.899998 52.600006
v -204.100006 -52.099998 52.600006
v -202.100006 -50.099998 52.600006
v -200.300003 -51.899998 52.600006
v -202.100006 -50.099998 53.000004
v -201.900009 -50.399998 53.200005
v -202.400009 -49.799995 55.800003
v -202.641006 -49.440998 55.600006
v -204.400009 -51.799995 55.800003
v -202.400009 -49.799995 55.800003
v -201.900009 -50.399998 53.200005
v -203.800003 -52.299995 53.200005
v -204.699997 -51.499996 55.600006
v -204.400009 -51.799995 55.800003
v -203.800003 -52.299995 53.200005
v -204.048996 -52.048996 53.000004
v -202.100006 -50.099998 53.000004
v -202.641006 -49.440998 55.600006
v -204.699997 -51.499996 55.600006
v -204.048996 -52.048996 53.000004
v -204.048996 -52.048996 53.000004
v -203.800003 -52.299995 53.200005
v -201.900009 -50.399998 53.200005
v -202.100006 -50.099998 53.000004
v -203.449997 -52.749996 52.200005
v -203.150009 -53.049995 52.200005
v -202.300003 -52.199997 52.200005
v -202.600006 -51.899998 52.200005
v -202.000000 -51.899998 52.200005
v -201.150009 -51.049995 52.200005
v -201.449997 -50.749996 52.200005
v -202.300003 -51.599998 52.200005
v -202.100006 -50.099998 52.200005
v -204.100006 -52.099998 52.200005
v -203.449997 -52.749996 52.200005
v -202.600006 -51.899998 52.200005
v -202.300003 -51.599998 52.200005
v -201.449997 -50.749996 52.200005
v -202.000000 -51.899998 52.200005
v -202.300003 -52.199997 52.200005
v -203.150009 -53.049995 52.200005
v -202.400009 -53.799995 52.200005
v -200.400009 -51.799995 52.200005
v -201.150009 -51.049995 52.200005
v -200.300003 -51.899998 52.600006
v -200.400009 -51.799995 52.200005
v -202.400009 -53.799995 52.200005
v -202.300003 -53.899998 52.600006
v -204.100006 -52.099998 52.600006
v -204.100006 -52.099998 52.200005
v -202.100006 -50.099998 52.200005
v -202.100006 -50.099998 52.600006
v -202.300003 -53.899998 52.600006
v -202.400009 -53.799995 52.200005
v -203.150009 -53.049995 52.200005
v -203.449997 -52.749996 52.200005
v -204.100006 -52.099998 52.200005
v -204.100006 -52.099998 52.600006
v -202.100006 -50.099998 52.600006
v -202.100006 -50.099998 52.200005
v -201.449997 -50.749996 52.200005
v -201.150009 -51.049995 52.200005
v -200.400009 -51.799995 52.200005
v -200.300003 -51.899998 52.600006
v -202.300003 -52.199997 52.200005
v -202.300003 -52.199997 50.400005
v -202.600006 -51.899998 50.400005
v -202.600006 -51.899998 52.200005
v -202.000000 -51.899998 52.200005
v -202.000000 -51.899998 50.400005
v -202.300003 -52.199997 50.400005
v -202.300003 -52.199997 52.200005
v -202.300003 -51.599998 52.200005
v -202.300003 -51.599998 50.400005
v -202.000000 -51.899998 50.400005
v -202.000000 -51.899998 52.200005
v -202.600006 -51.899998 52.200005
v -202.600006 -51.899998 50.400005
v -202.300003 -51.599998 50.400005
v -202.300003 -51.599998 52.200005
v -199.000000 -61.499996 54.000004
v -211.800003 -61.499996 54.000004
v -211.800003 -55.099998 54.000004
v -199.000000 -55.099998 54.000004
v -194.000000 -61.499996 26.600004
v -194.000000 -8.799998 26.600000
v -211.800003 -8.799997 39.330746
v -211.800003 -61.499996 39.330750
v -129.300003 -3.000002 -22.200001
v -133.400009 -3.000001 -19.772001
v -133.400009 -3.000001 -17.600000
v -129.300003 -3.000001 -17.600000
v -133.400009 -3.000001 -19.772001
v -133.400009 3.399999 -19.772001
v -133.400009 3.399999 -17.600000
v -133.400009 -3.000001 -17.600000
v -129.300003 3.399998 -22.200001
v -129.300003 -3.000002 -22.200001
v -129.300003 -3.000001 -17.600000
v -129.300003 3.399999 -17.600000
v -129.199997 43.200005 26.599997
v -129.199997 5.700002 26.600000
v -129.199997 -2.999998 26.600000
v -129.199997 -3.000004 -51.200001
v -129.199997 -1.600004 -51.200001
v -129.199997 43.199997 -51.200005
v -133.400009 -3.000001 -17.600000
v -133.400009 3.399999 -17.600000
v -129.300003 3.399999 -17.600000
v -129.300003 -3.000001 -17.600000
v -133.400009 3.399999 -17.600000
v -133.400009 3.399999 -19.772001
v -129.300003 3.399998 -22.200001
v -129.300003 3.399999 -17.600000
v -133.400009 3.399999 -19.772001
v -133.400009 -3.000001 -19.772001
v -129.300003 -3.000002 -22.200001
v -129.300003 3.399998 -22.200001
v -171.600006 -13.200004 -51.200001
v -171.600006 -15.200004 -51.200001
v -171.600006 -20.168207 -48.651653
v -171.600006 -18.133602 -48.651653
v -171.600006 -20.168207 -48.651653
v -171.600006 -37.600006 -39.710342
v -171.600006 -61.500004 -27.451290
v -171.600006 -61.500004 -26.251650
v -171.600006 -58.000004 -28.059500
v -171.600006 -35.600006 -39.629749
v -171.600006 -18.133602 -48.651653
v -133.400009 -41.400002 -19.771997
v -133.400009 -35.000000 -19.771999
v -133.400009 -35.000000 -17.599998
v -133.400009 -41.400002 -17.599997
v -129.300003 -35.000000 -22.199999
v -129.300003 -41.400002 -22.199997
v -129.300003 -41.400002 -17.599997
v -129.300003 -35.000000 -17.599998
v -129.199997 -2.999998 26.600000
v -129.199997 -61.499996 26.600004
v -129.199997 -61.500000 -0.799995
v -129.199997 -61.500004 -51.199997
v -129.199997 -60.000004 -51.199997
v -129.199997 -15.200004 -51.200001
v -129.199997 -3.000004 -51.200001
v -133.400009 -41.400002 -17.599997
v -133.400009 -35.000000 -17.599998
v -129.300003 -35.000000 -17.599998
v -129.300003 -41.400002 -17.599997
v -133.400009 -35.000000 -17.599998
v -133.400009 -35.000000 -19.771999
v -129.300003 -35.000000 -22.199999
v -129.300003 -35.000000 -17.599998
v -129.300003 -41.400002 -22.199997
v -133.400009 -41.400002 -19.771997
v -133.400009 -41.400002 -17.599997
v -129.300003 -41.400002 -17.599997
v -133.400009 -35.000000 -19.771999
v -133.400009 -41.400002 -19.771997
v -129.300003 -41.400002 -22.199997
v -129.300003 -35.000000 -22.199999
v -194.800003 -49.900005 -26.199997
v -203.600006 -49.900005 -26.199997
v -203.600006 -34.800003 -26.199999
v -194.800003 -34.800003 -26.199999
v -185.000000 -49.900005 -26.199997
v -183.000000 -49.900005 -26.199997
v -183.000000 -61.500004 -26.199997
v -185.000000 -61.500004 -26.199997
v -207.400009 -61.500004 -26.199997
v -207.400009 -49.900005 -26.199997
v -203.600006 -49.900005 -26.199997
v -194.800003 -49.900005 -26.199997
v -185.000000 -49.900005 -26.199997
v -185.000000 -61.500004 -26.199997
v -183.000000 -49.900005 -26.199997
v -183.000000 -49.900005 -27.399996
v -183.000000 -59.277008 -27.399996
v -183.000000 -61.500004 -26.251654
v -183.000000 -61.500004 -26.199997
v -183.000000 -37.600006 -39.710342
v -183.000000 -15.200004 -51.200001
v -183.000000 -13.200004 -51.200001
v -183.000000 -35.600006 -39.629829
v -183.000000 -58.000004 -28.059622
v -183.000000 -59.277008 -27.399996
v -183.000000 -61.500004 -27.399996
v -183.000000 -61.500004 -27.451290
v -183.000000 -61.500004 -26.251654
v -183.000000 -59.277008 -27.399996
v -183.000000 -58.000004 -28.059622
v -171.600006 -58.000004 -28.059500
v -171.600006 -61.500004 -26.251650
v -183.000000 -58.000004 -28.059622
v -183.000000 -35.600006 -39.629829
v -171.600006 -35.600006 -39.629749
v -171.600006 -58.000004 -28.059500
v -183.000000 -35.600006 -39.629829
v -183.000000 -13.200004 -51.200001
v -171.600006 -13.200004 -51.200001
v -171.600006 -18.133602 -48.651653
v -171.600006 -35.600006 -39.629749
v -183.000000 -37.600006 -39.710342
v -183.000000 -61.500004 -27.451290
v -171.600006 -61.500004 -27.451290
v -171.600006 -37.600006 -39.710342
v -171.600006 -20.168207 -48.651653
v -171.600006 -15.200004 -51.200001
v -183.000000 -15.200004 -51.200001
v -183.000000 -37.600006 -39.710342
v -171.600006 -37.600006 -39.710342
v -203.600006 -34.800003 -26.199999
v -203.600006 -34.800003 -27.399998
v -194.800003 -34.800003 -27.399998
v -194.800003 -34.800003 -26.199999
v -194.800003 -49.900005 -27.399996
v -185.000000 -49.900005 -27.399996
v -183.000000 -49.900005 -27.399996
v -183.000000 -49.900005 -26.199997
v -185.000000 -49.900005 -26.199997
v -194.800003 -49.900005 -26.199997
v -207.400009 -49.900005 -26.199997
v -207.400009 -49.900005 -27.399996
v -203.600006 -49.900005 -27.399996
v -203.600006 -49.900005 -26.199997
v -194.800003 -34.800003 -26.199999
v -194.800003 -34.800003 -27.399998
v -194.800003 -49.900005 -27.399996
v -194.800003 -49.900005 -26.199997
v -194.800003 -34.800003 -27.399998
v -203.600006 -34.800003 -27.399998
v -203.600006 -49.900005 -27.399996
v -194.800003 -49.900005 -27.399996
v -203.600006 -49.900005 -26.199997
v -203.600006 -49.900005 -27.399996
v -203.600006 -34.800003 -27.399998
v -203.600006 -34.800003 -26.199999
v -207.400009 -61.500004 -27.399996
v -207.400009 -49.900005 -27.399996
v -207.400009 -49.900005 -26.199997
v -207.400009 -61.500004 -26.199997
v -185.000000 -61.500004 -27.399996
v -183.000000 -61.500004 -27.399996
v -183.000000 -59.277008 -27.399996
v -183.000000 -49.900005 -27.399996
v -185.000000 -49.900005 -27.399996
v -194.800003 -49.900005 -27.399996
v -203.600006 -49.900005 -27.399996
v -207.400009 -49.900005 -27.399996
v -207.400009 -61.500004 -27.399996
v -191.300003 -61.500004 -27.399996
v -185.000000 -61.500004 -27.399996
v -185.000000 -49.900005 -27.399996
v -189.900009 -76.700005 -0.799994
v -197.900009 -76.700005 -0.799994
v -197.900009 -76.500000 -0.799994
v -189.900009 -76.500000 -0.799994
v -129.199997 -61.499996 26.600004
v -129.199997 -76.800003 26.600006
v -129.199997 -76.800003 -0.799994
v -129.199997 -61.500000 -0.799995
v -194.000000 -61.499996 26.600004
v -194.000000 -76.800003 26.600006
v -144.600006 -76.800003 26.600006
v -129.199997 -76.800003 26.600006
v -129.199997 -61.499996 26.600004
v -192.500000 -61.499996 50.300003
v -192.500000 -61.599998 50.300003
v -211.800003 -61.599998 50.300003
v -211.800003 -61.499996 50.300003
v -192.500000 -61.599998 64.700012
v -192.500000 -61.599998 50.300003
v -192.500000 -61.499996 50.300003
v -192.500000 -61.499996 64.700012
v -211.800003 -61.599998 50.300003
v -192.500000 -61.599998 50.300003
v -192.500000 -61.599998 64.700012
v -211.800003 -61.599998 64.700012
v -211.800003 -61.599998 64.700012
v -192.500000 -61.599998 64.700012
v -192.500000 -61.499996 64.700012
v -211.800003 -61.499996 64.700012
v -211.800003 -76.800003 26.600006
v -194.000000 -76.800003 26.600006
v -211.800003 -76.800003 39.330467
v -211.800003 -61.599998 39.330750
v -211.800003 -76.800003 39.330467
v -194.000000 -76.800003 26.600006
v -194.000000 -61.499996 26.600004
v -211.800003 -61.499996 39.330750
v -129.199997 -76.800003 -0.799994
v -129.199997 -76.800003 26.600006
v -144.600006 -76.800003 26.600006
v -144.600006 -76.800003 -0.799994
v -144.600006 -76.800003 26.600006
v -194.000000 -76.800003 26.600006
v -211.800003 -76.800003 26.600006
v -211.800003 -76.800003 -0.799994
v -144.600006 -76.800003 -0.799994
v -129.199997 -76.800003 -0.799994
v -129.199997 -76.800011 -51.199993
v -129.199997 -61.500004 -51.199997
v -129.199997 -61.500000 -0.799995
v -189.900009 -76.700005 -3.199994
v -197.900009 -76.700005 -3.199994
v -197.900009 -76.700005 -0.799994
v -189.900009 -76.700005 -0.799994
v -185.000000 -76.700005 -26.199995
v -183.000000 -76.700005 -26.199995
v -171.600006 -76.700005 -26.199995
v -171.600006 -76.700005 -27.399994
v -183.000000 -76.700005 -27.399994
v -185.000000 -76.700005 -27.399994
v -191.300003 -76.700005 -27.399994
v -207.400009 -76.700005 -27.399994
v -207.400009 -76.700005 -26.199995
v -185.000000 -76.700005 -26.199995
v -185.000000 -76.700005 -27.399994
v -171.600006 -61.500004 -27.451290
v -171.600006 -61.600006 -27.399996
v -171.600006 -61.600006 -26.199997
v -171.600006 -61.500004 -26.251650
v -171.600006 -61.600006 -26.199997
v -171.600006 -61.600006 -27.399996
v -171.600006 -76.700005 -27.399994
v -171.600006 -76.700005 -26.199995
v -183.000000 -61.600006 -26.199997
v -183.000000 -76.700005 -26.199995
v -185.000000 -76.700005 -26.199995
v -185.000000 -61.500004 -26.199997
v -183.000000 -61.500004 -26.199997
v -185.000000 -76.700005 -26.199995
v -207.400009 -76.700005 -26.199995
v -207.400009 -61.500004 -26.199997
v -185.000000 -61.500004 -26.199997
v -171.600006 -76.700005 -26.199995
v -183.000000 -76.700005 -26.199995
v -183.000000 -61.600006 -26.199997
v -171.600006 -61.600006 -26.199997
v -189.900009 -74.800003 -3.199994
v -189.900009 -76.700005 -3.199994
v -189.900009 -76.700005 -0.799994
v -189.900009 -76.500000 -0.799994
v -189.900009 -74.800003 -3.199994
v -197.900009 -74.800003 -3.199994
v -197.900009 -76.700005 -3.199994
v -189.900009 -76.700005 -3.199994
v -197.900009 -76.700005 -3.199994
v -197.900009 -74.800003 -3.199994
v -197.900009 -76.500000 -0.799994
v -197.900009 -76.700005 -0.799994
v -197.900009 -74.800003 -3.199994
v -189.900009 -74.800003 -3.199994
v -189.900009 -76.500000 -0.799994
v -197.900009 -76.500000 -0.799994
v -191.300003 -71.599998 -27.399994
v -191.300003 -71.600006 -51.099998
v -191.300003 -66.700012 -51.099998
v -191.300003 -66.700005 -27.399994
v -171.600006 -61.600006 -27.399996
v -183.000000 -61.600006 -27.399996
v -183.000000 -66.700005 -27.399994
v -183.000000 -71.599998 -27.399994
v -183.000000 -76.700005 -27.399994
v -171.600006 -76.700005 -27.399994
v -185.699997 -71.599998 -27.399994
v -183.000000 -71.599998 -27.399994
v -183.000000 -66.700005 -27.399994
v -185.699997 -66.700005 -27.399994
v -185.699997 -71.599998 -27.399994
v -191.300003 -71.599998 -27.399994
v -191.300003 -76.700005 -27.399994
v -185.000000 -76.700005 -27.399994
v -183.000000 -76.700005 -27.399994
v -183.000000 -71.599998 -27.399994
v -185.000000 -61.500004 -27.399996
v -191.300003 -61.500004 -27.399996
v -191.300003 -66.700005 -27.399994
v -185.699997 -66.700005 -27.399994
v -183.000000 -66.700005 -27.399994
v -183.000000 -61.600006 -27.399996
v -183.000000 -61.500004 -27.399996
v -183.000000 -61.500004 -26.251654
v -183.000000 -61.600006 -26.199997
v -183.000000 -61.500004 -26.199997
v -171.600006 -61.600006 -26.199997
v -183.000000 -61.600006 -26.199997
v -183.000000 -61.500004 -26.251654
v -171.600006 -61.500004 -26.251650
v -183.000000 -61.500004 -27.399996
v -183.000000 -61.600006 -27.399996
v -183.000000 -61.500004 -27.451290
v -183.000000 -61.500004 -27.451290
v -183.000000 -61.600006 -27.399996
v -171.600006 -61.600006 -27.399996
v -171.600006 -61.500004 -27.451290
v -185.699997 -66.700012 -51.099998
v -191.300003 -66.700012 -51.099998
v -191.300003 -71.600006 -51.099998
v -185.699997 -71.600006 -51.099998
v -191.300003 -66.700005 -27.399994
v -191.300003 -66.700012 -51.099998
v -185.699997 -66.700012 -51.099998
v -185.699997 -66.700005 -27.399994
v -185.699997 -71.599998 -27.399994
v -185.699997 -71.600006 -51.099998
v -191.300003 -71.600006 -51.099998
v -191.300003 -71.599998 -27.399994
v -185.699997 -66.700005 -27.399994
v -185.699997 -66.700012 -51.099998
v -185.699997 -71.600006 -51.099998
v -185.699997 -71.599998 -27.399994
v -207.400009 -61.500004 -27.399996
v -207.400009 -76.700005 -27.399994
v -191.300003 -76.700005 -27.399994
v -191.300003 -71.599998 -27.399994
v -191.300003 -66.700005 -27.399994
v -191.300003 -61.500004 -27.399996
v -207.400009 -76.700005 -26.199995
v -207.400009 -76.700005 -27.399994
v -207.400009 -61.500004 -27.399996
v -207.400009 -61.500004 -26.199997
v -129.199997 -76.800003 -0.799994
v -144.600006 -76.800003 -0.799994
v -144.600006 -76.800011 -51.199993
v -138.400009 -76.800011 -51.199993
v -129.199997 -76.800011 -51.199993
v -144.600006 -76.800003 -0.799994
v -211.800003 -76.800003 -0.799994
v -211.800003 -76.800003 -5.199995
v -211.800003 -76.800003 -19.999994
v -211.800003 -76.800011 -51.199993
v -194.000000 -76.800011 -51.199993
v -183.199997 -76.800011 -51.199993
v -144.600006 -76.800011 -51.199993
v -32.600002 -248.400009 83.700020
v -19.200001 -248.400009 83.700020
v -19.200001 -229.199997 83.700020
v -32.600002 -229.199997 83.700020
v -55.000000 -248.400009 83.700020
v -32.600002 -248.400009 83.700020
v -32.600002 -229.199997 83.700020
v -41.600002 -229.199997 83.700020
v -55.000000 -229.199997 83.700020
v -77.400002 -248.400009 83.700020
v -65.200005 -248.400009 83.700020
v -55.000000 -248.400009 83.700020
v -55.000000 -229.199997 83.700020
v -59.900002 -229.199997 83.700020
v -77.400002 -229.199997 83.700020
v -99.800003 -248.400009 83.700020
v -77.400002 -248.400009 83.700020
v -77.400002 -229.199997 83.700020
v -82.300003 -229.199997 83.700020
v -99.800003 -229.199997 83.700020
v -122.200005 -248.400009 83.700020
v -99.800003 -248.400009 83.700020
v -99.800003 -229.199997 83.700020
v -104.700005 -229.199997 83.700020
v -122.200005 -229.199997 83.700020
v -144.600006 -248.400009 83.700020
v -122.200005 -248.400009 83.700020
v -122.200005 -229.199997 83.700020
v -127.099998 -229.199997 83.700020
v -144.600006 -229.199997 83.700020
v -167.000000 -248.400009 83.700020
v -144.600006 -248.400009 83.700020
v -144.600006 -229.199997 83.700020
v -149.500000 -229.199997 83.700020
v -167.000000 -229.199997 83.700020
v -189.400009 -248.400009 83.700020
v -167.000000 -248.400009 83.700020
v -167.000000 -229.199997 83.700020
v -171.900009 -229.199997 83.700020
v -189.400009 -229.199997 83.700020
v -211.800003 -248.400009 83.700020
v -189.400009 -248.400009 83.700020
v -189.400009 -229.199997 83.700020
v -194.300003 -229.199997 83.700020
v -211.800003 -229.199997 83.700020
v -59.100002 -209.199997 83.700020
v -41.600002 -209.199997 83.700020
v -19.200001 -209.199997 83.700020
v -19.200001 -172.000000 83.700020
v -21.900000 -172.000000 83.700020
v -59.900002 -229.199997 83.700020
v -55.000000 -229.199997 83.700020
v -41.600002 -229.199997 83.700020
v -41.600002 -209.199997 83.700020
v -59.100002 -209.199997 83.700020
v -59.900002 -210.000000 83.700020
v -41.600002 -229.199997 83.700020
v -32.600002 -229.199997 83.700020
v -19.200001 -229.199997 83.700020
v -19.200001 -209.199997 83.700020
v -41.600002 -209.199997 83.700020
v -211.800003 -229.199997 83.700020
v -194.300003 -229.199997 83.700020
v -194.300003 -210.000000 83.700020
v -211.800003 -210.000000 83.700020
v -194.300003 -229.199997 83.700020
v -189.400009 -229.199997 83.700020
v -171.900009 -229.199997 83.700020
v -171.900009 -210.000000 83.700020
v -194.300003 -210.000000 83.700020
v -171.900009 -229.199997 83.700020
v -167.000000 -229.199997 83.700020
v -149.500000 -229.199997 83.700020
v -149.500000 -210.000000 83.700020
v -171.900009 -210.000000 83.700020
v -149.500000 -229.199997 83.700020
v -144.600006 -229.199997 83.700020
v -127.099998 -229.199997 83.700020
v -127.099998 -210.000000 83.700020
v -144.600006 -210.000000 83.700020
v -149.500000 -210.000000 83.700020
v -127.099998 -229.199997 83.700020
v -122.200005 -229.199997 83.700020
v -104.700005 -229.199997 83.700020
v -104.700005 -210.000000 83.700020
v -127.099998 -210.000000 83.700020
v -104.700005 -229.199997 83.700020
v -99.800003 -229.199997 83.700020
v -82.300003 -229.199997 83.700020
v -82.300003 -210.000000 83.700020
v -104.700005 -210.000000 83.700020
v -82.300003 -229.199997 83.700020
v -77.400002 -229.199997 83.700020
v -59.900002 -229.199997 83.700020
v -59.900002 -210.000000 83.700020
v -65.200005 -210.000000 83.700020
v -77.400002 -210.000000 83.700020
v -82.300003 -210.000000 83.700020
v -59.900002 -233.400009 42.500019
v -59.900002 -233.400009 41.300018
v -59.900002 -233.400009 29.300018
v -65.200005 -233.400009 29.300018
v -65.200005 -233.400009 42.500019
v -56.299999 -233.400009 42.500019
v -56.299999 -233.400009 41.300018
v -59.900002 -233.400009 41.300018
v -59.900002 -233.400009 42.500019
v -19.200001 -172.000000 29.300014
v -21.900000 -172.000000 29.300014
v -21.900000 -172.000000 83.700020
v -19.200001 -172.000000 83.700020
v -65.200005 -210.000000 29.300016
v -59.900002 -210.000000 29.300016
v -59.900002 -225.000000 29.300018
v -65.200005 -225.000000 29.300018
v -59.100002 -209.199997 29.300016
v -19.200001 -209.199997 29.300016
v -19.200001 -233.400009 29.300018
v -59.900002 -233.400009 29.300018
v -59.900002 -225.000000 29.300018
v -59.900002 -210.000000 29.300016
v -19.200001 -209.199997 29.300016
v -59.100002 -209.199997 29.300016
v -21.900000 -172.000000 29.300014
v -19.200001 -172.000000 29.300014
v -59.900002 -225.000000 41.300014
v -59.900002 -225.000000 38.100018
v -59.900002 -229.199997 39.700020
v -59.900002 -233.400009 29.300018
v -59.900002 -233.400009 41.300018
v -59.900002 -229.199997 39.700020
v -59.900002 -225.000000 38.100018
v -59.900002 -225.000000 29.300018
v -21.900000 -172.000000 29.300014
v -59.100002 -209.199997 29.300016
v -59.900002 -210.000000 29.300016
v -59.900002 -210.000000 83.700020
v -59.100002 -209.199997 83.700020
v -21.900000 -172.000000 83.700020
v -19.200001 -209.752670 44.100018
v -26.100000 -216.600006 44.100018
v -27.300001 -214.500000 44.100018
v -19.200001 -206.400009 44.100018
v -26.100000 -216.600006 44.100018
v -42.100002 -225.699997 44.100018
v -42.700001 -223.400009 44.100018
v -27.300001 -214.500000 44.100018
v -42.100002 -225.699997 44.100018
v -59.900002 -230.400009 44.100021
v -59.900002 -228.000000 44.100021
v -42.700001 -223.400009 44.100018
v -19.200001 -206.400009 42.500015
v -27.300001 -214.500000 42.500015
v -26.100000 -216.600006 42.500015
v -19.200001 -209.752670 42.500015
v -27.300001 -214.500000 42.500015
v -42.700001 -223.400009 42.500015
v -42.100002 -225.699997 42.500015
v -26.100000 -216.600006 42.500015
v -42.700001 -223.400009 42.500015
v -56.299999 -227.037018 42.500015
v -56.299999 -229.449005 42.500019
v -42.100002 -225.699997 42.500015
v -59.900002 -233.400009 42.500019
v -59.900002 -230.400009 42.500019
v -56.299999 -229.449005 42.500019
v -56.299999 -233.400009 42.500019
v -59.900002 -228.000000 42.500019
v -59.900002 -225.000000 42.500015
v -56.299999 -225.000000 42.500015
v -56.299999 -227.037018 42.500015
v -19.200001 -209.752670 42.500015
v -26.100000 -216.600006 42.500015
v -26.100000 -216.600006 44.100018
v -19.200001 -209.752670 44.100018
v -42.100002 -225.699997 44.100018
v -42.100002 -225.699997 42.500015
v -59.900002 -230.400009 42.500019
v -59.900002 -230.400009 44.100021
v -26.100000 -216.600006 44.100018
v -26.100000 -216.600006 42.500015
v -42.100002 -225.699997 42.500015
v -42.100002 -225.699997 44.100018
v -59.900002 -228.000000 44.100021
v -59.900002 -228.000000 42.500019
v -42.700001 -223.400009 42.500015
v -42.700001 -223.400009 44.100018
v -27.300001 -214.500000 44.100018
v -27.300001 -214.500000 42.500015
v -19.200001 -206.400009 42.500015
v -19.200001 -206.400009 44.100018
v -42.700001 -223.400009 44.100018
v -42.700001 -223.400009 42.500015
v -27.300001 -214.500000 42.500015
v -27.300001 -214.500000 44.100018
v -59.900002 -225.000000 42.500015
v -59.900002 -225.000000 41.300014
v -56.299999 -225.000000 41.300014
v -56.299999 -225.000000 42.500015
v -56.299999 -229.199997 39.700020
v -56.299999 -233.400009 41.300018
v -56.299999 -233.400009 42.500019
v -56.299999 -229.449005 42.500019
v -56.299999 -227.037018 42.500015
v -56.299999 -225.000000 42.500015
v -56.299999 -225.000000 41.300014
v -59.900002 -225.000000 41.300014
v -59.900002 -229.199997 39.700020
v -56.299999 -229.199997 39.700020
v -56.299999 -225.000000 41.300014
v -59.900002 -229.199997 39.700020
v -59.900002 -233.400009 41.300018
v -56.299999 -233.400009 41.300018
v -56.299999 -229.199997 39.700020
v -65.200005 -225.000000 29.300018
v -59.900002 -225.000000 29.300018
v -59.900002 -225.000000 38.100018
v -59.900002 -225.000000 41.300014
v -59.900002 -225.000000 42.500015
v -65.200005 -225.000000 42.500015
v -59.900002 -210.000000 83.700020
v -59.900002 -210.000000 29.300016
v -65.200005 -210.000000 29.300016
v -65.200005 -210.000000 44.100018
v -65.200005 -210.000000 83.700020
v -65.200005 -228.000000 44.100021
v -59.900002 -228.000000 44.100021
v -59.900002 -230.400009 44.100021
v -65.200005 -230.400009 44.100021
v -59.900002 -225.000000 42.500015
v -59.900002 -228.000000 42.500019
v -65.200005 -228.000000 42.500019
v -65.200005 -225.000000 42.500015
v -65.200005 -230.400009 42.500019
v -59.900002 -230.400009 42.500019
v -59.900002 -233.400009 42.500019
v -65.200005 -233.400009 42.500019
v -59.900002 -230.400009 44.100021
v -59.900002 -230.400009 42.500019
v -65.200005 -230.400009 42.500019
v -65.200005 -230.400009 44.100021
v -65.200005 -228.000000 42.500019
v -59.900002 -228.000000 42.500019
v -59.900002 -228.000000 44.100021
v -65.200005 -228.000000 44.100021
v -65.200005 -248.400009 29.300020
v -65.200005 -233.400009 29.300018
v -59.900002 -233.400009 29.300018
v -19.200001 -233.400009 29.300018
v -19.200001 -248.400009 29.300020
v -65.200005 -248.400009 29.300020
v -19.200001 -248.400009 29.300020
v -19.200001 -248.400009 83.700020
v -32.600002 -248.400009 83.700020
v -55.000000 -248.400009 83.700020
v -65.200005 -248.400009 83.700020
v -65.200005 -233.400009 29.300018
v -77.400002 -233.400009 29.300018
v -77.400002 -233.400009 42.500019
v -65.200005 -233.400009 42.500019
v -77.400002 -233.400009 29.300018
v -99.800003 -233.400009 29.300018
v -99.800003 -233.400009 42.500019
v -77.400002 -233.400009 42.500019
v -99.800003 -233.400009 29.300018
v -122.200005 -233.400009 29.300018
v -122.200005 -233.400009 42.500019
v -99.800003 -233.400009 42.500019
v -122.200005 -233.400009 29.300018
v -144.600006 -233.400009 29.300018
v -144.600006 -233.400009 42.500019
v -122.200005 -233.400009 42.500019
v -144.600006 -233.400009 29.300018
v -154.800003 -233.400009 29.300018
v -167.000000 -233.400009 29.300018
v -167.000000 -233.400009 42.500019
v -144.600006 -233.400009 42.500019
v -167.000000 -233.400009 29.300018
v -189.400009 -233.400009 29.300018
v -189.400009 -233.400009 42.500019
v -167.000000 -233.400009 42.500019
v -189.400009 -233.400009 29.300018
v -211.800003 -233.400009 29.300018
v -211.800003 -233.400009 42.500019
v -189.400009 -233.400009 42.500019
v -77.400002 -228.000000 44.100021
v -65.200005 -228.000000 44.100021
v -65.200005 -230.400009 44.100021
v -77.400002 -230.400009 44.100021
v -144.600006 -228.000000 44.100021
v -122.200005 -228.000000 44.100021
v -99.800003 -228.000000 44.100021
v -77.400002 -228.000000 44.100021
v -77.400002 -230.400009 44.100021
v -99.800003 -230.400009 44.100021
v -122.200005 -230.400009 44.100021
v -144.600006 -230.400009 44.100021
v -211.800003 -228.000000 44.100021
v -189.400009 -228.000000 44.100021
v -167.000000 -228.000000 44.100021
v -144.600006 -228.000000 44.100021
v -144.600006 -230.400009 44.100021
v -167.000000 -230.400009 44.100021
v -189.400009 -230.400009 44.100021
v -211.800003 -230.400009 44.100021
v -77.400002 -210.000000 83.700020
v -65.200005 -210.000000 83.700020
v -65.200005 -210.000000 44.100018
v -77.400002 -210.000000 44.100018
v -144.600006 -210.000000 83.700020
v -127.099998 -210.000000 83.700020
v -104.700005 -210.000000 83.700020
v -82.300003 -210.000000 83.700020
v -77.400002 -210.000000 83.700020
v -77.400002 -210.000000 44.100018
v -144.600006 -210.000000 44.100018
v -211.800003 -210.000000 44.100018
v -211.800003 -210.000000 82.700020
v -211.800003 -210.000000 83.700020
v -194.300003 -210.000000 83.700020
v -171.900009 -210.000000 83.700020
v -149.500000 -210.000000 83.700020
v -144.600006 -210.000000 83.700020
v -144.600006 -210.000000 44.100018
v -77.400002 -225.000000 29.300018
v -65.200005 -225.000000 29.300018
v -65.200005 -225.000000 42.500015
v -77.400002 -225.000000 42.500015
v -99.800003 -225.000000 29.300018
v -77.400002 -225.000000 29.300018
v -77.400002 -225.000000 42.500015
v -99.800003 -225.000000 42.500015
v -122.200005 -225.000000 29.300018
v -99.800003 -225.000000 29.300018
v -99.800003 -225.000000 42.500015
v -122.200005 -225.000000 42.500015
v -144.600006 -225.000000 29.300018
v -122.200005 -225.000000 29.300018
v -122.200005 -225.000000 42.500015
v -144.600006 -225.000000 42.500015
v -167.000000 -225.000000 29.300018
v -154.800003 -225.000000 29.300018
v -144.600006 -225.000000 29.300018
v -144.600006 -225.000000 42.500015
v -167.000000 -225.000000 42.500015
v -189.400009 -225.000000 29.300018
v -167.000000 -225.000000 29.300018
v -167.000000 -225.000000 42.500015
v -189.400009 -225.000000 42.500015
v -211.800003 -225.000000 29.300018
v -189.400009 -225.000000 29.300018
v -189.400009 -225.000000 42.500015
v -211.800003 -225.000000 42.500015
v -65.200005 -210.000000 29.300016
v -77.400002 -210.000000 29.300016
v -77.400002 -210.000000 44.100018
v -65.200005 -210.000000 44.100018
v -77.400002 -210.000000 29.300016
v -144.600006 -210.000000 29.300016
v -144.600006 -210.000000 44.100018
v -77.400002 -210.000000 44.100018
v -144.600006 -210.000000 29.300016
v -154.800003 -210.000000 29.300016
v -211.800003 -210.000000 29.300016
v -211.800003 -210.000000 44.100018
v -144.600006 -210.000000 44.100018
v -211.800003 -210.000000 29.300016
v -154.800003 -210.000000 29.300016
v -154.800003 -225.000000 29.300018
v -167.000000 -225.000000 29.300018
v -189.400009 -225.000000 29.300018
v -211.800003 -225.000000 29.300018
v -154.800003 -210.000000 29.300016
v -144.600006 -210.000000 29.300016
v -77.400002 -210.000000 29.300016
v -65.200005 -210.000000 29.300016
v -65.200005 -225.000000 29.300018
v -77.400002 -225.000000 29.300018
v -99.800003 -225.000000 29.300018
v -122.200005 -225.000000 29.300018
v -144.600006 -225.000000 29.300018
v -154.800003 -225.000000 29.300018
v -65.200005 -228.000000 42.500019
v -77.400002 -228.000000 42.500019
v -77.400002 -225.000000 42.500015
v -65.200005 -225.000000 42.500015
v -77.400002 -228.000000 42.500019
v -99.800003 -228.000000 42.500019
v -99.800003 -225.000000 42.500015
v -77.400002 -225.000000 42.500015
v -99.800003 -228.000000 42.500019
v -122.200005 -228.000000 42.500019
v -122.200005 -225.000000 42.500015
v -99.800003 -225.000000 42.500015
v -122.200005 -228.000000 42.500019
v -144.600006 -228.000000 42.500019
v -144.600006 -225.000000 42.500015
v -122.200005 -225.000000 42.500015
v -144.600006 -228.000000 42.500019
v -167.000000 -228.000000 42.500019
v -167.000000 -225.000000 42.500015
v -144.600006 -225.000000 42.500015
v -167.000000 -228.000000 42.500019
v -189.400009 -228.000000 42.500019
v -189.400009 -225.000000 42.500015
v -167.000000 -225.000000 42.500015
v -189.400009 -228.000000 42.500019
v -211.800003 -228.000000 42.500019
v -211.800003 -225.000000 42.500015
v -189.400009 -225.000000 42.500015
v -77.400002 -230.400009 42.500019
v -65.200005 -230.400009 42.500019
v -65.200005 -233.400009 42.500019
v -77.400002 -233.400009 42.500019
v -99.800003 -230.400009 42.500019
v -77.400002 -230.400009 42.500019
v -77.400002 -233.400009 42.500019
v -99.800003 -233.400009 42.500019
v -122.200005 -230.400009 42.500019
v -99.800003 -230.400009 42.500019
v -99.800003 -233.400009 42.500019
v -122.200005 -233.400009 42.500019
v -144.600006 -230.400009 42.500019
v -122.200005 -230.400009 42.500019
v -122.200005 -233.400009 42.500019
v -144.600006 -233.400009 42.500019
v -167.000000 -230.400009 42.500019
v -144.600006 -230.400009 42.500019
v -144.600006 -233.400009 42.500019
v -167.000000 -233.400009 42.500019
v -189.400009 -230.400009 42.500019
v -167.000000 -230.400009 42.500019
v -167.000000 -233.400009 42.500019
v -189.400009 -233.400009 42.500019
v -211.800003 -230.400009 42.500019
v -189.400009 -230.400009 42.500019
v -189.400009 -233.400009 42.500019
v -211.800003 -233.400009 42.500019
v -77.400002 -228.000000 42.500019
v -65.200005 -228.000000 42.500019
v -65.200005 -228.000000 44.100021
v -77.400002 -228.000000 44.100021
v -99.800003 -228.000000 42.500019
v -77.400002 -228.000000 42.500019
v -77.400002 -228.000000 44.100021
v -99.800003 -228.000000 44.100021
v -122.200005 -228.000000 42.500019
v -99.800003 -228.000000 42.500019
v -99.800003 -228.000000 44.100021
v -122.200005 -228.000000 44.100021
v -144.600006 -228.000000 42.500019
v -122.200005 -228.000000 42.500019
v -122.200005 -228.000000 44.100021
v -144.600006 -228.000000 44.100021
v -167.000000 -228.000000 42.500019
v -144.600006 -228.000000 42.500019
v -144.600006 -228.000000 44.100021
v -167.000000 -228.000000 44.100021
v -189.400009 -228.000000 42.500019
v -167.000000 -228.000000 42.500019
v -167.000000 -228.000000 44.100021
v -189.400009 -228.000000 44.100021
v -211.800003 -228.000000 42.500019
v -189.400009 -228.000000 42.500019
v -189.400009 -228.000000 44.100021
v -211.800003 -228.000000 44.100021
v -65.200005 -230.400009 42.500019
v -77.400002 -230.400009 42.500019
v -77.400002 -230.400009 44.100021
v -65.200005 -230.400009 44.100021
v -77.400002 -230.400009 42.500019
v -99.800003 -230.400009 42.500019
v -99.800003 -230.400009 44.100021
v -77.400002 -230.400009 44.100021
v -99.800003 -230.400009 42.500019
v -122.200005 -230.400009 42.500019
v -122.200005 -230.400009 44.100021
v -99.800003 -230.400009 44.100021
v -122.200005 -230.400009 42.500019
v -144.600006 -230.400009 42.500019
v -144.600006 -230.400009 44.100021
v -122.200005 -230.400009 44.100021
v -144.600006 -230.400009 42.500019
v -167.000000 -230.400009 42.500019
v -167.000000 -230.400009 44.100021
v -144.600006 -230.400009 44.100021
v -167.000000 -230.400009 42.500019
v -189.400009 -230.400009 42.500019
v -189.400009 -230.400009 44.100021
v -167.000000 -230.400009 44.100021
v -189.400009 -230.400009 42.500019
v -211.800003 -230.400009 42.500019
v -211.800003 -230.400009 44.100021
v -189.400009 -230.400009 44.100021
v -211.800003 -233.400009 29.300018
v -189.400009 -233.400009 29.300018
v -167.000000 -233.400009 29.300018
v -154.800003 -233.400009 29.300018
v -154.800003 -248.400009 29.300020
v -211.800003 -248.400009 29.300020
v -154.800003 -233.400009 29.300018
v -144.600006 -233.400009 29.300018
v -122.200005 -233.400009 29.300018
v -99.800003 -233.400009 29.300018
v -77.400002 -233.400009 29.300018
v -65.200005 -233.400009 29.300018
v -65.200005 -248.400009 29.300020
v -77.400002 -248.400009 29.300020
v -144.600006 -248.400009 29.300020
v -154.800003 -248.400009 29.300020
v -77.400002 -248.400009 29.300020
v -65.200005 -248.400009 29.300020
v -65.200005 -248.400009 83.700020
v -77.400002 -248.400009 83.700020
v -144.600006 -248.400009 29.300020
v -77.400002 -248.400009 29.300020
v -77.400002 -248.400009 83.700020
v -99.800003 -248.400009 83.700020
v -122.200005 -248.400009 83.700020
v -144.600006 -248.400009 83.700020
v -211.800003 -248.400009 82.700020
v -211.800003 -248.400009 29.300020
v -154.800003 -248.400009 29.300020
v -144.600006 -248.400009 29.300020
v -144.600006 -248.400009 83.700020
v -167.000000 -248.400009 83.700020
v -189.400009 -248.400009 83.700020
v -211.800003 -248.400009 83.700020
v -240.300003 -169.199997 -5.199987
v -240.300003 -169.199997 -6.799987
v -242.699997 -169.199997 -6.799987
v -242.699997 -169.199997 -5.199987
v -290.800018 -72.999992 66.300011
v -290.800018 -72.999992 80.500008
v -294.000000 -72.999992 83.700012
v -294.000000 -72.999992 66.300011
v -333.200012 -72.999992 83.700012
v -335.600006 -72.999992 81.300011
v -335.600006 -72.999992 66.300011
v -332.399994 -72.999992 66.300011
v -332.399994 -72.999992 83.700012
v -332.399994 -72.999992 83.700012
v -304.000000 -72.999992 83.700012
v -294.000000 -72.999992 83.700012
v -297.200012 -72.999992 86.900009
v -304.000000 -72.999992 86.900009
v -307.600006 -72.999992 86.900009
v -330.000000 -72.999992 86.900009
v -333.200012 -72.999992 83.700012
v -304.000000 -72.999992 125.600006
v -304.000000 -51.199993 125.600006
v -304.000000 -51.199989 127.200012
v -304.000000 -72.999992 127.200012
v -304.000000 -51.199989 127.200012
v -304.000000 -51.199993 125.600006
v -304.000000 -31.999990 125.599998
v -304.000000 -31.999990 127.200005
v -304.000000 -23.999990 127.200005
v -304.000000 -31.999990 127.200005
v -304.000000 -31.999990 125.599998
v -304.000000 -5.799991 125.599998
v -304.000000 6.400010 125.599998
v -304.000000 6.400010 127.200005
v -304.000000 6.400010 127.200005
v -304.000000 6.400010 125.599998
v -304.000000 25.600010 125.599998
v -304.000000 25.600010 127.200005
v -304.000000 25.600010 127.200005
v -304.000000 25.600010 125.599998
v -304.000000 43.200008 125.599998
v -304.000000 43.200012 127.200005
v -293.200012 -5.799991 125.599998
v -293.200012 37.600010 125.599998
v -293.200012 43.200008 125.599998
v -304.000000 43.200008 125.599998
v -304.000000 25.600010 125.599998
v -304.000000 6.400010 125.599998
v -304.000000 -5.799991 125.599998
v -293.200012 -72.999992 125.600006
v -293.200012 -29.599991 125.599998
v -293.200012 -5.799991 125.599998
v -304.000000 -5.799991 125.599998
v -304.000000 -31.999990 125.599998
v -304.000000 -51.199993 125.600006
v -304.000000 -72.999992 125.600006
v -293.100006 -29.599989 140.900009
v -288.300018 -29.599989 140.900009
v -288.300018 -29.599989 141.300003
v -293.100006 -29.599989 141.300003
v -214.100006 43.200016 184.800003
v -293.200012 43.200016 184.800003
v -293.200012 -23.999987 184.800003
v -293.200012 -29.599987 184.800003
v -211.800003 -29.599987 184.800003
v -211.800003 43.200016 184.800003
v -288.300018 42.400013 142.100006
v -288.300018 43.200012 141.300003
v -288.300018 43.200012 140.900009
v -288.300018 40.000011 140.900009
v -288.300018 40.000011 141.300003
v -288.300018 40.800011 142.100006
v -293.200012 37.600014 128.000000
v -293.200012 43.200012 128.000000
v -293.200012 43.200008 125.599998
v -293.200012 37.600010 125.599998
v -293.200012 -29.599991 128.000000
v -293.200012 -23.999990 128.000000
v -293.200012 37.600014 128.000000
v -293.200012 37.600010 125.599998
v -293.200012 -5.799991 125.599998
v -293.200012 -29.599991 125.599998
v -293.200012 -23.999990 128.000000
v -293.200012 -29.599991 128.000000
v -293.200012 -29.599991 133.279999
v -293.200012 -23.999990 133.279999
v -293.200012 -29.599991 133.279999
v -293.200012 -29.599987 184.800003
v -293.200012 -23.999987 184.800003
v -293.200012 -23.999990 133.279999
v -293.200012 43.200012 128.000000
v -293.200012 37.600014 128.000000
v -293.200012 -23.999990 128.000000
v -293.200012 -23.999990 133.279999
v -293.200012 43.200012 133.279999
v -293.200012 -23.999990 133.279999
v -293.200012 -23.999987 184.800003
v -293.200012 43.200016 184.800003
v -293.200012 43.200012 133.279999
v -288.300018 40.000011 140.900009
v -293.100006 40.000011 140.900009
v -293.100006 40.000011 141.300003
v -288.300018 40.000011 141.300003
v -288.300018 40.800011 142.100006
v -293.100006 40.800011 142.100006
v -293.100006 42.400013 142.100006
v -288.300018 42.400013 142.100006
v -288.300018 43.200012 140.900009
v -293.100006 43.200012 140.900009
v -293.100006 40.000011 140.900009
v -288.300018 40.000011 140.900009
v -293.100006 40.000011 140.900009
v -293.100006 43.200012 140.900009
v -293.100006 43.200012 141.300003
v -293.100006 42.400013 142.100006
v -293.100006 40.800011 142.100006
v -293.100006 40.000011 141.300003
v -288.300018 40.000011 141.300003
v -293.100006 40.000011 141.300003
v -293.100006 40.800011 142.100006
v -288.300018 40.800011 142.100006
v -293.100006 43.200012 141.300003
v -288.300018 43.200012 141.300003
v -288.300018 42.400013 142.100006
v -293.100006 42.400013 142.100006
v -293.200012 -29.599987 184.800003
v -293.200012 -72.999985 184.800003
v -211.800003 -72.999985 184.800003
v -211.800003 -29.599987 184.800003
v -288.300018 -30.399988 142.100006
v -288.300018 -29.599989 141.300003
v -288.300018 -29.599989 140.900009
v -288.300018 -32.799988 140.900009
v -288.300018 -32.799988 141.300003
v -288.300018 -31.999989 142.100006
v -293.200012 -72.999992 128.000000
v -293.200012 -29.599991 128.000000
v -293.200012 -29.599991 125.599998
v -293.200012 -72.999992 125.600006
v -293.200012 -29.599991 128.000000
v -293.200012 -72.999992 128.000000
v -293.200012 -72.999992 133.279999
v -293.200012 -29.599991 133.279999
v -293.200012 -72.999992 133.279999
v -293.200012 -72.999985 184.800003
v -293.200012 -29.599987 184.800003
v -293.200012 -29.599991 133.279999
v -288.300018 -31.999989 142.100006
v -293.100006 -31.999989 142.100006
v -293.100006 -30.399988 142.100006
v -288.300018 -30.399988 142.100006
v -288.300018 -32.799988 140.900009
v -293.100006 -32.799988 140.900009
v -293.100006 -32.799988 141.300003
v -288.300018 -32.799988 141.300003
v -288.300018 -29.599989 140.900009
v -293.100006 -29.599989 140.900009
v -293.100006 -32.799988 140.900009
v -288.300018 -32.799988 140.900009
v -293.100006 -32.799988 140.900009
v -293.100006 -29.599989 140.900009
v -293.100006 -29.599989 141.300003
v -293.100006 -30.399988 142.100006
v -293.100006 -31.999989 142.100006
v -293.100006 -32.799988 141.300003
v -288.300018 -32.799988 141.300003
v -293.100006 -32.799988 141.300003
v -293.100006 -31.999989 142.100006
v -288.300018 -31.999989 142.100006
v -293.100006 -29.599989 141.300003
v -288.300018 -29.599989 141.300003
v -288.300018 -30.399988 142.100006
v -293.100006 -30.399988 142.100006
v -224.900009 43.200005 66.300003
v -224.900009 43.200008 83.700005
v -224.900009 -5.799994 83.700005
v -224.900009 -5.799995 66.300003
v -224.900009 -5.799994 83.700005
v -224.900009 -72.999992 83.700012
v -224.900009 -72.999992 66.300011
v -224.900009 -61.599998 66.300011
v -224.900009 -8.799995 66.300003
v -224.900009 -5.799995 66.300003
v -224.900009 -5.799994 83.700005
v -224.900009 43.200008 83.700005
v -214.100006 43.200008 91.424278
v -211.800003 43.200008 93.069260
v -211.800003 -5.799993 93.069260
v -224.900009 -72.999992 83.700012
v -224.900009 -5.799994 83.700005
v -211.800003 -5.799993 93.069260
v -211.800003 -9.599994 93.069260
v -211.800003 -72.999992 93.069267
v -334.399994 -23.999990 122.900002
v -334.399994 -72.999992 122.900009
v -304.000000 -72.999992 127.200012
v -304.000000 -51.199989 127.200012
v -304.000000 -31.999990 127.200005
v -304.000000 -23.999990 127.200005
v -334.399994 43.200008 122.900002
v -334.399994 -23.999990 122.900002
v -304.000000 -23.999990 127.200005
v -304.000000 6.400010 127.200005
v -304.000000 25.600010 127.200005
v -304.000000 43.200012 127.200005
v -361.800018 -23.999992 110.200005
v -361.800018 -72.999992 110.200012
v -334.399994 -72.999992 122.900009
v -334.399994 -23.999990 122.900002
v -361.800018 43.200008 110.200005
v -361.800018 -23.999992 110.200005
v -334.399994 -23.999990 122.900002
v -334.399994 43.200008 122.900002
v -383.600006 -5.799994 90.599998
v -383.600006 43.200008 90.599998
v -397.317749 43.200005 66.300003
v -397.317749 -5.799995 66.300003
v -383.600006 -72.999992 90.600006
v -383.600006 -23.999992 90.599998
v -383.600006 -5.799994 90.599998
v -397.317749 -5.799995 66.300003
v -397.317749 -18.999994 66.300003
v -397.317749 -61.599998 66.300011
v -397.317749 -72.999992 66.300011
v -383.600006 -23.999992 90.599998
v -383.600006 -72.999992 90.600006
v -361.800018 -72.999992 110.200012
v -361.800018 -23.999992 110.200005
v -383.600006 43.200008 90.599998
v -383.600006 -5.799994 90.599998
v -383.600006 -23.999992 90.599998
v -361.800018 -23.999992 110.200005
v -361.800018 43.200008 110.200005
v -304.000000 -76.699997 125.600006
v -304.000000 -72.999992 125.600006
v -304.000000 -72.999992 127.200012
v -304.000000 -76.699997 127.200012
v -304.000000 -76.699997 127.200012
v -304.000000 -76.799995 127.200012
v -304.000000 -76.799995 128.000000
v -304.000000 -76.699997 128.000000
v -304.000000 -76.699997 128.000000
v -304.000000 -76.799995 128.000000
v -294.000000 -76.799995 128.000000
v -293.200012 -76.799995 128.000000
v -293.200012 -76.699997 128.000000
v -293.200012 -72.999985 184.800003
v -293.200012 -76.799988 184.800003
v -279.000000 -76.799988 184.800003
v -211.800003 -76.799988 184.800003
v -211.800003 -72.999985 184.800003
v -293.200012 -72.999992 128.000000
v -293.200012 -76.699997 128.000000
v -293.200012 -76.799995 128.000000
v -293.200012 -76.799995 133.279999
v -293.200012 -72.999992 133.279999
v -293.200012 -76.799995 133.279999
v -293.200012 -76.799988 184.800003
v -293.200012 -72.999985 184.800003
v -293.200012 -72.999992 133.279999
v -293.200012 -76.799995 128.000000
v -279.000000 -76.799995 128.000000
v -279.000000 -76.799995 133.279999
v -293.200012 -76.799995 133.279999
v -279.000000 -76.799995 133.279999
v -279.000000 -76.799988 184.800003
v -293.200012 -76.799988 184.800003
v -293.200012 -76.799995 133.279999
v -279.000000 -76.799995 128.000000
v -260.700012 -76.799995 128.000000
v -222.300003 -76.799995 128.000000
v -211.800003 -76.799995 128.000000
v -211.800003 -76.799995 133.279999
v -279.000000 -76.799995 133.279999
v -211.800003 -76.799995 133.279999
v -211.800003 -76.799988 184.800003
v -279.000000 -76.799988 184.800003
v -279.000000 -76.799995 133.279999
v -260.700012 -76.799995 66.300011
v -260.700012 -76.799995 83.700012
v -260.700012 -76.799995 128.000000
v -279.000000 -76.799995 128.000000
v -293.200012 -76.799995 128.000000
v -294.000000 -76.799995 128.000000
v -294.000000 -76.799995 83.700012
v -294.000000 -76.799995 66.300011
v -222.300003 -76.799995 128.000000
v -260.700012 -76.799995 128.000000
v -260.700012 -76.799995 83.700012
v -224.900009 -76.799995 83.700012
v -222.300003 -76.799995 85.560005
v -260.700012 -76.799995 83.700012
v -260.700012 -76.799995 66.300011
v -224.900009 -76.799995 66.300011
v -224.900009 -76.799995 83.700012
v -222.300003 -76.799995 85.560005
v -211.800003 -76.799995 93.069550
v -211.800003 -76.799995 128.000000
v -222.300003 -76.799995 128.000000
v -304.000000 -76.799995 127.200012
v -304.000000 -76.799995 83.700012
v -294.000000 -76.799995 83.700012
v -294.000000 -76.799995 128.000000
v -304.000000 -76.799995 128.000000
v -290.800018 -76.699997 66.300011
v -290.800018 -76.699997 80.500008
v -290.800018 -72.999992 80.500008
v -290.800018 -72.999992 66.300011
v -224.900009 -72.999992 83.700012
v -224.900009 -76.799995 83.700012
v -224.900009 -76.799995 66.300011
v -224.900009 -72.999992 66.300011
v -224.900009 -76.799995 83.700012
v -224.900009 -72.999992 83.700012
v -211.800003 -72.999992 93.069267
v -211.800003 -76.799995 93.069550
v -304.000000 -72.999992 86.900009
v -297.200012 -72.999992 86.900009
v -297.200012 -76.699997 86.900009
v -304.000000 -76.699997 86.900009
v -304.000000 -76.699997 125.600006
v -293.200012 -76.699997 125.600006
v -293.200012 -72.999992 125.600006
v -304.000000 -72.999992 125.600006
v -293.200012 -76.699997 125.600006
v -293.200012 -76.699997 128.000000
v -293.200012 -72.999992 128.000000
v -293.200012 -72.999992 125.600006
v -293.200012 -76.699997 125.600006
v -304.000000 -76.699997 125.600006
v -304.000000 -76.699997 127.200012
v -304.000000 -76.699997 128.000000
v -293.200012 -76.699997 128.000000
v -304.000000 -76.699997 83.700012
v -294.000000 -76.699997 83.700012
v -294.000000 -72.999992 83.700012
v -304.000000 -72.999992 83.700012
v -304.000000 -76.699997 86.900009
v -297.200012 -76.699997 86.900009
v -294.000000 -76.699997 83.700012
v -304.000000 -76.699997 83.700012
v -294.000000 -76.699997 83.700012
v -297.200012 -76.699997 86.900009
v -297.200012 -72.999992 86.900009
v -294.000000 -72.999992 83.700012
v -294.000000 -72.999992 66.300011
v -294.000000 -72.999992 83.700012
v -294.000000 -76.699997 83.700012
v -294.000000 -76.699997 66.300011
v -294.000000 -76.699997 83.700012
v -290.800018 -76.699997 80.500008
v -290.800018 -76.699997 66.300011
v -294.000000 -76.699997 66.300011
v -294.000000 -72.999992 83.700012
v -290.800018 -72.999992 80.500008
v -290.800018 -76.699997 80.500008
v -294.000000 -76.699997 83.700012
v -294.000000 -80.399994 83.700012
v -304.000000 -80.399994 83.700012
v -304.000000 -101.999992 83.700012
v -294.000000 -101.999992 83.700012
v -304.000000 -101.999992 83.700012
v -304.000000 -169.199997 83.700020
v -294.000000 -169.199997 83.700020
v -294.000000 -101.999992 83.700012
v -304.000000 -80.399994 83.700012
v -294.000000 -80.399994 83.700012
v -294.000000 -76.799995 83.700012
v -304.000000 -76.799995 83.700012
v -294.000000 -80.399994 66.300011
v -294.000000 -76.799995 66.300011
v -294.000000 -76.799995 83.700012
v -294.000000 -80.399994 83.700012
v -294.000000 -101.999992 83.700012
v -294.000000 -101.999992 66.300011
v -294.000000 -101.999992 83.700012
v -294.000000 -169.199997 83.700020
v -294.000000 -169.199997 82.700020
v -294.000000 -169.199997 66.300018
v -294.000000 -101.999992 66.300011
v -320.295013 -76.799995 83.700012
v -304.000000 -76.799995 83.700012
v -304.000000 -76.799995 127.200012
v -320.295013 -76.799995 124.895111
v -387.494995 -76.799995 83.700012
v -332.399994 -76.799995 83.700012
v -320.295013 -76.799995 83.700012
v -320.295013 -76.799995 124.895111
v -334.399994 -76.799995 122.900009
v -361.800018 -76.799995 110.200012
v -383.600006 -76.799995 90.600006
v -332.399994 -76.799995 66.300011
v -332.399994 -76.799995 83.700012
v -387.494995 -76.799995 83.700012
v -397.317749 -76.799995 66.300011
v -333.200012 -76.699997 83.700012
v -335.600006 -76.699997 81.300011
v -335.600006 -72.999992 81.300011
v -333.200012 -72.999992 83.700012
v -333.200012 -72.999992 83.700012
v -330.000000 -72.999992 86.900009
v -330.000000 -76.699997 86.900009
v -333.200012 -76.699997 83.700012
v -397.317749 -76.799995 66.300011
v -383.600006 -76.799995 90.600006
v -383.600006 -72.999992 90.600006
v -397.317749 -72.999992 66.300011
v -361.800018 -72.999992 110.200012
v -361.800018 -76.799995 110.200012
v -334.399994 -76.799995 122.900009
v -334.399994 -72.999992 122.900009
v -383.600006 -72.999992 90.600006
v -383.600006 -76.799995 90.600006
v -361.800018 -76.799995 110.200012
v -361.800018 -72.999992 110.200012
v -334.399994 -72.999992 122.900009
v -334.399994 -76.799995 122.900009
v -304.000000 -76.799995 127.200012
v -304.000000 -76.699997 127.200012
v -304.000000 -72.999992 127.200012
v -307.600006 -72.999992 86.900009
v -304.000000 -72.999992 86.900009
v -304.000000 -76.699997 86.900009
v -307.600006 -76.699997 86.900009
v -310.800018 -76.699997 86.900009
v -330.000000 -76.699997 86.900009
v -330.000000 -72.999992 86.900009
v -307.600006 -72.999992 86.900009
v -307.600006 -76.699997 86.900009
v -335.600006 -72.999992 66.300011
v -335.600006 -72.999992 81.300011
v -335.600006 -76.699997 81.300011
v -335.600006 -76.699997 66.300011
v -332.399994 -76.699997 83.700012
v -310.800018 -76.699997 83.700012
v -304.000000 -76.699997 83.700012
v -304.000000 -72.999992 83.700012
v -332.399994 -72.999992 83.700012
v -310.800018 -76.699997 86.900009
v -307.600006 -76.699997 86.900009
v -304.000000 -76.699997 86.900009
v -304.000000 -76.699997 83.700012
v -310.800018 -76.699997 83.700012
v -332.399994 -76.699997 83.700012
v -333.200012 -76.699997 83.700012
v -330.000000 -76.699997 86.900009
v -310.800018 -76.699997 86.900009
v -310.800018 -76.699997 83.700012
v -332.399994 -76.699997 66.300011
v -332.399994 -76.699997 83.700012
v -332.399994 -72.999992 83.700012
v -332.399994 -72.999992 66.300011
v -335.600006 -76.699997 66.300011
v -335.600006 -76.699997 81.300011
v -333.200012 -76.699997 83.700012
v -332.399994 -76.699997 83.700012
v -332.399994 -76.699997 66.300011
v -332.399994 -101.999992 83.700012
v -332.399994 -80.399994 83.700012
v -332.399994 -76.799995 83.700012
v -332.399994 -76.799995 66.300011
v -332.399994 -80.399994 66.300011
v -332.399994 -101.999992 66.300011
v -332.399994 -169.199997 82.700020
v -332.399994 -169.199997 83.700020
v -332.399994 -147.600006 83.700012
v -332.399994 -101.999992 83.700012
v -332.399994 -101.999992 66.300011
v -332.399994 -169.199997 66.300018
v -314.000000 -160.000000 82.700020
v -314.000000 -169.100006 82.700020
v -312.399994 -169.100006 82.700020
v -312.399994 -160.000000 82.700020
v -313.899994 -86.599991 82.700012
v -313.899994 -95.699997 82.700012
v -312.300018 -95.699997 82.700012
v -312.300018 -86.599991 82.700012
v -304.000000 -80.399994 83.700012
v -313.200012 -80.399994 83.700012
v -313.200012 -101.999992 83.700012
v -304.000000 -101.999992 83.700012
v -313.200012 -101.999992 83.700012
v -313.200012 -147.600006 83.700012
v -313.200012 -169.199997 83.700020
v -304.000000 -169.199997 83.700020
v -304.000000 -101.999992 83.700012
v -332.399994 -147.600006 83.700012
v -332.399994 -169.199997 83.700020
v -313.200012 -169.199997 83.700020
v -313.200012 -147.600006 83.700012
v -313.200012 -101.999992 83.700012
v -313.200012 -80.399994 83.700012
v -332.399994 -80.399994 83.700012
v -332.399994 -101.999992 83.700012
v -332.399994 -147.600006 83.700012
v -313.200012 -147.600006 83.700012
v -332.399994 -80.399994 83.700012
v -313.200012 -80.399994 83.700012
v -304.000000 -80.399994 83.700012
v -304.000000 -76.799995 83.700012
v -320.295013 -76.799995 83.700012
v -332.399994 -76.799995 83.700012
v -314.200012 -169.199997 83.600014
v -314.200012 -159.800003 83.600014
v -312.200012 -159.800003 83.600014
v -312.200012 -169.199997 83.600014
v -314.100006 -95.899994 83.600006
v -314.100006 -86.399994 83.600006
v -312.100006 -86.399994 83.600006
v -312.100006 -95.899994 83.600006
v -312.300018 -95.699997 82.700012
v -313.899994 -95.699997 82.700012
v -314.100006 -95.899994 83.600006
v -312.100006 -95.899994 83.600006
v -312.399994 -160.000000 82.700020
v -312.399994 -169.100006 82.700020
v -312.300018 -169.199997 83.150017
v -312.200012 -169.199997 83.600014
v -312.200012 -159.800003 83.600014
v -312.399994 -169.100006 82.700020
v -314.000000 -169.100006 82.700020
v -314.100006 -169.199997 83.150017
v -312.300018 -169.199997 83.150017
v -314.000000 -169.100006 82.700020
v -314.000000 -160.000000 82.700020
v -314.200012 -159.800003 83.600014
v -314.200012 -169.199997 83.600014
v -314.100006 -169.199997 83.150017
v -314.000000 -160.000000 82.700020
v -312.399994 -160.000000 82.700020
v -312.200012 -159.800003 83.600014
v -314.200012 -159.800003 83.600014
v -312.300018 -86.599991 82.700012
v -312.300018 -95.699997 82.700012
v -312.100006 -95.899994 83.600006
v -312.100006 -86.399994 83.600006
v -313.899994 -86.599991 82.700012
v -312.300018 -86.599991 82.700012
v -312.100006 -86.399994 83.600006
v -314.100006 -86.399994 83.600006
v -313.899994 -95.699997 82.700012
v -313.899994 -86.599991 82.700012
v -314.100006 -86.399994 83.600006
v -314.100006 -95.899994 83.600006
v -224.900009 -61.599998 64.700012
v -224.900009 -61.599998 50.300003
v -214.100006 -61.599998 50.300003
v -211.800003 -61.599998 50.300003
v -211.800003 -61.599998 64.700012
v -312.000000 43.200005 42.499996
v -312.000000 5.600003 42.500000
v -312.000000 5.600003 44.100002
v -312.000000 43.200005 44.099998
v -312.000000 5.600003 42.500000
v -312.000000 -23.999996 42.500000
v -312.000000 -61.599998 42.500004
v -312.000000 -61.599998 44.100006
v -312.000000 -18.999996 44.100002
v -312.000000 5.600003 44.100002
v -242.699997 -61.600002 -5.199996
v -242.699997 -24.000000 -5.199998
v -240.300003 -24.000000 -5.199998
v -240.300003 -61.600002 -5.199996
v -242.699997 -24.000000 -5.199998
v -242.699997 5.599999 -5.200001
v -242.699997 43.200001 -5.200004
v -240.300003 43.200001 -5.200004
v -240.300003 5.599999 -5.200001
v -240.300003 -24.000000 -5.199998
v -211.800003 -8.799996 50.299999
v -214.100006 -8.799996 50.299999
v -224.900009 -8.799996 50.299999
v -224.900009 -8.799995 64.700005
v -211.800003 -8.799995 64.700005
v -224.900009 -8.799996 48.700001
v -224.900009 43.200005 48.699997
v -224.900009 43.200005 50.299995
v -224.900009 30.400003 50.299995
v -224.900009 8.000004 50.299999
v -224.900009 -8.799996 50.299999
v -224.900009 -8.799996 50.299999
v -224.900009 8.000004 50.299999
v -224.900009 8.000005 64.700005
v -224.900009 -8.799995 64.700005
v -224.900009 -8.799995 64.700005
v -224.900009 8.000005 64.700005
v -224.900009 19.680004 64.700005
v -224.900009 43.200005 64.700005
v -224.900009 43.200005 66.300003
v -224.900009 -5.799995 66.300003
v -224.900009 -8.799995 66.300003
v -224.900009 8.000005 64.700005
v -224.900009 8.000004 50.299999
v -211.800003 8.000004 50.299999
v -211.800003 8.000005 64.700005
v -222.199997 23.700006 64.500000
v -222.199997 15.300005 64.500000
v -215.400009 15.300005 64.500000
v -215.400009 23.700006 64.500000
v -224.900009 19.680004 64.700005
v -224.900009 8.000005 64.700005
v -211.800003 8.000005 64.700005
v -211.800003 19.680004 64.700005
v -214.100006 43.200005 64.700005
v -224.900009 43.200005 64.700005
v -224.900009 19.680004 64.700005
v -211.800003 19.680004 64.700005
v -211.800003 43.200005 64.700005
v -222.199997 23.700006 64.500000
v -215.400009 23.700006 64.500000
v -215.400009 23.700006 64.599998
v -222.199997 23.700006 64.599998
v -215.400009 15.300005 64.500000
v -222.199997 15.300005 64.500000
v -222.199997 15.300005 64.599998
v -215.400009 15.300005 64.599998
v -215.400009 23.700006 64.500000
v -215.400009 15.300005 64.500000
v -215.400009 15.300005 64.599998
v -215.400009 23.700006 64.599998
v -222.199997 15.300005 64.500000
v -222.199997 23.700006 64.500000
v -222.199997 23.700006 64.599998
v -222.199997 15.300005 64.599998
v -222.199997 15.300005 64.599998
v -222.199997 23.700006 64.599998
v -215.400009 23.700006 64.599998
v -215.400009 15.300005 64.599998
v -224.900009 30.400003 50.299995
v -224.900009 43.200005 50.299995
v -214.100006 43.200005 50.299995
v -211.800003 43.200005 50.299995
v -211.800003 30.400003 50.299995
v -211.800003 8.000004 50.299999
v -224.900009 8.000004 50.299999
v -224.900009 30.400003 50.299995
v -211.800003 30.400003 50.299995
v -214.100006 43.200005 40.975727
v -224.900009 43.200005 48.699997
v -224.900009 -8.799996 48.700001
v -211.800003 -8.799997 39.330746
v -211.800003 43.200005 39.330742
v -224.900009 -16.799997 50.299999
v -224.900009 -39.199997 50.300003
v -224.900009 -61.599998 50.300003
v -224.900009 -61.599998 48.700005
v -224.900009 -8.799996 48.700001
v -224.900009 -8.799996 50.299999
v -224.900009 -61.599998 64.700012
v -224.900009 -55.840000 64.700012
v -224.900009 -32.320000 64.700005
v -224.900009 -8.799995 64.700005
v -224.900009 -8.799995 66.300003
v -224.900009 -61.599998 66.300011
v -214.100006 -61.599998 50.300003
v -214.100006 -39.199997 50.300003
v -214.100006 -16.799997 50.299999
v -214.100006 -8.799996 50.299999
v -211.800003 -8.799996 50.299999
v -211.800003 -61.499996 50.300003
v -211.800003 -61.599998 50.300003
v -224.900009 -16.799997 50.299999
v -224.900009 -8.799996 50.299999
v -214.100006 -8.799996 50.299999
v -214.100006 -16.799997 50.299999
v -224.900009 -39.199997 50.300003
v -224.900009 -16.799997 50.299999
v -214.100006 -16.799997 50.299999
v -214.100006 -39.199997 50.300003
v -214.100006 -61.599998 50.300003
v -224.900009 -61.599998 50.300003
v -224.900009 -39.199997 50.300003
v -214.100006 -39.199997 50.300003
v -218.300003 -57.499996 60.000004
v -215.100006 -57.499996 60.000004
v -215.100006 -61.499996 60.000004
v -218.300003 -61.499996 60.000004
v -222.100006 -52.099998 64.500008
v -222.100006 -60.499996 64.500008
v -215.300003 -60.499996 64.500008
v -215.300003 -52.099998 64.500008
v -214.900009 -26.899994 64.500000
v -214.900009 -35.299995 64.500000
v -211.800003 -35.299995 64.500000
v -211.800003 -26.899994 64.500000
v -224.900009 -55.840000 64.700012
v -224.900009 -61.599998 64.700012
v -211.800003 -61.599998 64.700012
v -211.800003 -61.499996 64.700012
v -211.800003 -55.840000 64.700012
v -224.900009 -32.320000 64.700005
v -224.900009 -55.840000 64.700012
v -211.800003 -55.840000 64.700012
v -211.800003 -32.320000 64.700005
v -224.900009 -8.799995 64.700005
v -224.900009 -32.320000 64.700005
v -211.800003 -32.320000 64.700005
v -211.800003 -8.799995 64.700005
v -211.800003 -35.299995 64.500000
v -214.900009 -35.299995 64.500000
v -214.900009 -35.299995 64.599998
v -211.800003 -35.299995 64.599998
v -214.900009 -26.899994 64.500000
v -211.800003 -26.899994 64.500000
v -211.800003 -26.899994 64.599998
v -214.900009 -26.899994 64.599998
v -214.900009 -35.299995 64.500000
v -214.900009 -26.899994 64.500000
v -214.900009 -26.899994 64.599998
v -214.900009 -35.299995 64.599998
v -214.900009 -35.299995 64.599998
v -214.900009 -26.899994 64.599998
v -211.800003 -26.899994 64.599998
v -211.800003 -35.299995 64.599998
v -222.100006 -52.099998 64.500008
v -215.300003 -52.099998 64.500008
v -215.300003 -52.099998 64.600006
v -222.100006 -52.099998 64.600006
v -215.300003 -52.099998 64.500008
v -215.300003 -60.499996 64.500008
v -215.300003 -60.499996 64.600006
v -215.300003 -52.099998 64.600006
v -222.100006 -60.499996 64.500008
v -222.100006 -52.099998 64.500008
v -222.100006 -52.099998 64.600006
v -222.100006 -60.499996 64.600006
v -215.300003 -60.499996 64.500008
v -222.100006 -60.499996 64.500008
v -222.100006 -60.499996 64.600006
v -215.300003 -60.499996 64.600006
v -222.100006 -60.499996 64.600006
v -222.100006 -52.099998 64.600006
v -215.300003 -52.099998 64.600006
v -215.300003 -60.499996 64.600006
v -218.300003 -57.499996 50.400005
v -215.100006 -57.499996 50.400005
v -215.100006 -57.499996 60.000004
v -218.300003 -57.499996 60.000004
v -218.300003 -61.499996 60.000004
v -218.300003 -61.499996 50.400005
v -218.300003 -57.499996 50.400005
v -218.300003 -57.499996 60.000004
v -218.300003 -61.499996 50.400005
v -215.100006 -61.499996 50.400005
v -215.100006 -57.499996 50.400005
v -218.300003 -57.499996 50.400005
v -215.100006 -57.499996 60.000004
v -215.100006 -57.499996 50.400005
v -215.100006 -61.499996 50.400005
v -215.100006 -61.499996 60.000004
v -215.100006 -61.499996 60.000004
v -215.100006 -61.499996 50.400005
v -218.300003 -61.499996 50.400005
v -218.300003 -61.499996 60.000004
v -224.900009 -8.799996 48.700001
v -224.900009 -61.599998 48.700005
v -211.800003 -61.599998 39.330750
v -211.800003 -61.499996 39.330750
v -211.800003 -8.799997 39.330746
v -242.699997 5.599999 -6.800001
v -242.699997 43.200001 -6.800004
v -242.699997 43.200001 -5.200004
v -242.699997 5.599999 -5.200001
v -242.699997 -61.600002 -6.799995
v -242.699997 -24.000000 -6.799998
v -242.699997 5.599999 -6.800001
v -242.699997 5.599999 -5.200001
v -242.699997 -24.000000 -5.199998
v -242.699997 -61.600002 -5.199996
v -242.699997 -24.000000 -6.799998
v -242.699997 -61.600002 -6.799995
v -240.300003 -61.600002 -6.799995
v -240.300003 -24.000000 -6.799998
v -242.699997 43.200001 -6.800004
v -242.699997 5.599999 -6.800001
v -242.699997 -24.000000 -6.799998
v -240.300003 -24.000000 -6.799998
v -240.300003 5.599999 -6.800001
v -240.300003 43.200001 -6.800004
v -240.300003 43.200001 -6.800004
v -240.300003 5.599999 -6.800001
v -240.300003 5.599999 -5.200001
v -240.300003 43.200001 -5.200004
v -240.300003 5.599999 -6.800001
v -240.300003 -24.000000 -6.799998
v -240.300003 -61.600002 -6.799995
v -240.300003 -61.600002 -5.199996
v -240.300003 -24.000000 -5.199998
v -240.300003 5.599999 -5.200001
v -293.200012 25.759995 -48.000004
v -293.200012 27.999996 -48.000004
v -293.200012 43.199997 -48.000004
v -293.200012 43.199997 -51.200005
v -293.200012 25.759995 -51.200005
v -293.200012 -3.360007 -48.000000
v -293.200012 25.759995 -48.000004
v -293.200012 25.759995 -51.200005
v -293.200012 -1.600004 -51.200001
v -293.200012 -3.360007 -51.200001
v -293.200012 -32.480007 -47.999996
v -293.200012 -3.360007 -48.000000
v -293.200012 -3.360007 -51.200001
v -293.200012 -32.480007 -51.199997
v -293.200012 -61.600006 -47.999996
v -293.200012 -32.480007 -47.999996
v -293.200012 -32.480007 -51.199997
v -293.200012 -46.400005 -51.199997
v -293.200012 -61.600006 -51.199997
v -304.000000 27.999996 -48.000004
v -304.000000 43.199997 -48.000004
v -293.200012 43.199997 -48.000004
v -293.200012 27.999996 -48.000004
v -304.000000 -61.600006 -47.999996
v -304.000000 -51.200005 -47.999996
v -304.000000 -32.000004 -47.999996
v -304.000000 -2.880005 -48.000000
v -304.000000 6.399996 -48.000000
v -304.000000 25.599997 -48.000004
v -304.000000 27.999996 -48.000004
v -293.200012 27.999996 -48.000004
v -293.200012 25.759995 -48.000004
v -293.200012 -3.360007 -48.000000
v -293.200012 -32.480007 -47.999996
v -293.200012 -61.600006 -47.999996
v -304.000000 27.999996 -48.000004
v -304.000000 25.599997 -48.000004
v -304.000000 25.599997 -50.400005
v -304.000000 43.199997 -50.400005
v -304.000000 43.199997 -48.000004
v -304.000000 6.399996 -48.000000
v -304.000000 6.399996 -50.400002
v -304.000000 25.599997 -50.400005
v -304.000000 25.599997 -48.000004
v -304.000000 -2.880005 -50.400002
v -304.000000 6.399996 -50.400002
v -304.000000 6.399996 -48.000000
v -304.000000 -2.880005 -48.000000
v -304.000000 -32.000004 -47.999996
v -304.000000 -32.000004 -50.399998
v -304.000000 -24.000004 -50.400002
v -304.000000 -2.880005 -50.400002
v -304.000000 -2.880005 -48.000000
v -304.000000 -51.200005 -47.999996
v -304.000000 -51.200005 -50.399998
v -304.000000 -32.000004 -50.399998
v -304.000000 -32.000004 -47.999996
v -304.000000 -51.200005 -50.399998
v -304.000000 -51.200005 -47.999996
v -304.000000 -61.600006 -47.999996
v -304.000000 -61.600006 -50.399998
v -304.000000 -24.000004 -50.400002
v -304.000000 -32.000004 -50.399998
v -304.000000 -51.200005 -50.399998
v -304.000000 -61.600006 -50.399998
v -309.000000 -61.600006 -49.692760
v -312.000000 -61.600006 -49.268417
v -312.000000 -24.000004 -49.268421
v -312.000000 -19.000004 -49.268421
v -312.000000 43.199997 -49.268425
v -309.000000 43.199997 -49.692768
v -304.000000 43.199997 -50.400005
v -304.000000 25.599997 -50.400005
v -304.000000 6.399996 -50.400002
v -304.000000 -2.880005 -50.400002
v -304.000000 -24.000004 -50.400002
v -312.000000 -24.000004 -49.268421
v -314.399994 -23.999996 42.500000
v -314.399994 -61.599998 42.500004
v -312.000000 -61.599998 42.500004
v -312.000000 -23.999996 42.500000
v -314.399994 43.200005 42.499996
v -314.399994 -18.999996 42.500000
v -314.399994 -23.999996 42.500000
v -312.000000 -23.999996 42.500000
v -312.000000 5.600003 42.500000
v -312.000000 43.200005 42.499996
v -394.399994 43.200005 42.499996
v -394.399994 -18.999996 42.500000
v -392.000000 -18.999996 42.500000
v -392.000000 43.200005 42.499996
v -392.000000 -25.399996 42.500004
v -394.399994 -25.399996 42.500004
v -394.399994 -61.599998 42.500004
v -392.000000 -61.599998 42.500004
v -394.399994 -18.999996 44.100002
v -392.000000 -18.999996 44.100002
v -392.000000 -18.999996 45.600002
v -394.399994 -18.999996 44.100002
v -394.399994 -18.999996 42.500000
v -394.399994 43.200005 42.499996
v -394.399994 43.200005 44.099998
v -314.399994 -18.999996 42.500000
v -314.399994 43.200005 42.499996
v -314.399994 43.200005 44.099998
v -314.399994 -18.999996 44.100002
v -314.399994 -18.999996 44.100002
v -314.399994 43.200005 44.099998
v -312.000000 43.200005 44.099998
v -312.000000 5.600003 44.100002
v -312.000000 -18.999996 44.100002
v -392.000000 -18.999996 44.100002
v -394.399994 -18.999996 44.100002
v -394.399994 43.200005 44.099998
v -392.000000 43.200005 44.099998
v -390.200012 -18.999996 58.900002
v -390.200012 43.200005 58.899998
v -387.899994 43.200005 57.999996
v -387.899994 -18.999996 58.000000
v -392.500000 -18.999996 58.000000
v -392.500000 43.200005 57.999996
v -390.200012 43.200005 58.899998
v -390.200012 -18.999996 58.900002
v -387.000000 43.200005 55.699997
v -387.000000 -18.999996 55.700001
v -387.899994 -18.999996 58.000000
v -387.899994 43.200005 57.999996
v -393.399994 -18.999996 55.700001
v -393.399994 43.200005 55.699997
v -392.500000 43.200005 57.999996
v -392.500000 -18.999996 58.000000
v -387.899994 43.200005 53.399998
v -387.899994 -18.999996 53.400002
v -387.000000 -18.999996 55.700001
v -387.000000 43.200005 55.699997
v -392.500000 -18.999996 53.400002
v -392.500000 43.200005 53.399998
v -393.399994 43.200005 55.699997
v -393.399994 -18.999996 55.700001
v -390.200012 43.200005 52.499996
v -390.200012 -18.999996 52.500000
v -387.899994 -18.999996 53.400002
v -387.899994 43.200005 53.399998
v -392.500000 43.200005 53.399998
v -392.500000 -18.999996 53.400002
v -390.200012 -18.999996 52.500000
v -390.200012 43.200005 52.499996
v -392.000000 43.200005 42.499996
v -392.000000 -18.999996 42.500000
v -392.000000 -18.999996 44.100002
v -392.000000 43.200005 44.099998
v -397.600006 43.200005 65.800003
v -397.600006 -18.999994 65.800003
v -397.317749 -18.999994 66.300003
v -397.317749 -5.799995 66.300003
v -397.317749 43.200005 66.300003
v -397.600006 -18.999994 65.800003
v -397.600006 43.200005 65.800003
v -397.792694 43.200005 64.700005
v -401.681763 43.200005 42.499996
v -401.681763 -18.999996 42.500000
v -394.399994 -61.599998 42.500004
v -394.399994 -25.399996 42.500004
v -394.399994 -25.399996 44.100006
v -394.399994 -61.599998 44.100006
v -394.399994 -25.399996 44.100006
v -394.399994 -25.399996 42.500004
v -394.399994 -18.999996 42.500000
v -394.399994 -18.999996 44.100002
v -314.399994 -61.599998 42.500004
v -314.399994 -23.999996 42.500000
v -314.399994 -18.999996 42.500000
v -314.399994 -18.999996 44.100002
v -314.399994 -61.599998 44.100006
v -314.399994 -61.599998 44.100006
v -314.399994 -18.999996 44.100002
v -312.000000 -18.999996 44.100002
v -312.000000 -61.599998 44.100006
v -392.500000 -61.599998 58.000004
v -392.500000 -18.999996 58.000000
v -390.200012 -18.999996 58.900002
v -390.200012 -61.599998 58.900005
v -392.000000 -25.399996 45.600006
v -394.399994 -25.399996 44.100006
v -394.399994 -18.999996 44.100002
v -392.000000 -18.999996 45.600002
v -393.399994 -61.599998 55.700005
v -393.399994 -18.999996 55.700001
v -392.500000 -18.999996 58.000000
v -392.500000 -61.599998 58.000004
v -390.200012 -61.599998 58.900005
v -390.200012 -18.999996 58.900002
v -387.899994 -18.999996 58.000000
v -387.899994 -61.599998 58.000004
v -392.500000 -61.599998 53.400005
v -392.500000 -18.999996 53.400002
v -393.399994 -18.999996 55.700001
v -393.399994 -61.599998 55.700005
v -387.000000 -18.999996 55.700001
v -387.000000 -61.599998 55.700005
v -387.899994 -61.599998 58.000004
v -387.899994 -18.999996 58.000000
v -392.500000 -18.999996 53.400002
v -392.500000 -61.599998 53.400005
v -390.200012 -61.599998 52.500004
v -390.200012 -18.999996 52.500000
v -387.899994 -18.999996 53.400002
v -387.899994 -61.599998 53.400005
v -387.000000 -61.599998 55.700005
v -387.000000 -18.999996 55.700001
v -390.200012 -18.999996 52.500000
v -390.200012 -61.599998 52.500004
v -387.899994 -61.599998 53.400005
v -387.899994 -18.999996 53.400002
v -392.000000 -25.399996 44.100006
v -392.000000 -25.399996 42.500004
v -392.000000 -61.599998 42.500004
v -392.000000 -61.599998 44.100006
v -392.000000 -18.999996 45.600002
v -392.000000 -18.999996 44.100002
v -392.000000 -18.999996 42.500000
v -392.000000 -25.399996 42.500004
v -392.000000 -25.399996 44.100006
v -392.000000 -25.399996 45.600006
v -392.000000 -25.399996 45.600006
v -392.000000 -25.399996 44.100006
v -394.399994 -25.399996 44.100006
v -394.399994 -61.599998 44.100006
v -394.399994 -25.399996 44.100006
v -392.000000 -25.399996 44.100006
v -392.000000 -61.599998 44.100006
v -397.600006 -18.999994 65.800003
v -397.600006 -61.599998 65.800011
v -397.317749 -61.599998 66.300011
v -397.317749 -18.999994 66.300003
v -401.681763 -61.599998 42.500004
v -397.600006 -61.599998 65.800011
v -397.600006 -18.999994 65.800003
v -401.681763 -18.999996 42.500000
v -394.399994 -18.999996 42.500000
v -392.000000 -18.999996 40.900002
v -392.000000 -18.999996 42.500000
v -402.399994 43.200005 38.399998
v -402.399994 -18.999996 38.400002
v -401.681763 -18.999996 42.500000
v -401.681763 43.200005 42.499996
v -334.399994 -19.000004 -46.100002
v -334.399994 43.199997 -46.100006
v -312.000000 43.199997 -49.268425
v -312.000000 -19.000004 -49.268421
v -400.245270 43.200005 26.099997
v -397.600006 43.200001 10.999997
v -397.600006 -19.000000 11.000002
v -402.399994 -18.999996 38.400002
v -402.399994 43.200005 38.399998
v -361.800018 -19.000002 -33.400002
v -361.800018 43.199997 -33.400005
v -334.399994 43.199997 -46.100006
v -334.399994 -19.000004 -46.100002
v -383.600006 43.200001 -13.800003
v -383.600006 -19.000002 -13.799998
v -397.600006 -19.000000 11.000002
v -397.600006 43.200001 10.999997
v -383.600006 -19.000002 -13.799998
v -383.600006 43.200001 -13.800003
v -361.800018 43.199997 -33.400005
v -361.800018 -19.000002 -33.400002
v -392.000000 -18.999996 40.900002
v -394.399994 -18.999996 42.500000
v -394.399994 -25.399996 42.500004
v -392.000000 -25.399996 40.900005
v -334.399994 -61.600006 -46.099998
v -334.399994 -19.000004 -46.100002
v -312.000000 -19.000004 -49.268421
v -312.000000 -24.000004 -49.268421
v -312.000000 -61.600006 -49.268417
v -402.399994 -18.999996 38.400002
v -402.399994 -61.599998 38.400005
v -401.681763 -61.599998 42.500004
v -401.681763 -18.999996 42.500000
v -383.600006 -19.000002 -13.799998
v -383.600006 -61.600002 -13.799995
v -397.600006 -61.600002 11.000005
v -397.600006 -19.000000 11.000002
v -361.800018 -61.600006 -33.399998
v -361.800018 -19.000002 -33.400002
v -334.399994 -19.000004 -46.100002
v -334.399994 -61.600006 -46.099998
v -397.600006 -19.000000 11.000002
v -397.600006 -61.600002 11.000005
v -400.245270 -61.599998 26.100004
v -402.399994 -61.599998 38.400005
v -402.399994 -18.999996 38.400002
v -383.600006 -61.600002 -13.799995
v -383.600006 -19.000002 -13.799998
v -361.800018 -19.000002 -33.400002
v -361.800018 -61.600006 -33.399998
v -392.000000 -18.999996 42.500000
v -392.000000 -18.999996 40.900002
v -392.000000 -25.399996 40.900005
v -392.000000 -25.399996 42.500004
v -392.000000 -25.399996 42.500004
v -392.000000 -25.399996 40.900005
v -394.399994 -25.399996 42.500004
v -309.000000 -73.099998 42.400005
v -309.000000 -73.099998 41.200005
v -309.000000 -76.700005 41.200008
v -309.000000 -76.700005 42.400009
v -240.300003 -169.199997 -5.199987
v -242.699997 -169.199997 -5.199987
v -242.699997 -128.800003 -5.199991
v -240.300003 -128.800003 -5.199991
v -242.699997 -128.800003 -5.199991
v -242.699997 -102.000000 -5.199993
v -242.699997 -80.400002 -5.199994
v -242.699997 -61.600002 -5.199996
v -240.300003 -61.600002 -5.199996
v -240.300003 -80.400002 -5.199994
v -240.300003 -102.000000 -5.199993
v -240.300003 -128.800003 -5.199991
v -260.700012 -80.400002 -5.199994
v -260.700012 -80.400002 34.400009
v -260.700012 -76.800003 34.400009
v -260.700012 -76.800003 -5.199995
v -211.800003 -76.800003 -0.799994
v -211.800003 -76.800003 26.600006
v -211.800003 -76.800003 39.330467
v -222.300003 -76.800003 46.840008
v -222.300003 -76.800003 34.400009
v -222.300003 -76.800003 -5.199995
v -211.800003 -76.800003 -5.199995
v -260.700012 -76.799995 66.300011
v -260.700012 -76.800003 48.700008
v -224.900009 -76.800003 48.700008
v -224.900009 -76.799995 66.300011
v -260.700012 -76.800003 48.700008
v -260.700012 -76.800003 34.400009
v -222.300003 -76.800003 34.400009
v -222.300003 -76.800003 46.840008
v -224.900009 -76.800003 48.700008
v -224.900009 -61.599998 50.300003
v -224.900009 -61.599998 64.700012
v -224.900009 -61.599998 66.300011
v -224.900009 -72.999992 66.300011
v -224.900009 -76.799995 66.300011
v -224.900009 -76.800003 48.700008
v -224.900009 -61.599998 48.700005
v -224.900009 -61.599998 48.700005
v -224.900009 -76.800003 48.700008
v -211.800003 -76.800003 39.330467
v -211.800003 -61.599998 39.330750
v -260.700012 -76.800003 34.400009
v -260.700012 -80.400002 34.400009
v -241.500000 -80.400002 34.400009
v -222.300003 -80.400002 34.400009
v -222.300003 -76.800003 34.400009
v -222.300003 -76.800003 -5.199995
v -222.300003 -76.800003 34.400009
v -222.300003 -80.400002 34.400009
v -222.300003 -80.400002 -5.199994
v -294.000000 -76.700005 29.300007
v -294.000000 -73.000000 29.300007
v -294.000000 -72.999992 66.300011
v -294.000000 -76.699997 66.300011
v -294.000000 -80.400002 29.300007
v -294.000000 -76.800003 29.300007
v -294.000000 -76.799995 66.300011
v -294.000000 -80.399994 66.300011
v -294.000000 -73.000000 29.300007
v -290.800018 -73.000000 32.500004
v -290.800018 -72.999992 66.300011
v -294.000000 -72.999992 66.300011
v -290.800018 -76.699997 66.300011
v -290.800018 -76.700005 32.500008
v -294.000000 -76.700005 29.300007
v -294.000000 -76.699997 66.300011
v -290.800018 -73.000000 32.500004
v -290.800018 -76.700005 32.500008
v -290.800018 -76.699997 66.300011
v -290.800018 -72.999992 66.300011
v -294.000000 -76.700005 29.300007
v -290.800018 -76.700005 32.500008
v -290.800018 -73.000000 32.500004
v -294.000000 -73.000000 29.300007
v -260.700012 -76.800003 -5.199995
v -260.700012 -76.800003 34.400009
v -260.700012 -76.800003 48.700008
v -260.700012 -76.799995 66.300011
v -294.000000 -76.799995 66.300011
v -294.000000 -76.800003 29.300007
v -294.000000 -76.800003 -5.199995
v -309.000000 -73.000000 29.300007
v -294.000000 -73.000000 29.300007
v -294.000000 -76.700005 29.300007
v -309.000000 -76.700005 29.300007
v -309.000000 -76.800003 29.300007
v -294.000000 -76.800003 29.300007
v -294.000000 -80.400002 29.300007
v -309.000000 -80.400002 29.300007
v -309.000000 -73.000000 26.100006
v -296.399994 -73.000000 26.100006
v -294.000000 -73.000000 29.300007
v -309.000000 -73.000000 29.300007
v -294.000000 -76.700005 29.300007
v -296.399994 -76.700005 26.100006
v -309.000000 -76.700005 26.100006
v -309.000000 -76.700005 29.300007
v -309.000000 -76.700005 26.100006
v -296.399994 -76.700005 26.100006
v -296.399994 -73.000000 26.100006
v -309.000000 -73.000000 26.100006
v -294.000000 -73.000000 29.300007
v -296.399994 -73.000000 26.100006
v -296.399994 -76.700005 26.100006
v -294.000000 -76.700005 29.300007
v -294.000000 -76.800003 -5.199995
v -294.000000 -76.800003 29.300007
v -309.000000 -76.800003 29.300007
v -309.000000 -76.800003 26.100006
v -309.000000 -76.800003 -5.199995
v -222.300003 -80.400002 34.400009
v -241.500000 -80.400002 34.400009
v -241.500000 -102.000000 34.400009
v -222.300003 -102.000000 34.400009
v -241.500000 -102.000000 34.400009
v -241.500000 -147.600006 34.400013
v -241.500000 -169.199997 34.400013
v -222.300003 -169.199997 34.400013
v -222.300003 -102.000000 34.400009
v -260.700012 -147.600006 34.400013
v -260.700012 -169.199997 34.400013
v -241.500000 -169.199997 34.400013
v -241.500000 -147.600006 34.400013
v -241.500000 -102.000000 34.400009
v -241.500000 -80.400002 34.400009
v -260.700012 -80.400002 34.400009
v -260.700012 -102.000000 34.400009
v -260.700012 -147.600006 34.400013
v -241.500000 -147.600006 34.400013
v -222.300003 -80.400002 -5.199994
v -222.300003 -80.400002 34.400009
v -222.300003 -102.000000 34.400009
v -222.300003 -102.000000 -5.199993
v -222.300003 -102.000000 34.400009
v -222.300003 -169.199997 34.400013
v -222.300003 -169.199997 22.900013
v -222.300003 -169.199997 -5.199987
v -222.300003 -102.000000 -5.199993
v -260.700012 -80.400002 34.400009
v -260.700012 -80.400002 -5.199994
v -260.700012 -102.000000 -5.199993
v -260.700012 -102.000000 34.400009
v -260.700012 -102.000000 -5.199993
v -260.700012 -169.199997 -5.199987
v -260.700012 -169.199997 22.900013
v -260.700012 -169.199997 34.400013
v -260.700012 -147.600006 34.400013
v -260.700012 -102.000000 34.400009
v -294.000000 -80.400002 29.300007
v -294.000000 -102.000000 29.300009
v -294.000000 -169.199997 29.300014
v -309.000000 -169.199997 29.300014
v -309.000000 -80.400002 29.300007
v -294.000000 -102.000000 29.300009
v -294.000000 -80.400002 29.300007
v -294.000000 -80.399994 66.300011
v -294.000000 -101.999992 66.300011
v -294.000000 -169.199997 29.300014
v -294.000000 -102.000000 29.300009
v -294.000000 -101.999992 66.300011
v -294.000000 -169.199997 66.300018
v -260.700012 -80.400002 -19.999994
v -260.700012 -80.400002 -5.199994
v -260.700012 -76.800003 -5.199995
v -260.700012 -76.800003 -19.999994
v -260.700012 -80.400002 -19.999994
v -260.700012 -76.800003 -19.999994
v -222.300003 -76.800003 -19.999994
v -222.300003 -80.400002 -19.999994
v -237.300003 -73.099998 -6.899994
v -237.300003 -73.099998 -8.099995
v -237.300003 -76.700005 -8.099995
v -237.300003 -76.700005 -6.899994
v -222.300003 -76.800003 -19.999994
v -222.300003 -76.800003 -5.199995
v -222.300003 -80.400002 -5.199994
v -222.300003 -80.400002 -19.999994
v -222.300003 -76.800003 -5.199995
v -222.300003 -76.800003 -19.999994
v -211.800003 -76.800003 -19.999994
v -211.800003 -76.800003 -5.199995
v -245.699997 -76.700005 -6.899994
v -245.699997 -76.700005 -8.099995
v -245.699997 -73.099998 -8.099995
v -245.699997 -73.099998 -6.899994
v -237.300003 -73.099998 -8.099995
v -245.699997 -73.099998 -8.099995
v -245.699997 -76.700005 -8.099995
v -237.300003 -76.700005 -8.099995
v -242.699997 -61.600002 -6.799995
v -242.699997 -80.400002 -6.799994
v -240.300003 -80.400002 -6.799994
v -240.300003 -61.600002 -6.799995
v -240.300003 -61.600002 -6.799995
v -240.300003 -80.400002 -6.799994
v -240.300003 -80.400002 -5.199994
v -240.300003 -61.600002 -5.199996
v -242.699997 -80.400002 -6.799994
v -242.699997 -61.600002 -6.799995
v -242.699997 -61.600002 -5.199996
v -242.699997 -80.400002 -5.199994
v -245.699997 -73.099998 -8.099995
v -237.300003 -73.099998 -8.099995
v -237.300003 -73.099998 -6.899994
v -245.699997 -73.099998 -6.899994
v -237.300003 -76.700005 -8.099995
v -245.699997 -76.700005 -8.099995
v -245.699997 -76.700005 -6.899994
v -237.300003 -76.700005 -6.899994
v -237.300003 -76.700005 -6.899994
v -245.699997 -76.700005 -6.899994
v -245.699997 -73.099998 -6.899994
v -237.300003 -73.099998 -6.899994
v -222.300003 -76.800003 -19.999994
v -260.700012 -76.800003 -19.999994
v -260.700012 -76.800003 -47.999992
v -260.700012 -76.800011 -51.199993
v -238.800003 -76.800011 -51.199993
v -211.800003 -76.800011 -51.199993
v -211.800003 -76.800003 -19.999994
v -293.200012 -76.800003 -47.999992
v -304.000000 -76.800003 -47.999992
v -304.000000 -61.600006 -47.999996
v -293.200012 -61.600006 -47.999996
v -304.000000 -76.800003 -47.999992
v -293.200012 -76.800003 -47.999992
v -260.700012 -76.800003 -47.999992
v -260.700012 -76.800003 -19.999994
v -260.700012 -76.800003 -5.199995
v -294.000000 -76.800003 -5.199995
v -309.000000 -76.800003 -5.199995
v -309.000000 -76.800003 -47.999992
v -293.200012 -76.800011 -51.199993
v -293.200012 -76.800003 -47.999992
v -293.200012 -61.600006 -47.999996
v -293.200012 -61.600006 -51.199997
v -293.200012 -76.800011 -51.199993
v -283.600006 -76.800011 -51.199993
v -260.700012 -76.800011 -51.199993
v -260.700012 -76.800003 -47.999992
v -293.200012 -76.800003 -47.999992
v -304.000000 -76.800003 -47.999992
v -309.000000 -76.800003 -47.999992
v -309.000000 -76.800003 -49.692738
v -304.000000 -76.800003 -50.399994
v -304.000000 -61.600006 -47.999996
v -304.000000 -76.800003 -47.999992
v -304.000000 -76.800003 -50.399994
v -304.000000 -61.600006 -50.399998
v -309.000000 -61.600006 -49.692760
v -304.000000 -61.600006 -50.399998
v -304.000000 -76.800003 -50.399994
v -309.000000 -76.800003 -49.692738
v -260.700012 -80.400002 -5.199994
v -260.700012 -80.400002 -19.999994
v -260.700012 -102.000000 -19.999992
v -260.700012 -102.000000 -5.199993
v -260.700012 -102.000000 -19.999992
v -260.700012 -169.199997 -19.999987
v -260.700012 -169.199997 -5.199987
v -260.700012 -102.000000 -5.199993
v -222.300003 -102.000000 -19.999992
v -222.300003 -80.400002 -19.999994
v -222.300003 -80.400002 -5.199994
v -222.300003 -102.000000 -5.199993
v -222.300003 -169.199997 -19.999987
v -222.300003 -102.000000 -19.999992
v -222.300003 -102.000000 -5.199993
v -222.300003 -169.199997 -5.199987
v -242.699997 -147.600006 -6.799989
v -242.699997 -169.199997 -6.799987
v -240.300003 -169.199997 -6.799987
v -240.300003 -147.600006 -6.799989
v -242.699997 -80.400002 -6.799994
v -242.699997 -102.000000 -6.799993
v -242.699997 -147.600006 -6.799989
v -240.300003 -147.600006 -6.799989
v -240.300003 -102.000000 -6.799993
v -240.300003 -80.400002 -6.799994
v -240.300003 -80.400002 -6.799994
v -240.300003 -102.000000 -6.799993
v -240.300003 -102.000000 -5.199993
v -240.300003 -80.400002 -5.199994
v -240.300003 -102.000000 -6.799993
v -240.300003 -147.600006 -6.799989
v -240.300003 -169.199997 -6.799987
v -240.300003 -169.199997 -5.199987
v -240.300003 -128.800003 -5.199991
v -240.300003 -102.000000 -5.199993
v -242.699997 -102.000000 -6.799993
v -242.699997 -80.400002 -6.799994
v -242.699997 -80.400002 -5.199994
v -242.699997 -102.000000 -5.199993
v -242.699997 -128.800003 -5.199991
v -242.699997 -169.199997 -5.199987
v -242.699997 -169.199997 -6.799987
v -242.699997 -147.600006 -6.799989
v -242.699997 -102.000000 -6.799993
v -242.699997 -102.000000 -5.199993
v -260.700012 -169.199997 -19.999987
v -260.700012 -102.000000 -19.999992
v -260.700012 -80.400002 -19.999994
v -222.300003 -80.400002 -19.999994
v -222.300003 -102.000000 -19.999992
v -222.300003 -169.199997 -19.999987
v -330.000000 -73.000000 26.100006
v -330.000000 -76.700005 26.100006
v -310.800018 -76.700005 26.100006
v -309.000000 -76.700005 26.100006
v -309.000000 -73.000000 26.100006
v -401.681763 -61.599998 42.500004
v -402.399994 -61.599998 38.400005
v -402.399994 -76.800003 38.400009
v -397.600006 -76.799995 65.800011
v -397.600006 -61.599998 65.800011
v -400.245270 -76.800003 26.100006
v -402.399994 -76.800003 38.400009
v -402.399994 -61.599998 38.400005
v -400.245270 -61.599998 26.100004
v -332.399994 -73.000000 29.300007
v -309.000000 -73.000000 29.300007
v -309.000000 -76.700005 29.300007
v -310.800018 -76.700005 29.300007
v -332.399994 -76.700005 29.300007
v -332.399994 -80.400002 29.300007
v -332.399994 -76.800003 29.300007
v -309.000000 -76.800003 29.300007
v -309.000000 -80.400002 29.300007
v -332.399994 -76.700005 29.300007
v -332.399994 -76.699997 66.300011
v -332.399994 -72.999992 66.300011
v -332.399994 -73.000000 29.300007
v -332.399994 -76.799995 66.300011
v -332.399994 -76.800003 29.300007
v -332.399994 -80.400002 29.300007
v -332.399994 -80.399994 66.300011
v -314.399994 -80.400002 44.100010
v -314.399994 -61.599998 44.100006
v -312.000000 -61.599998 44.100006
v -312.000000 -80.400002 44.100010
v -317.399994 -76.700005 42.400009
v -317.399994 -76.700005 41.200008
v -317.399994 -73.099998 41.200005
v -317.399994 -73.099998 42.400005
v -309.000000 -76.700005 42.400009
v -317.399994 -76.700005 42.400009
v -317.399994 -73.099998 42.400005
v -309.000000 -73.099998 42.400005
v -314.399994 -80.400002 42.500008
v -314.399994 -61.599998 42.500004
v -314.399994 -61.599998 44.100006
v -314.399994 -80.400002 44.100010
v -312.000000 -61.599998 42.500004
v -312.000000 -80.400002 42.500008
v -312.000000 -80.400002 44.100010
v -312.000000 -61.599998 44.100006
v -314.399994 -61.599998 42.500004
v -314.399994 -80.400002 42.500008
v -312.000000 -80.400002 42.500008
v -312.000000 -61.599998 42.500004
v -317.399994 -73.099998 41.200005
v -313.200012 -73.099998 39.600006
v -309.000000 -73.099998 41.200005
v -309.000000 -73.099998 42.400005
v -317.399994 -73.099998 42.400005
v -313.200012 -76.700005 39.600010
v -317.399994 -76.700005 41.200008
v -317.399994 -76.700005 42.400009
v -309.000000 -76.700005 42.400009
v -309.000000 -76.700005 41.200008
v -309.000000 -73.099998 41.200005
v -313.200012 -73.099998 39.600006
v -313.200012 -76.700005 39.600010
v -309.000000 -76.700005 41.200008
v -313.200012 -73.099998 39.600006
v -317.399994 -73.099998 41.200005
v -317.399994 -76.700005 41.200008
v -313.200012 -76.700005 39.600010
v -397.600006 -61.599998 65.800011
v -397.600006 -76.799995 65.800011
v -397.317749 -76.799995 66.300011
v -397.317749 -72.999992 66.300011
v -397.317749 -61.599998 66.300011
v -392.000000 -76.700005 44.100010
v -392.000000 -76.700005 42.500008
v -394.399994 -76.700005 42.500008
v -394.399994 -76.700005 44.100010
v -387.899994 -76.699997 53.400009
v -390.200012 -76.699997 52.500008
v -392.500000 -76.699997 53.400009
v -393.399994 -76.699997 55.700008
v -392.500000 -76.699997 58.000008
v -390.200012 -76.699997 58.900009
v -387.899994 -76.699997 58.000008
v -387.000000 -76.699997 55.700008
v -332.399994 -76.700005 29.300007
v -333.200012 -76.700005 29.300007
v -335.600006 -76.700005 31.700006
v -335.600006 -76.699997 66.300011
v -332.399994 -76.699997 66.300011
v -394.399994 -76.700005 44.100010
v -394.399994 -76.700005 42.500008
v -394.399994 -61.599998 42.500004
v -394.399994 -61.599998 44.100006
v -335.600006 -76.700005 31.700006
v -335.600006 -73.000000 31.700006
v -335.600006 -72.999992 66.300011
v -335.600006 -76.699997 66.300011
v -335.600006 -72.999992 66.300011
v -335.600006 -73.000000 31.700006
v -333.200012 -73.000000 29.300007
v -332.399994 -73.000000 29.300007
v -332.399994 -72.999992 66.300011
v -333.200012 -73.000000 29.300007
v -335.600006 -73.000000 31.700006
v -335.600006 -76.700005 31.700006
v -333.200012 -76.700005 29.300007
v -392.000000 -76.700005 44.100010
v -394.399994 -76.700005 44.100010
v -394.399994 -61.599998 44.100006
v -392.000000 -61.599998 44.100006
v -390.200012 -76.699997 58.900009
v -390.200012 -61.599998 58.900005
v -387.899994 -61.599998 58.000004
v -387.899994 -76.699997 58.000008
v -392.500000 -76.699997 58.000008
v -392.500000 -61.599998 58.000004
v -390.200012 -61.599998 58.900005
v -390.200012 -76.699997 58.900009
v -387.000000 -61.599998 55.700005
v -387.000000 -76.699997 55.700008
v -387.899994 -76.699997 58.000008
v -387.899994 -61.599998 58.000004
v -393.399994 -76.699997 55.700008
v -393.399994 -61.599998 55.700005
v -392.500000 -61.599998 58.000004
v -392.500000 -76.699997 58.000008
v -387.899994 -61.599998 53.400005
v -387.899994 -76.699997 53.400009
v -387.000000 -76.699997 55.700008
v -387.000000 -61.599998 55.700005
v -392.500000 -76.699997 53.400009
v -392.500000 -61.599998 53.400005
v -393.399994 -61.599998 55.700005
v -393.399994 -76.699997 55.700008
v -390.200012 -61.599998 52.500004
v -390.200012 -76.699997 52.500008
v -387.899994 -76.699997 53.400009
v -387.899994 -61.599998 53.400005
v -392.500000 -61.599998 53.400005
v -392.500000 -76.699997 53.400009
v -390.200012 -76.699997 52.500008
v -390.200012 -61.599998 52.500004
v -392.000000 -61.599998 42.500004
v -392.000000 -76.700005 42.500008
v -392.000000 -76.700005 44.100010
v -392.000000 -61.599998 44.100006
v -394.399994 -61.599998 42.500004
v -394.399994 -76.700005 42.500008
v -392.000000 -76.700005 42.500008
v -392.000000 -61.599998 42.500004
v -400.806000 -76.800003 29.300007
v -333.606018 -76.800003 29.300007
v -332.399994 -76.800003 29.300007
v -332.399994 -76.799995 66.300011
v -397.317749 -76.799995 66.300011
v -397.600006 -76.799995 65.800011
v -402.399994 -76.800003 38.400009
v -332.399994 -73.000000 29.300007
v -333.200012 -73.000000 29.300007
v -330.000000 -73.000000 26.100006
v -309.000000 -73.000000 26.100006
v -309.000000 -73.000000 29.300007
v -309.000000 -76.700005 26.100006
v -310.800018 -76.700005 26.100006
v -310.800018 -76.700005 29.300007
v -309.000000 -76.700005 29.300007
v -310.800018 -76.700005 26.100006
v -330.000000 -76.700005 26.100006
v -333.200012 -76.700005 29.300007
v -332.399994 -76.700005 29.300007
v -310.800018 -76.700005 29.300007
v -333.200012 -76.700005 29.300007
v -330.000000 -76.700005 26.100006
v -330.000000 -73.000000 26.100006
v -333.200012 -73.000000 29.300007
v -309.000000 -76.800003 29.300007
v -332.399994 -76.800003 29.300007
v -333.606018 -76.800003 29.300007
v -333.606018 -76.800003 26.100006
v -333.045410 -76.800003 26.100006
v -309.000000 -76.800003 26.100006
v -333.606018 -76.800003 29.300007
v -400.806000 -76.800003 29.300007
v -400.245270 -76.800003 26.100006
v -333.606018 -76.800003 26.100006
v -312.000000 -169.199997 29.300014
v -332.399994 -169.199997 29.300014
v -332.399994 -102.000000 29.300009
v -332.399994 -80.400002 29.300007
v -309.000000 -80.400002 29.300007
v -309.000000 -169.199997 29.300014
v -314.399994 -102.000000 42.500008
v -314.399994 -80.400002 42.500008
v -314.399994 -80.400002 44.100010
v -314.399994 -102.000000 44.100010
v -314.399994 -169.199997 42.500011
v -314.399994 -147.600006 42.500011
v -314.399994 -102.000000 42.500008
v -314.399994 -102.000000 44.100010
v -314.399994 -147.600006 44.100014
v -314.399994 -169.199997 44.100014
v -314.399994 -169.199997 44.100014
v -314.399994 -147.600006 44.100014
v -312.000000 -147.600006 44.100014
v -312.000000 -169.199997 44.100014
v -314.399994 -147.600006 44.100014
v -314.399994 -102.000000 44.100010
v -314.399994 -80.400002 44.100010
v -312.000000 -80.400002 44.100010
v -312.000000 -102.000000 44.100010
v -312.000000 -147.600006 44.100014
v -314.399994 -147.600006 42.500011
v -314.399994 -169.199997 42.500011
v -312.000000 -169.199997 42.500011
v -312.000000 -147.600006 42.500011
v -314.399994 -80.400002 42.500008
v -314.399994 -102.000000 42.500008
v -314.399994 -147.600006 42.500011
v -312.000000 -147.600006 42.500011
v -312.000000 -102.000000 42.500008
v -312.000000 -80.400002 42.500008
v -312.000000 -80.400002 42.500008
v -312.000000 -102.000000 42.500008
v -312.000000 -102.000000 44.100010
v -312.000000 -80.400002 44.100010
v -312.000000 -102.000000 42.500008
v -312.000000 -147.600006 42.500011
v -312.000000 -169.199997 42.500011
v -312.000000 -169.199997 44.100014
v -312.000000 -147.600006 44.100014
v -312.000000 -102.000000 44.100010
v -332.399994 -80.400002 29.300007
v -332.399994 -102.000000 29.300009
v -332.399994 -101.999992 66.300011
v -332.399994 -80.399994 66.300011
v -332.399994 -102.000000 29.300009
v -332.399994 -169.199997 29.300014
v -332.399994 -169.199997 66.300018
v -332.399994 -101.999992 66.300011
v -309.000000 -76.800003 -47.999992
v -309.000000 -76.800003 -5.199995
v -309.000000 -76.800003 26.100006
v -333.045410 -76.800003 26.100006
v -333.045410 -76.800003 -46.291595
v -309.000000 -76.800003 -49.692738
v -333.045410 -76.800003 26.100006
v -333.606018 -76.800003 26.100006
v -400.245270 -76.800003 26.100006
v -397.600006 -76.800003 11.000006
v -383.600006 -76.800003 -13.799994
v -361.800018 -76.800003 -33.399994
v -334.399994 -76.800003 -46.099995
v -333.045410 -76.800003 -46.291595
v -397.600006 -61.600002 11.000005
v -397.600006 -76.800003 11.000006
v -400.245270 -76.800003 26.100006
v -400.245270 -61.599998 26.100004
v -334.399994 -76.800003 -46.099995
v -334.399994 -61.600006 -46.099998
v -312.000000 -61.600006 -49.268417
v -309.000000 -61.600006 -49.692760
v -309.000000 -76.800003 -49.692738
v -383.600006 -76.800003 -13.799994
v -383.600006 -61.600002 -13.799995
v -361.800018 -61.600006 -33.399998
v -361.800018 -76.800003 -33.399994
v -361.800018 -76.800003 -33.399994
v -361.800018 -61.600006 -33.399998
v -334.399994 -61.600006 -46.099998
v -334.399994 -76.800003 -46.099995
v -383.600006 -61.600002 -13.799995
v -383.600006 -76.800003 -13.799994
v -397.600006 -76.800003 11.000006
v -397.600006 -61.600002 11.000005
v -230.100006 -228.400009 82.700020
v -239.199997 -228.400009 82.700020
v -239.199997 -230.000000 82.700020
v -230.100006 -230.000000 82.700020
v -294.000000 -169.300003 83.700020
v -294.000000 -169.300003 82.700020
v -294.000000 -169.199997 82.700020
v -294.000000 -169.199997 83.700020
v -230.900009 -248.400009 83.700020
v -253.300003 -248.400009 83.700020
v -253.300003 -248.400009 82.700020
v -211.800003 -248.400009 82.700020
v -211.800003 -248.400009 83.700020
v -294.000000 -235.692673 82.700020
v -283.899994 -242.400009 82.700020
v -283.899994 -242.400009 83.700020
v -294.000000 -235.692673 83.700020
v -271.600006 -244.811768 83.700020
v -283.899994 -242.400009 83.700020
v -283.899994 -242.400009 82.700020
v -253.300003 -248.400009 82.700020
v -253.300003 -248.400009 83.700020
v -253.300003 -210.000000 82.700020
v -253.300003 -210.000000 83.700020
v -234.199997 -210.000000 83.700020
v -211.800003 -210.000000 83.700020
v -211.800003 -210.000000 82.700020
v -230.900009 -248.400009 83.700020
v -211.800003 -248.400009 83.700020
v -211.800003 -229.199997 83.700020
v -230.900009 -229.199997 83.700020
v -253.300003 -248.400009 83.700020
v -230.900009 -248.400009 83.700020
v -230.900009 -229.199997 83.700020
v -234.199997 -229.199997 83.700020
v -253.300003 -229.199997 83.700020
v -253.300003 -210.000000 83.700020
v -253.300003 -214.400009 83.700020
v -253.300003 -229.199997 83.700020
v -234.199997 -229.199997 83.700020
v -234.199997 -210.000000 83.700020
v -234.199997 -229.199997 83.700020
v -230.900009 -229.199997 83.700020
v -211.800003 -229.199997 83.700020
v -211.800003 -210.000000 83.700020
v -234.199997 -210.000000 83.700020
v -229.900009 -230.199997 83.600014
v -239.400009 -230.199997 83.600014
v -239.400009 -228.199997 83.600014
v -229.900009 -228.199997 83.600014
v -230.100006 -228.400009 82.700020
v -230.100006 -230.000000 82.700020
v -229.900009 -230.199997 83.600014
v -229.900009 -228.199997 83.600014
v -239.199997 -228.400009 82.700020
v -230.100006 -228.400009 82.700020
v -229.900009 -228.199997 83.600014
v -239.400009 -228.199997 83.600014
v -239.199997 -230.000000 82.700020
v -239.199997 -228.400009 82.700020
v -239.400009 -228.199997 83.600014
v -239.400009 -230.199997 83.600014
v -230.100006 -230.000000 82.700020
v -239.199997 -230.000000 82.700020
v -239.400009 -230.199997 83.600014
v -229.900009 -230.199997 83.600014
v -275.700012 -214.400009 83.700020
v -280.050018 -214.400009 83.700020
v -294.000000 -214.400009 83.700020
v -294.000000 -229.199997 83.700020
v -275.700012 -229.199997 83.700020
v -253.300003 -214.400009 83.700020
v -257.649994 -214.400009 83.700020
v -275.700012 -214.400009 83.700020
v -275.700012 -229.199997 83.700020
v -271.600006 -229.199997 83.700020
v -253.300003 -229.199997 83.700020
v -257.649994 -214.400009 83.700020
v -253.300003 -214.400009 83.700020
v -253.300003 -210.000000 83.700020
v -268.899994 -206.900009 83.700020
v -294.000000 -214.400009 83.700020
v -280.050018 -214.400009 83.700020
v -280.050018 -199.466660 83.700020
v -282.100006 -198.100006 83.700020
v -287.253021 -203.253006 83.700020
v -294.000000 -210.000000 83.700020
v -280.050018 -214.400009 83.700020
v -275.700012 -214.400009 83.700020
v -257.649994 -214.400009 83.700020
v -268.899994 -206.900009 83.700020
v -280.050018 -199.466660 83.700020
v -290.899994 -184.900009 83.700020
v -287.253021 -203.253006 83.700020
v -282.100006 -198.100006 83.700020
v -294.000000 -169.300003 83.700020
v -294.000000 -187.600006 83.700020
v -290.363495 -187.600006 83.700020
v -294.000000 -187.600006 83.700020
v -294.000000 -192.000000 83.700020
v -294.000000 -210.000000 83.700020
v -287.253021 -203.253006 83.700020
v -290.363495 -187.600006 83.700020
v -271.600006 -244.811768 83.700020
v -253.300003 -248.400009 83.700020
v -253.300003 -229.199997 83.700020
v -271.600006 -229.199997 83.700020
v -294.000000 -235.692673 83.700020
v -283.899994 -242.400009 83.700020
v -271.600006 -244.811768 83.700020
v -271.600006 -229.199997 83.700020
v -275.700012 -229.199997 83.700020
v -294.000000 -229.199997 83.700020
v -253.300003 -210.000000 83.700020
v -253.300003 -210.000000 82.700020
v -268.899994 -206.900009 82.700020
v -268.899994 -206.900009 83.700020
v -290.899994 -184.900009 83.700020
v -290.899994 -184.900009 82.700020
v -294.000000 -169.300003 82.700020
v -294.000000 -169.300003 83.700020
v -280.050018 -199.466660 83.700020
v -268.899994 -206.900009 83.700020
v -268.899994 -206.900009 82.700020
v -282.100006 -198.100006 82.700020
v -282.100006 -198.100006 83.700020
v -282.100006 -198.100006 83.700020
v -282.100006 -198.100006 82.700020
v -290.899994 -184.900009 82.700020
v -290.899994 -184.900009 83.700020
v -332.399994 -169.300003 82.700020
v -332.399994 -169.300003 83.700020
v -332.399994 -169.199997 83.700020
v -332.399994 -169.199997 82.700020
v -332.399994 -169.199997 83.700020
v -332.399994 -169.300003 83.700020
v -313.200012 -169.300003 83.700020
v -313.200012 -169.199997 83.700020
v -304.000000 -169.199997 83.700020
v -313.200012 -169.199997 83.700020
v -313.200012 -169.300003 83.700020
v -298.399994 -169.300003 83.700020
v -294.000000 -169.300003 83.700020
v -294.000000 -169.199997 83.700020
v -314.200012 -169.300003 83.600014
v -314.200012 -169.199997 83.600014
v -312.200012 -169.199997 83.600014
v -312.200012 -169.300003 83.600014
v -312.300018 -169.199997 83.150017
v -312.200012 -169.300003 83.600014
v -312.200012 -169.199997 83.600014
v -314.100006 -169.199997 83.150017
v -314.200012 -169.300003 83.600014
v -312.200012 -169.300003 83.600014
v -312.300018 -169.199997 83.150017
v -314.200012 -169.199997 83.600014
v -314.200012 -169.300003 83.600014
v -314.100006 -169.199997 83.150017
v -303.777008 -229.199997 83.700020
v -294.000000 -235.692673 83.700020
v -294.000000 -229.199997 83.700020
v -294.000000 -187.600006 83.700020
v -294.000000 -169.300003 83.700020
v -298.399994 -169.300003 83.700020
v -298.399994 -180.638992 83.700020
v -298.399994 -192.000000 83.700020
v -294.000000 -192.000000 83.700020
v -298.399994 -192.000000 83.700020
v -298.399994 -203.038986 83.700020
v -298.399994 -214.400009 83.700020
v -294.000000 -210.000000 83.700020
v -294.000000 -192.000000 83.700020
v -298.399994 -214.400009 83.700020
v -294.000000 -214.400009 83.700020
v -294.000000 -210.000000 83.700020
v -313.200012 -169.300003 83.700020
v -313.200012 -180.638992 83.700020
v -298.399994 -180.638992 83.700020
v -298.399994 -169.300003 83.700020
v -313.200012 -180.638992 83.700020
v -313.200012 -191.699997 83.700020
v -313.200012 -203.038986 83.700020
v -298.399994 -203.038986 83.700020
v -298.399994 -192.000000 83.700020
v -298.399994 -180.638992 83.700020
v -313.200012 -203.038986 83.700020
v -313.200012 -214.100006 83.700020
v -313.200012 -220.168991 83.700020
v -309.800018 -225.199997 83.700020
v -309.438995 -225.438995 83.700020
v -298.399994 -214.400009 83.700020
v -298.399994 -203.038986 83.700020
v -294.000000 -214.400009 83.700020
v -298.399994 -214.400009 83.700020
v -309.438995 -225.438995 83.700020
v -303.777008 -229.199997 83.700020
v -294.000000 -229.199997 83.700020
v -313.200012 -220.168991 83.700020
v -313.200012 -214.100006 83.700020
v -317.301270 -214.100006 83.700020
v -313.200012 -214.100006 83.700020
v -313.200012 -203.038986 83.700020
v -313.200012 -191.699997 83.700020
v -328.481873 -191.699997 83.700020
v -327.100006 -199.600006 83.700020
v -317.301270 -214.100006 83.700020
v -313.200012 -191.699997 83.700020
v -313.200012 -180.638992 83.700020
v -313.200012 -169.300003 83.700020
v -332.399994 -169.300003 83.700020
v -328.481873 -191.699997 83.700020
v -327.100006 -199.600006 83.700020
v -327.100006 -199.600006 82.700020
v -312.000000 -221.944504 82.700020
v -309.800018 -225.199997 82.700020
v -309.800018 -225.199997 83.700020
v -309.800018 -225.199997 83.700020
v -309.800018 -225.199997 82.700020
v -297.452332 -233.400009 82.700020
v -294.000000 -235.692673 82.700020
v -294.000000 -235.692673 83.700020
v -328.481873 -191.699997 83.700020
v -332.399994 -169.300003 83.700020
v -332.399994 -169.300003 82.700020
v -327.100006 -199.600006 82.700020
v -327.100006 -199.600006 83.700020
v -312.000000 -169.199997 42.500011
v -312.000000 -169.300003 42.500011
v -312.000000 -169.300003 44.100014
v -312.000000 -169.199997 44.100014
v -253.300003 -233.400009 42.500019
v -253.300003 -233.400009 41.300018
v -256.899994 -233.400009 41.300018
v -256.899994 -233.400009 42.500019
v -211.800003 -233.400009 29.300018
v -230.900009 -233.400009 29.300018
v -230.900009 -233.400009 42.500019
v -211.800003 -233.400009 42.500019
v -230.900009 -233.400009 29.300018
v -253.300003 -233.400009 29.300018
v -253.300003 -233.400009 41.300018
v -253.300003 -233.400009 42.500019
v -230.900009 -233.400009 42.500019
v -241.500000 -169.300003 34.400013
v -260.700012 -169.300003 34.400013
v -260.700012 -169.300003 22.900013
v -222.300003 -169.300003 22.900013
v -222.300003 -169.300003 34.400013
v -222.300003 -169.300003 34.400013
v -222.300003 -169.300003 22.900013
v -222.300003 -169.199997 22.900013
v -222.300003 -169.199997 34.400013
v -260.700012 -169.300003 22.900013
v -260.700012 -169.300003 34.400013
v -260.700012 -169.199997 34.400013
v -260.700012 -169.199997 22.900013
v -241.500000 -169.199997 34.400013
v -241.500000 -169.300003 34.400013
v -222.300003 -169.300003 34.400013
v -222.300003 -169.199997 34.400013
v -260.700012 -169.199997 34.400013
v -260.700012 -169.300003 34.400013
v -241.500000 -169.300003 34.400013
v -241.500000 -169.199997 34.400013
v -294.000000 -169.300003 29.300014
v -312.000000 -169.300003 29.300014
v -312.000000 -169.199997 29.300014
v -309.000000 -169.199997 29.300014
v -294.000000 -169.199997 29.300014
v -294.000000 -169.300003 82.700020
v -294.000000 -169.300003 29.300014
v -294.000000 -169.199997 29.300014
v -294.000000 -169.199997 66.300018
v -294.000000 -169.199997 82.700020
v -312.000000 -221.944504 29.300018
v -309.800018 -225.199997 29.300018
v -309.800018 -225.199997 82.700020
v -312.000000 -221.944504 82.700020
v -309.800018 -225.199997 82.700020
v -309.800018 -225.199997 29.300018
v -297.452332 -233.400009 29.300018
v -297.452332 -233.400009 82.700020
v -271.100006 -225.699997 44.100018
v -271.100006 -225.699997 42.500015
v -287.100006 -216.600006 42.500015
v -287.100006 -216.600006 44.100018
v -297.452332 -233.400009 29.300018
v -309.438995 -225.438995 29.300018
v -295.705597 -211.705597 29.300016
v -287.100006 -216.600006 29.300018
v -257.561554 -233.400009 29.300018
v -304.527954 -206.687866 29.300016
v -295.705597 -211.705597 29.300016
v -309.438995 -225.438995 29.300018
v -309.800018 -225.199997 29.300018
v -312.000000 -221.944504 29.300018
v -312.000000 -202.438126 29.300016
v -309.700012 -187.100006 44.100018
v -309.700012 -187.100006 42.500015
v -312.000000 -178.389374 42.500015
v -312.000000 -178.389374 44.100018
v -309.700012 -187.100006 29.300014
v -307.169495 -196.683731 29.300016
v -304.527954 -206.687866 29.300016
v -312.000000 -202.438126 29.300016
v -312.000000 -178.389450 29.300014
v -287.100006 -216.600006 44.100018
v -287.100006 -216.600006 42.500015
v -300.200012 -203.600006 42.500015
v -300.200012 -203.600006 44.100018
v -295.705597 -211.705597 29.300016
v -293.875854 -209.875854 29.300016
v -287.100006 -216.600006 29.300018
v -300.200012 -203.600006 29.300016
v -293.875854 -209.875854 29.300016
v -295.705597 -211.705597 29.300016
v -304.527954 -206.687866 29.300016
v -307.169495 -196.683731 29.300016
v -305.105286 -195.080307 44.100018
v -300.200012 -203.600006 44.100018
v -300.200012 -203.600006 42.500015
v -305.105286 -195.080307 42.500015
v -309.700012 -187.100006 42.500015
v -309.700012 -187.100006 44.100018
v -300.200012 -203.600006 29.300016
v -307.169495 -196.683731 29.300016
v -309.700012 -187.100006 29.300014
v -253.300003 -225.000000 38.100018
v -253.300003 -225.000000 41.300014
v -253.300003 -229.199997 39.700020
v -253.300003 -225.000000 29.300018
v -253.300003 -225.000000 38.100018
v -253.300003 -229.199997 39.700020
v -253.300003 -233.400009 41.300018
v -253.300003 -233.400009 29.300018
v -230.900009 -225.000000 29.300018
v -253.300003 -225.000000 29.300018
v -253.300003 -217.300003 29.300018
v -253.300003 -210.000000 29.300016
v -211.800003 -210.000000 29.300016
v -211.800003 -225.000000 29.300018
v -230.900009 -225.000000 29.300018
v -211.800003 -225.000000 29.300018
v -211.800003 -225.000000 42.500015
v -230.900009 -225.000000 42.500015
v -253.300003 -225.000000 42.500015
v -253.300003 -225.000000 41.300014
v -253.300003 -225.000000 38.100018
v -253.300003 -225.000000 29.300018
v -230.900009 -225.000000 29.300018
v -230.900009 -225.000000 42.500015
v -211.800003 -210.000000 44.100018
v -211.800003 -210.000000 29.300016
v -253.300003 -210.000000 29.300016
v -253.300003 -210.000000 82.700020
v -211.800003 -210.000000 82.700020
v -230.900009 -230.400009 44.100021
v -253.300003 -230.400009 44.100021
v -253.300003 -228.000000 44.100021
v -230.900009 -228.000000 44.100021
v -211.800003 -228.000000 44.100021
v -211.800003 -230.400009 44.100021
v -211.800003 -228.000000 42.500019
v -230.900009 -228.000000 42.500019
v -230.900009 -225.000000 42.500015
v -211.800003 -225.000000 42.500015
v -230.900009 -228.000000 42.500019
v -253.300003 -228.000000 42.500019
v -253.300003 -225.000000 42.500015
v -230.900009 -225.000000 42.500015
v -230.900009 -230.400009 42.500019
v -211.800003 -230.400009 42.500019
v -211.800003 -233.400009 42.500019
v -230.900009 -233.400009 42.500019
v -253.300003 -233.400009 42.500019
v -253.300003 -230.400009 42.500019
v -230.900009 -230.400009 42.500019
v -230.900009 -233.400009 42.500019
v -211.800003 -230.400009 42.500019
v -230.900009 -230.400009 42.500019
v -230.900009 -230.400009 44.100021
v -211.800003 -230.400009 44.100021
v -230.900009 -230.400009 42.500019
v -253.300003 -230.400009 42.500019
v -253.300003 -230.400009 44.100021
v -230.900009 -230.400009 44.100021
v -230.900009 -228.000000 42.500019
v -211.800003 -228.000000 42.500019
v -211.800003 -228.000000 44.100021
v -230.900009 -228.000000 44.100021
v -253.300003 -228.000000 44.100021
v -253.300003 -228.000000 42.500019
v -230.900009 -228.000000 42.500019
v -230.900009 -228.000000 44.100021
v -312.000000 -169.300003 29.300014
v -294.000000 -169.300003 29.300014
v -287.253021 -203.253006 29.300016
v -293.875854 -209.875854 29.300016
v -300.200012 -203.600006 29.300016
v -309.700012 -187.100006 29.300014
v -312.000000 -178.389450 29.300014
v -282.100006 -198.100006 29.300016
v -287.253021 -203.253006 29.300016
v -290.899994 -184.900009 29.300014
v -253.300003 -210.000000 29.300016
v -253.300003 -217.300003 29.300018
v -268.899994 -206.900009 29.300016
v -293.875854 -209.875854 29.300016
v -287.253021 -203.253006 29.300016
v -282.100006 -198.100006 29.300016
v -268.899994 -206.900009 29.300016
v -253.300003 -217.300003 29.300018
v -253.300003 -225.000000 29.300018
v -253.300003 -233.400009 29.300018
v -257.561554 -233.400009 29.300018
v -287.100006 -216.600006 29.300018
v -312.000000 -169.300003 44.100014
v -312.000000 -169.300003 42.500011
v -307.399994 -186.500000 42.500015
v -307.399994 -186.500000 44.100018
v -268.899994 -206.900009 82.700020
v -268.899994 -206.900009 29.300016
v -282.100006 -198.100006 29.300016
v -282.100006 -198.100006 82.700020
v -307.399994 -186.500000 44.100018
v -298.500000 -201.900009 44.100018
v -300.200012 -203.600006 44.100018
v -305.105286 -195.080307 44.100018
v -298.500000 -201.900009 44.100018
v -285.899994 -214.500000 44.100018
v -287.100006 -216.600006 44.100018
v -300.200012 -203.600006 44.100018
v -285.899994 -214.500000 44.100018
v -270.500000 -223.400009 44.100018
v -271.100006 -225.699997 44.100018
v -287.100006 -216.600006 44.100018
v -270.500000 -223.400009 44.100018
v -253.300003 -228.000000 44.100021
v -253.300003 -230.400009 44.100021
v -271.100006 -225.699997 44.100018
v -305.105286 -195.080307 42.500015
v -300.200012 -203.600006 42.500015
v -298.500000 -201.900009 42.500015
v -307.399994 -186.500000 42.500015
v -300.200012 -203.600006 42.500015
v -287.100006 -216.600006 42.500015
v -285.899994 -214.500000 42.500015
v -298.500000 -201.900009 42.500015
v -287.100006 -216.600006 42.500015
v -271.100006 -225.699997 42.500015
v -270.500000 -223.400009 42.500015
v -285.899994 -214.500000 42.500015
v -271.100006 -225.699997 42.500015
v -256.899994 -229.449005 42.500019
v -256.899994 -227.037018 42.500015
v -270.500000 -223.400009 42.500015
v -256.899994 -233.400009 42.500019
v -256.899994 -229.449005 42.500019
v -253.300003 -230.400009 42.500019
v -253.300003 -233.400009 42.500019
v -253.300003 -228.000000 42.500019
v -256.899994 -227.037018 42.500015
v -256.899994 -225.000000 42.500015
v -253.300003 -225.000000 42.500015
v -307.399994 -186.500000 44.100018
v -307.399994 -186.500000 42.500015
v -298.500000 -201.900009 42.500015
v -298.500000 -201.900009 44.100018
v -270.500000 -223.400009 44.100018
v -270.500000 -223.400009 42.500015
v -253.300003 -228.000000 42.500019
v -253.300003 -228.000000 44.100021
v -298.500000 -201.900009 44.100018
v -298.500000 -201.900009 42.500015
v -285.899994 -214.500000 42.500015
v -285.899994 -214.500000 44.100018
v -285.899994 -214.500000 44.100018
v -285.899994 -214.500000 42.500015
v -270.500000 -223.400009 42.500015
v -270.500000 -223.400009 44.100018
v -253.300003 -230.400009 44.100021
v -253.300003 -230.400009 42.500019
v -271.100006 -225.699997 42.500015
v -271.100006 -225.699997 44.100018
v -256.899994 -225.000000 42.500015
v -256.899994 -225.000000 41.300014
v -253.300003 -225.000000 41.300014
v -253.300003 -225.000000 42.500015
v -256.899994 -233.400009 41.300018
v -256.899994 -229.199997 39.700020
v -256.899994 -225.000000 41.300014
v -256.899994 -225.000000 42.500015
v -256.899994 -227.037018 42.500015
v -256.899994 -229.449005 42.500019
v -256.899994 -233.400009 42.500019
v -256.899994 -225.000000 41.300014
v -256.899994 -229.199997 39.700020
v -253.300003 -229.199997 39.700020
v -253.300003 -225.000000 41.300014
v -256.899994 -229.199997 39.700020
v -256.899994 -233.400009 41.300018
v -253.300003 -233.400009 41.300018
v -253.300003 -229.199997 39.700020
v -253.300003 -210.000000 82.700020
v -253.300003 -210.000000 29.300016
v -268.899994 -206.900009 29.300016
v -268.899994 -206.900009 82.700020
v -290.899994 -184.900009 82.700020
v -290.899994 -184.900009 29.300014
v -294.000000 -169.300003 29.300014
v -294.000000 -169.300003 82.700020
v -282.100006 -198.100006 82.700020
v -282.100006 -198.100006 29.300016
v -290.899994 -184.900009 29.300014
v -290.899994 -184.900009 82.700020
v -307.399994 -186.500000 44.100018
v -309.700012 -187.100006 44.100018
v -312.000000 -178.389374 44.100018
v -312.000000 -169.300003 44.100014
v -307.399994 -186.500000 44.100018
v -305.105286 -195.080307 44.100018
v -309.700012 -187.100006 44.100018
v -309.700012 -187.100006 42.500015
v -307.399994 -186.500000 42.500015
v -312.000000 -169.300003 42.500011
v -312.000000 -178.389374 42.500015
v -309.700012 -187.100006 42.500015
v -305.105286 -195.080307 42.500015
v -307.399994 -186.500000 42.500015
v -222.300003 -169.300003 -19.999987
v -260.700012 -169.300003 -19.999987
v -260.700012 -169.199997 -19.999987
v -222.300003 -169.199997 -19.999987
v -222.300003 -169.300003 22.900013
v -222.300003 -169.300003 -19.999987
v -222.300003 -169.199997 -19.999987
v -222.300003 -169.199997 -5.199987
v -222.300003 -169.199997 22.900013
v -260.700012 -169.199997 -5.199987
v -260.700012 -169.199997 -19.999987
v -260.700012 -169.300003 -19.999987
v -260.700012 -169.300003 22.900013
v -260.700012 -169.199997 22.900013
v -260.700012 -169.300003 22.900013
v -260.700012 -169.300003 -19.999987
v -222.300003 -169.300003 -19.999987
v -222.300003 -169.300003 22.900013
v -253.300003 -248.400009 29.300020
v -253.300003 -233.400009 29.300018
v -230.900009 -233.400009 29.300018
v -211.800003 -233.400009 29.300018
v -211.800003 -248.400009 29.300020
v -253.300003 -248.400009 82.700020
v -253.300003 -248.400009 29.300020
v -211.800003 -248.400009 29.300020
v -211.800003 -248.400009 82.700020
v -283.899994 -242.400009 29.300020
v -297.452332 -233.400009 29.300018
v -257.561554 -233.400009 29.300018
v -253.300003 -233.400009 29.300018
v -253.300003 -248.400009 29.300020
v -297.452332 -233.400009 29.300018
v -283.899994 -242.400009 29.300020
v -283.899994 -242.400009 82.700020
v -294.000000 -235.692673 82.700020
v -297.452332 -233.400009 82.700020
v -283.899994 -242.400009 82.700020
v -283.899994 -242.400009 29.300020
v -253.300003 -248.400009 29.300020
v -253.300003 -248.400009 82.700020
v -312.000000 -169.300003 29.300014
v -332.399994 -169.300003 29.300014
v -332.399994 -169.199997 29.300014
v -312.000000 -169.199997 29.300014
v -314.399994 -169.300003 44.100014
v -314.399994 -169.300003 42.500011
v -314.399994 -169.199997 42.500011
v -314.399994 -169.199997 44.100014
v -312.000000 -169.300003 44.100014
v -314.399994 -169.300003 44.100014
v -314.399994 -169.199997 44.100014
v -312.000000 -169.199997 44.100014
v -314.399994 -169.199997 42.500011
v -314.399994 -169.300003 42.500011
v -312.000000 -169.300003 42.500011
v -312.000000 -169.199997 42.500011
v -332.399994 -169.300003 29.300014
v -332.399994 -169.300003 82.700020
v -332.399994 -169.199997 82.700020
v -332.399994 -169.199997 66.300018
v -332.399994 -169.199997 29.300014
v -332.399994 -169.300003 29.300014
v -312.000000 -169.300003 29.300014
v -312.000000 -178.389450 29.300014
v -312.000000 -202.438126 29.300016
v -312.000000 -221.944504 29.300018
v -327.100006 -199.600006 29.300016
v -312.000000 -178.389374 42.500015
v -314.399994 -169.300003 42.500011
v -314.399994 -169.300003 44.100014
v -312.000000 -178.389374 44.100018
v -327.100006 -199.600006 82.700020
v -327.100006 -199.600006 29.300016
v -312.000000 -221.944504 29.300018
v -312.000000 -221.944504 82.700020
v -332.399994 -169.300003 82.700020
v -332.399994 -169.300003 29.300014
v -327.100006 -199.600006 29.300016
v -327.100006 -199.600006 82.700020
v -312.000000 -178.389374 44.100018
v -314.399994 -169.300003 44.100014
v -312.000000 -169.300003 44.100014
v -312.000000 -169.300003 42.500011
v -314.399994 -169.300003 42.500011
v -312.000000 -178.389374 42.500015
v -194.000000 -46.400005 -56.479996
v -194.000000 -46.400005 -51.199997
v -194.000000 -76.800011 -51.199993
v -194.000000 -76.800011 -56.479992
v -194.000000 -76.800011 -107.999992
v -194.000000 -46.400009 -108.000000
v -194.000000 -46.400005 -56.479996
v -194.000000 -76.800011 -56.479992
v -194.000000 -1.600004 -56.480000
v -194.000000 -1.600004 -51.200001
v -194.000000 -24.000004 -51.200001
v -194.000000 -46.400005 -51.199997
v -194.000000 -46.400005 -56.479996
v -194.000000 -46.400009 -108.000000
v -194.000000 -1.600008 -108.000000
v -194.000000 -1.600004 -56.480000
v -194.000000 -46.400005 -56.479996
v -194.000000 43.199997 -56.480003
v -194.000000 43.199997 -51.200005
v -194.000000 -1.600004 -51.200001
v -194.000000 -1.600004 -56.480000
v -194.000000 -1.600008 -108.000000
v -194.000000 43.199993 -108.000000
v -194.000000 43.199997 -56.480003
v -194.000000 -1.600004 -56.480000
v -283.600006 -76.800011 -56.479992
v -283.600006 -76.800011 -51.199993
v -293.200012 -76.800011 -51.199993
v -293.200012 -76.800011 -56.479992
v -293.200012 -76.800011 -107.999992
v -283.600006 -76.800011 -107.999992
v -283.600006 -76.800011 -56.479992
v -293.200012 -76.800011 -56.479992
v -238.800003 -76.800011 -56.479992
v -238.800003 -76.800011 -51.199993
v -260.700012 -76.800011 -51.199993
v -283.600006 -76.800011 -51.199993
v -283.600006 -76.800011 -56.479992
v -283.600006 -76.800011 -107.999992
v -238.800003 -76.800011 -107.999992
v -238.800003 -76.800011 -56.479992
v -283.600006 -76.800011 -56.479992
v -194.000000 -76.800011 -56.479992
v -194.000000 -76.800011 -51.199993
v -211.800003 -76.800011 -51.199993
v -238.800003 -76.800011 -51.199993
v -238.800003 -76.800011 -56.479992
v -238.800003 -76.800011 -107.999992
v -194.000000 -76.800011 -107.999992
v -194.000000 -76.800011 -56.479992
v -238.800003 -76.800011 -56.479992
v -293.200012 -76.800011 -56.479992
v -293.200012 -76.800011 -51.199993
v -293.200012 -61.600006 -51.199997
v -293.200012 -46.400005 -51.199997
v -293.200012 -46.400005 -56.479996
v -293.200012 -46.400009 -108.000000
v -293.200012 -76.800011 -107.999992
v -293.200012 -76.800011 -56.479992
v -293.200012 -46.400005 -56.479996
v -293.200012 -46.400005 -56.479996
v -293.200012 -46.400005 -51.199997
v -293.200012 -32.480007 -51.199997
v -293.200012 -3.360007 -51.200001
v -293.200012 -1.600004 -51.200001
v -293.200012 -1.600004 -56.480000
v -293.200012 -1.600008 -108.000000
v -293.200012 -46.400009 -108.000000
v -293.200012 -46.400005 -56.479996
v -293.200012 -1.600004 -56.480000
v -293.200012 -1.600004 -56.480000
v -293.200012 -1.600004 -51.200001
v -293.200012 25.759995 -51.200005
v -293.200012 43.199997 -51.200005
v -293.200012 43.199997 -56.480003
v -293.200012 43.199993 -108.000000
v -293.200012 -1.600008 -108.000000
v -293.200012 -1.600004 -56.480000
v -293.200012 43.199997 -56.480003
v -194.000000 -1.600008 -108.000000
v -194.000000 -46.400009 -108.000000
v -194.000000 -76.800011 -107.999992
v -238.800003 -76.800011 -107.999992
v -283.600006 -76.800011 -107.999992
v -293.200012 -76.800011 -107.999992
v -293.200012 -46.400009 -108.000000
v -293.200012 -1.600008 -108.000000
v -293.200012 43.199993 -108.000000
v -194.000000 43.199993 -108.000000
v -240.000000 -234.400024 -287.999969
v -240.000000 -224.000015 -287.999969
v -240.000000 -224.000015 -275.199982
v -240.000000 -234.400024 -275.199982
v -240.000000 -224.000015 -275.199982
v -240.000000 -224.000015 -252.799988
v -240.000000 -234.400024 -252.799988
v -240.000000 -234.400024 -275.199982
v -240.000000 -224.000015 -252.799988
v -240.000000 -224.000015 -230.399994
v -240.000000 -234.400024 -230.399994
v -240.000000 -234.400024 -252.799988
v -240.000000 -224.000015 -230.399994
v -240.000000 -224.000015 -207.999985
v -240.000000 -234.400024 -207.999985
v -240.000000 -234.400024 -230.399994
v -240.000000 -256.800049 -287.999969
v -240.000000 -246.400024 -287.999969
v -240.000000 -234.400024 -287.999969
v -240.000000 -234.400024 -275.199982
v -240.000000 -256.800049 -275.199982
v -240.000000 -234.400024 -275.199982
v -240.000000 -234.400024 -252.799988
v -240.000000 -256.800049 -252.799988
v -240.000000 -256.800049 -275.199982
v -240.000000 -234.400024 -252.799988
v -240.000000 -234.400024 -230.399994
v -240.000000 -256.800049 -230.399994
v -240.000000 -256.800049 -252.799988
v -240.000000 -234.400024 -230.399994
v -240.000000 -234.400024 -207.999985
v -240.000000 -246.400024 -207.999985
v -240.000000 -256.800049 -207.999985
v -240.000000 -256.800049 -230.399994
v -240.000000 -279.200043 -287.999969
v -240.000000 -268.800049 -287.999969
v -240.000000 -256.800049 -287.999969
v -240.000000 -256.800049 -275.199982
v -240.000000 -279.200043 -275.199982
v -240.000000 -256.800049 -275.199982
v -240.000000 -256.800049 -252.799988
v -240.000000 -279.200043 -252.799988
v -240.000000 -279.200043 -275.199982
v -240.000000 -256.800049 -252.799988
v -240.000000 -256.800049 -230.399994
v -240.000000 -279.200043 -230.399994
v -240.000000 -279.200043 -252.799988
v -240.000000 -256.800049 -230.399994
v -240.000000 -256.800049 -207.999985
v -240.000000 -268.800049 -207.999985
v -240.000000 -279.200043 -207.999985
v -240.000000 -279.200043 -230.399994
v -240.000000 -301.600037 -287.999969
v -240.000000 -291.200043 -287.999969
v -240.000000 -279.200043 -287.999969
v -240.000000 -279.200043 -275.199982
v -240.000000 -301.600037 -275.199982
v -240.000000 -279.200043 -275.199982
v -240.000000 -279.200043 -252.799988
v -240.000000 -301.600037 -252.799988
v -240.000000 -301.600037 -275.199982
v -240.000000 -279.200043 -252.799988
v -240.000000 -279.200043 -230.399994
v -240.000000 -301.600037 -230.399994
v -240.000000 -301.600037 -252.799988
v -240.000000 -279.200043 -230.399994
v -240.000000 -279.200043 -207.999985
v -240.000000 -291.200043 -207.999985
v -240.000000 -301.600037 -207.999985
v -240.000000 -301.600037 -230.399994
v -374.399994 -224.000015 -287.999969
v -374.399994 -234.400024 -287.999969
v -374.399994 -234.400024 -275.199982
v -374.399994 -224.000015 -275.199982
v -374.399994 -234.400024 -275.199982
v -374.399994 -234.400024 -252.799988
v -374.399994 -224.000015 -252.799988
v -374.399994 -224.000015 -275.199982
v -374.399994 -234.400024 -252.799988
v -374.399994 -234.400024 -230.399994
v -374.399994 -224.000015 -230.399994
v -374.399994 -224.000015 -252.799988
v -374.399994 -234.400024 -230.399994
v -374.399994 -234.400024 -207.999985
v -374.399994 -224.000015 -207.999985
v -374.399994 -224.000015 -230.399994
v -374.399994 -234.400024 -287.999969
v -374.399994 -246.400024 -287.999969
v -374.399994 -256.800049 -287.999969
v -374.399994 -256.800049 -275.199982
v -374.399994 -234.400024 -275.199982
v -374.399994 -256.800049 -275.199982
v -374.399994 -256.800049 -252.799988
v -374.399994 -234.400024 -252.799988
v -374.399994 -234.400024 -275.199982
v -374.399994 -256.800049 -252.799988
v -374.399994 -256.800049 -230.399994
v -374.399994 -234.400024 -230.399994
v -374.399994 -234.400024 -252.799988
v -374.399994 -256.800049 -230.399994
v -374.399994 -256.800049 -207.999985
v -374.399994 -246.400024 -207.999985
v -374.399994 -234.400024 -207.999985
v -374.399994 -234.400024 -230.399994
v -374.399994 -256.800049 -287.999969
v -374.399994 -268.800049 -287.999969
v -374.399994 -279.200043 -287.999969
v -374.399994 -279.200043 -275.199982
v -374.399994 -256.800049 -275.199982
v -374.399994 -279.200043 -275.199982
v -374.399994 -279.200043 -252.799988
v -374.399994 -256.800049 -252.799988
v -374.399994 -256.800049 -275.199982
v -374.399994 -279.200043 -252.799988
v -374.399994 -279.200043 -230.399994
v -374.399994 -256.800049 -230.399994
v -374.399994 -256.800049 -252.799988
v -374.399994 -279.200043 -230.399994
v -374.399994 -279.200043 -207.999985
v -374.399994 -268.800049 -207.999985
v -374.399994 -256.800049 -207.999985
v -374.399994 -256.800049 -230.399994
v -374.399994 -279.200043 -287.999969
v -374.399994 -291.200043 -287.999969
v -374.399994 -301.600037 -287.999969
v -374.399994 -301.600037 -275.199982
v -374.399994 -279.200043 -275.199982
v -374.399994 -301.600037 -275.199982
v -374.399994 -301.600037 -252.799988
v -374.399994 -279.200043 -252.799988
v -374.399994 -279.200043 -275.199982
v -374.399994 -301.600037 -252.799988
v -374.399994 -301.600037 -230.399994
v -374.399994 -279.200043 -230.399994
v -374.399994 -279.200043 -252.799988
v -374.399994 -301.600037 -230.399994
v -374.399994 -301.600037 -207.999985
v -374.399994 -291.200043 -207.999985
v -374.399994 -279.200043 -207.999985
v -374.399994 -279.200043 -230.399994
v -240.000000 -291.200043 -287.999969
v -240.000000 -301.600037 -287.999969
v -262.399994 -301.600037 -287.999969
v -262.399994 -291.200043 -287.999969
v -240.000000 -268.800049 -287.999969
v -240.000000 -279.200043 -287.999969
v -240.000000 -291.200043 -287.999969
v -262.399994 -291.200043 -287.999969
v -262.399994 -268.800049 -287.999969
v -240.000000 -246.400024 -287.999969
v -240.000000 -256.800049 -287.999969
v -240.000000 -268.800049 -287.999969
v -262.399994 -268.800049 -287.999969
v -262.399994 -246.400024 -287.999969
v -262.399994 -224.000015 -287.999969
v -240.000000 -224.000015 -287.999969
v -240.000000 -234.400024 -287.999969
v -240.000000 -246.400024 -287.999969
v -262.399994 -246.400024 -287.999969
v -262.399994 -291.200043 -287.999969
v -262.399994 -301.600037 -287.999969
v -284.800018 -301.600037 -287.999969
v -284.800018 -291.200043 -287.999969
v -262.399994 -268.800049 -287.999969
v -262.399994 -291.200043 -287.999969
v -284.800018 -291.200043 -287.999969
v -284.800018 -268.800049 -287.999969
v -262.399994 -246.400024 -287.999969
v -262.399994 -268.800049 -287.999969
v -284.800018 -268.800049 -287.999969
v -284.800018 -246.400024 -287.999969
v -284.800018 -224.000015 -287.999969
v -262.399994 -224.000015 -287.999969
v -262.399994 -246.400024 -287.999969
v -284.800018 -246.400024 -287.999969
v -284.800018 -291.200043 -287.999969
v -284.800018 -301.600037 -287.999969
v -307.200012 -301.600037 -287.999969
v -307.200012 -291.200043 -287.999969
v -284.800018 -268.800049 -287.999969
v -284.800018 -291.200043 -287.999969
v -307.200012 -291.200043 -287.999969
v -307.200012 -268.800049 -287.999969
v -284.800018 -246.400024 -287.999969
v -284.800018 -268.800049 -287.999969
v -307.200012 -268.800049 -287.999969
v -307.200012 -246.400024 -287.999969
v -307.200012 -224.000015 -287.999969
v -284.800018 -224.000015 -287.999969
v -284.800018 -246.400024 -287.999969
v -307.200012 -246.400024 -287.999969
v -307.200012 -291.200043 -287.999969
v -307.200012 -301.600037 -287.999969
v -329.600006 -301.600037 -287.999969
v -329.600006 -291.200043 -287.999969
v -307.200012 -268.800049 -287.999969
v -307.200012 -291.200043 -287.999969
v -329.600006 -291.200043 -287.999969
v -329.600006 -268.800049 -287.999969
v -307.200012 -246.400024 -287.999969
v -307.200012 -268.800049 -287.999969
v -329.600006 -268.800049 -287.999969
v -329.600006 -246.400024 -287.999969
v -329.600006 -224.000015 -287.999969
v -307.200012 -224.000015 -287.999969
v -307.200012 -246.400024 -287.999969
v -329.600006 -246.400024 -287.999969
v -329.600006 -291.200043 -287.999969
v -329.600006 -301.600037 -287.999969
v -352.000000 -301.600037 -287.999969
v -352.000000 -291.200043 -287.999969
v -329.600006 -268.800049 -287.999969
v -329.600006 -291.200043 -287.999969
v -352.000000 -291.200043 -287.999969
v -352.000000 -268.800049 -287.999969
v -329.600006 -246.400024 -287.999969
v -329.600006 -268.800049 -287.999969
v -352.000000 -268.800049 -287.999969
v -352.000000 -246.400024 -287.999969
v -352.000000 -224.000015 -287.999969
v -329.600006 -224.000015 -287.999969
v -329.600006 -246.400024 -287.999969
v -352.000000 -246.400024 -287.999969
v -374.399994 -301.600037 -287.999969
v -374.399994 -291.200043 -287.999969
v -352.000000 -291.200043 -287.999969
v -352.000000 -301.600037 -287.999969
v -374.399994 -291.200043 -287.999969
v -374.399994 -279.200043 -287.999969
v -374.399994 -268.800049 -287.999969
v -352.000000 -268.800049 -287.999969
v -352.000000 -291.200043 -287.999969
v -374.399994 -268.800049 -287.999969
v -374.399994 -256.800049 -287.999969
v -374.399994 -246.400024 -287.999969
v -352.000000 -246.400024 -287.999969
v -352.000000 -268.800049 -287.999969
v -374.399994 -246.400024 -287.999969
v -374.399994 -234.400024 -287.999969
v -374.399994 -224.000015 -287.999969
v -352.000000 -224.000015 -287.999969
v -352.000000 -246.400024 -287.999969
v -262.399994 -301.600037 -287.999969
v -240.000000 -301.600037 -287.999969
v -240.000000 -301.600037 -275.199982
v -262.399994 -301.600037 -275.199982
v -240.000000 -301.600037 -275.199982
v -240.000000 -301.600037 -252.799988
v -262.399994 -301.600037 -252.799988
v -262.399994 -301.600037 -275.199982
v -240.000000 -301.600037 -252.799988
v -240.000000 -301.600037 -230.399994
v -262.399994 -301.600037 -230.399994
v -262.399994 -301.600037 -252.799988
v -240.000000 -301.600037 -230.399994
v -240.000000 -301.600037 -207.999985
v -262.399994 -301.600037 -207.999985
v -262.399994 -301.600037 -230.399994
v -284.800018 -301.600037 -287.999969
v -262.399994 -301.600037 -287.999969
v -262.399994 -301.600037 -275.199982
v -284.800018 -301.600037 -275.199982
v -262.399994 -301.600037 -275.199982
v -262.399994 -301.600037 -252.799988
v -284.800018 -301.600037 -252.799988
v -284.800018 -301.600037 -275.199982
v -262.399994 -301.600037 -252.799988
v -262.399994 -301.600037 -230.399994
v -284.800018 -301.600037 -230.399994
v -284.800018 -301.600037 -252.799988
v -262.399994 -301.600037 -230.399994
v -262.399994 -301.600037 -207.999985
v -284.800018 -301.600037 -207.999985
v -284.800018 -301.600037 -230.399994
v -307.200012 -301.600037 -287.999969
v -284.800018 -301.600037 -287.999969
v -284.800018 -301.600037 -275.199982
v -307.200012 -301.600037 -275.199982
v -284.800018 -301.600037 -275.199982
v -284.800018 -301.600037 -252.799988
v -307.200012 -301.600037 -252.799988
v -307.200012 -301.600037 -275.199982
v -284.800018 -301.600037 -252.799988
v -284.800018 -301.600037 -230.399994
v -307.200012 -301.600037 -230.399994
v -307.200012 -301.600037 -252.799988
v -284.800018 -301.600037 -230.399994
v -284.800018 -301.600037 -207.999985
v -307.200012 -301.600037 -207.999985
v -307.200012 -301.600037 -230.399994
v -329.600006 -301.600037 -287.999969
v -307.200012 -301.600037 -287.999969
v -307.200012 -301.600037 -275.199982
v -329.600006 -301.600037 -275.199982
v -307.200012 -301.600037 -275.199982
v -307.200012 -301.600037 -252.799988
v -329.600006 -301.600037 -252.799988
v -329.600006 -301.600037 -275.199982
v -307.200012 -301.600037 -252.799988
v -307.200012 -301.600037 -230.399994
v -329.600006 -301.600037 -230.399994
v -329.600006 -301.600037 -252.799988
v -307.200012 -301.600037 -230.399994
v -307.200012 -301.600037 -207.999985
v -329.600006 -301.600037 -207.999985
v -329.600006 -301.600037 -230.399994
v -352.000000 -301.600037 -287.999969
v -329.600006 -301.600037 -287.999969
v -329.600006 -301.600037 -275.199982
v -352.000000 -301.600037 -275.199982
v -329.600006 -301.600037 -275.199982
v -329.600006 -301.600037 -252.799988
v -352.000000 -301.600037 -252.799988
v -352.000000 -301.600037 -275.199982
v -329.600006 -301.600037 -252.799988
v -329.600006 -301.600037 -230.399994
v -352.000000 -301.600037 -230.399994
v -352.000000 -301.600037 -252.799988
v -329.600006 -301.600037 -230.399994
v -329.600006 -301.600037 -207.999985
v -352.000000 -301.600037 -207.999985
v -352.000000 -301.600037 -230.399994
v -374.399994 -301.600037 -287.999969
v -352.000000 -301.600037 -287.999969
v -352.000000 -301.600037 -275.199982
v -374.399994 -301.600037 -275.199982
v -352.000000 -301.600037 -275.199982
v -352.000000 -301.600037 -252.799988
v -374.399994 -301.600037 -252.799988
v -374.399994 -301.600037 -275.199982
v -352.000000 -301.600037 -252.799988
v -352.000000 -301.600037 -230.399994
v -374.399994 -301.600037 -230.399994
v -374.399994 -301.600037 -252.799988
v -352.000000 -301.600037 -230.399994
v -352.000000 -301.600037 -207.999985
v -374.399994 -301.600037 -207.999985
v -374.399994 -301.600037 -230.399994
v -262.399994 -301.600037 -207.999985
v -240.000000 -301.600037 -207.999985
v -240.000000 -291.200043 -207.999985
v -262.399994 -291.200043 -207.999985
v -240.000000 -291.200043 -207.999985
v -240.000000 -279.200043 -207.999985
v -240.000000 -268.800049 -207.999985
v -262.399994 -268.800049 -207.999985
v -262.399994 -291.200043 -207.999985
v -240.000000 -268.800049 -207.999985
v -240.000000 -256.800049 -207.999985
v -240.000000 -246.400024 -207.999985
v -262.399994 -246.400024 -207.999985
v -262.399994 -268.800049 -207.999985
v -240.000000 -246.400024 -207.999985
v -240.000000 -234.400024 -207.999985
v -240.000000 -224.000015 -207.999985
v -262.399994 -224.000015 -207.999985
v -262.399994 -246.400024 -207.999985
v -284.800018 -301.600037 -207.999985
v -262.399994 -301.600037 -207.999985
v -262.399994 -291.200043 -207.999985
v -284.800018 -291.200043 -207.999985
v -262.399994 -291.200043 -207.999985
v -262.399994 -268.800049 -207.999985
v -284.800018 -268.800049 -207.999985
v -284.800018 -291.200043 -207.999985
v -262.399994 -268.800049 -207.999985
v -262.399994 -246.400024 -207.999985
v -284.800018 -246.400024 -207.999985
v -284.800018 -268.800049 -207.999985
v -262.399994 -246.400024 -207.999985
v -262.399994 -224.000015 -207.999985
v -284.800018 -224.000015 -207.999985
v -284.800018 -246.400024 -207.999985
v -307.200012 -301.600037 -207.999985
v -284.800018 -301.600037 -207.999985
v -284.800018 -291.200043 -207.999985
v -307.200012 -291.200043 -207.999985
v -284.800018 -291.200043 -207.999985
v -284.800018 -268.800049 -207.999985
v -307.200012 -268.800049 -207.999985
v -307.200012 -291.200043 -207.999985
v -284.800018 -268.800049 -207.999985
v -284.800018 -246.400024 -207.999985
v -307.200012 -246.400024 -207.999985
v -307.200012 -268.800049 -207.999985
v -284.800018 -246.400024 -207.999985
v -284.800018 -224.000015 -207.999985
v -307.200012 -224.000015 -207.999985
v -307.200012 -246.400024 -207.999985
v -329.600006 -301.600037 -207.999985
v -307.200012 -301.600037 -207.999985
v -307.200012 -291.200043 -207.999985
v -329.600006 -291.200043 -207.999985
v -307.200012 -291.200043 -207.999985
v -307.200012 -268.800049 -207.999985
v -329.600006 -268.800049 -207.999985
v -329.600006 -291.200043 -207.999985
v -307.200012 -268.800049 -207.999985
v -307.200012 -246.400024 -207.999985
v -329.600006 -246.400024 -207.999985
v -329.600006 -268.800049 -207.999985
v -307.200012 -246.400024 -207.999985
v -307.200012 -224.000015 -207.999985
v -329.600006 -224.000015 -207.999985
v -329.600006 -246.400024 -207.999985
v -352.000000 -301.600037 -207.999985
v -329.600006 -301.600037 -207.999985
v -329.600006 -291.200043 -207.999985
v -352.000000 -291.200043 -207.999985
v -329.600006 -291.200043 -207.999985
v -329.600006 -268.800049 -207.999985
v -352.000000 -268.800049 -207.999985
v -352.000000 -291.200043 -207.999985
v -329.600006 -268.800049 -207.999985
v -329.600006 -246.400024 -207.999985
v -352.000000 -246.400024 -207.999985
v -352.000000 -268.800049 -207.999985
v -329.600006 -246.400024 -207.999985
v -329.600006 -224.000015 -207.999985
v -352.000000 -224.000015 -207.999985
v -352.000000 -246.400024 -207.999985
v -374.399994 -291.200043 -207.999985
v -374.399994 -301.600037 -207.999985
v -352.000000 -301.600037 -207.999985
v -352.000000 -291.200043 -207.999985
v -374.399994 -268.800049 -207.999985
v -374.399994 -279.200043 -207.999985
v -374.399994 -291.200043 -207.999985
v -352.000000 -291.200043 -207.999985
v -352.000000 -268.800049 -207.999985
v -374.399994 -246.400024 -207.999985
v -374.399994 -256.800049 -207.999985
v -374.399994 -268.800049 -207.999985
v -352.000000 -268.800049 -207.999985
v -352.000000 -246.400024 -207.999985
v -374.399994 -224.000015 -207.999985
v -374.399994 -234.400024 -207.999985
v -374.399994 -246.400024 -207.999985
v -352.000000 -246.400024 -207.999985
v -352.000000 -224.000015 -207.999985
v -240.000000 -224.000015 -287.999969
v -262.399994 -224.000015 -287.999969
v -262.399994 -224.000015 -275.199982
v -240.000000 -224.000015 -275.199982
v -262.399994 -224.000015 -275.199982
v -262.399994 -224.000015 -252.799988
v -240.000000 -224.000015 -252.799988
v -240.000000 -224.000015 -275.199982
v -262.399994 -224.000015 -252.799988
v -262.399994 -224.000015 -230.399994
v -240.000000 -224.000015 -230.399994
v -240.000000 -224.000015 -252.799988
v -262.399994 -224.000015 -230.399994
v -262.399994 -224.000015 -207.999985
v -240.000000 -224.000015 -207.999985
v -240.000000 -224.000015 -230.399994
v -262.399994 -224.000015 -287.999969
v -284.800018 -224.000015 -287.999969
v -284.800018 -224.000015 -275.199982
v -262.399994 -224.000015 -275.199982
v -284.800018 -224.000015 -275.199982
v -284.800018 -224.000015 -252.799988
v -262.399994 -224.000015 -252.799988
v -262.399994 -224.000015 -275.199982
v -284.800018 -224.000015 -252.799988
v -284.800018 -224.000015 -230.399994
v -262.399994 -224.000015 -230.399994
v -262.399994 -224.000015 -252.799988
v -284.800018 -224.000015 -230.399994
v -284.800018 -224.000015 -207.999985
v -262.399994 -224.000015 -207.999985
v -262.399994 -224.000015 -230.399994
v -284.800018 -224.000015 -287.999969
v -307.200012 -224.000015 -287.999969
v -307.200012 -224.000015 -275.199982
v -284.800018 -224.000015 -275.199982
v -307.200012 -224.000015 -275.199982
v -307.200012 -224.000015 -252.799988
v -284.800018 -224.000015 -252.799988
v -284.800018 -224.000015 -275.199982
v -307.200012 -224.000015 -252.799988
v -307.200012 -224.000015 -230.399994
v -284.800018 -224.000015 -230.399994
v -284.800018 -224.000015 -252.799988
v -307.200012 -224.000015 -230.399994
v -307.200012 -224.000015 -207.999985
v -284.800018 -224.000015 -207.999985
v -284.800018 -224.000015 -230.399994
v -307.200012 -224.000015 -287.999969
v -329.600006 -224.000015 -287.999969
v -329.600006 -224.000015 -275.199982
v -307.200012 -224.000015 -275.199982
v -329.600006 -224.000015 -275.199982
v -329.600006 -224.000015 -252.799988
v -307.200012 -224.000015 -252.799988
v -307.200012 -224.000015 -275.199982
v -329.600006 -224.000015 -252.799988
v -329.600006 -224.000015 -230.399994
v -307.200012 -224.000015 -230.399994
v -307.200012 -224.000015 -252.799988
v -329.600006 -224.000015 -230.399994
v -329.600006 -224.000015 -207.999985
v -307.200012 -224.000015 -207.999985
v -307.200012 -224.000015 -230.399994
v -329.600006 -224.000015 -287.999969
v -352.000000 -224.000015 -287.999969
v -352.000000 -224.000015 -275.199982
v -329.600006 -224.000015 -275.199982
v -352.000000 -224.000015 -275.199982
v -352.000000 -224.000015 -252.799988
v -329.600006 -224.000015 -252.799988
v -329.600006 -224.000015 -275.199982
v -352.000000 -224.000015 -252.799988
v -352.000000 -224.000015 -230.399994
v -329.600006 -224.000015 -230.399994
v -329.600006 -224.000015 -252.799988
v -352.000000 -224.000015 -230.399994
v -352.000000 -224.000015 -207.999985
v -329.600006 -224.000015 -207.999985
v -329.600006 -224.000015 -230.399994
v -352.000000 -224.000015 -287.999969
v -374.399994 -224.000015 -287.999969
v -374.399994 -224.000015 -275.199982
v -352.000000 -224.000015 -275.199982
v -374.399994 -224.000015 -275.199982
v -374.399994 -224.000015 -252.799988
v -352.000000 -224.000015 -252.799988
v -352.000000 -224.000015 -275.199982
v -374.399994 -224.000015 -252.799988
v -374.399994 -224.000015 -230.399994
v -352.000000 -224.000015 -230.399994
v -352.000000 -224.000015 -252.799988
v -374.399994 -224.000015 -230.399994
v -374.399994 -224.000015 -207.999985
v -352.000000 -224.000015 -207.999985
v -352.000000 -224.000015 -230.399994
v -280.399994 131.199997 55.799988
v -280.399994 131.199997 52.599991
v -280.100006 131.199997 52.599991
v -280.100006 131.199997 55.799988
v -280.100006 116.100006 55.799992
v -280.100006 116.100006 52.599995
v -284.000000 116.100006 52.599995
v -284.000000 116.100006 55.799992
v -284.000000 116.100006 55.799992
v -284.000000 116.100006 52.599995
v -284.000000 116.400009 52.599995
v -284.000000 116.400009 55.799992
v -284.000000 116.100006 55.799992
v -284.000000 116.400009 55.799992
v -280.399994 116.400009 55.799992
v -280.100006 116.400009 55.799992
v -280.100006 116.100006 55.799992
v -280.100006 116.400009 55.799992
v -280.399994 116.400009 55.799992
v -280.399994 131.199997 55.799988
v -280.100006 131.199997 55.799988
v -280.100006 116.400009 52.599995
v -280.100006 116.100006 52.599995
v -280.100006 116.100006 55.799992
v -280.100006 116.400009 55.799992
v -280.100006 131.199997 55.799988
v -280.100006 131.199997 52.599991
v -284.000000 116.400009 55.799992
v -284.000000 116.400009 52.599995
v -280.399994 116.400009 52.599995
v -280.399994 116.400009 55.799992
v -280.100006 131.199997 52.599991
v -280.399994 131.199997 52.599991
v -280.399994 116.400009 52.599995
v -280.100006 116.400009 52.599995
v -280.399994 116.400009 55.799992
v -280.399994 116.400009 52.599995
v -280.399994 131.199997 52.599991
v -280.399994 131.199997 55.799988
v -280.100006 116.400009 52.599995
v -280.399994 116.400009 52.599995
v -284.000000 116.400009 52.599995
v -284.000000 116.100006 52.599995
v -280.100006 116.100006 52.599995
v 190.100006 354.724213 62.899975
v 190.100006 346.000000 85.299980
v 190.100006 344.700012 85.299980
v 190.100006 353.424225 62.899975
v 190.100006 355.800018 56.799973
v 190.100006 357.100006 56.799973
v 190.100006 354.724213 62.899975
v 190.100006 353.424225 62.899975
v 291.300018 346.000000 85.299980
v 291.300018 354.724213 62.899975
v 291.300018 353.424225 62.899975
v 291.300018 344.700012 85.299980
v 291.300018 354.724213 62.899975
v 291.300018 357.100006 56.799973
v 291.300018 355.800018 56.799973
v 291.300018 353.424225 62.899975
v 224.100006 344.700012 85.299980
v 201.699997 344.700012 85.299980
v 190.100006 344.700012 85.299980
v 190.100006 346.000000 85.299980
v 212.500000 346.000000 85.299980
v 234.900009 346.000000 85.299980
v 241.619995 346.000000 85.299980
v 241.619995 344.700012 85.299980
v 241.619995 346.000000 85.299980
v 257.300018 346.000000 85.299980
v 279.700012 346.000000 85.299980
v 291.300018 346.000000 85.299980
v 291.300018 344.700012 85.299980
v 268.899994 344.700012 85.299980
v 246.500000 344.700012 85.299980
v 241.619995 344.700012 85.299980
v 190.100006 357.100006 56.799973
v 190.100006 355.800018 56.799973
v 201.699997 355.800018 56.799973
v 212.500000 355.800018 56.799973
v 212.500000 357.100006 56.799973
v 212.500000 355.800018 56.799973
v 224.100006 355.800018 56.799973
v 234.900009 355.800018 56.799973
v 234.900009 357.100006 56.799973
v 212.500000 357.100006 56.799973
v 234.900009 355.800018 56.799973
v 246.500000 355.800018 56.799973
v 257.300018 355.800018 56.799973
v 257.300018 357.100006 56.799973
v 234.900009 357.100006 56.799973
v 257.300018 355.800018 56.799973
v 268.899994 355.800018 56.799973
v 279.700012 355.800018 56.799973
v 279.700012 357.100006 56.799973
v 257.300018 357.100006 56.799973
v 279.700012 355.800018 56.799973
v 291.300018 355.800018 56.799973
v 291.300018 357.100006 56.799973
v 279.700012 357.100006 56.799973
v 190.100006 346.000000 85.299980
v 190.100006 354.724213 62.899975
v 212.500000 354.724213 62.899975
v 212.500000 346.000000 85.299980
v 190.100006 354.724213 62.899975
v 190.100006 357.100006 56.799973
v 212.500000 357.100006 56.799973
v 212.500000 354.724213 62.899975
v 234.900009 354.724213 62.899975
v 234.900009 346.000000 85.299980
v 212.500000 346.000000 85.299980
v 212.500000 354.724213 62.899975
v 212.500000 357.100006 56.799973
v 234.900009 357.100006 56.799973
v 234.900009 354.724213 62.899975
v 212.500000 354.724213 62.899975
v 257.300018 354.724213 62.899975
v 257.300018 346.000000 85.299980
v 241.619995 346.000000 85.299980
v 234.900009 346.000000 85.299980
v 234.900009 354.724213 62.899975
v 234.900009 357.100006 56.799973
v 257.300018 357.100006 56.799973
v 257.300018 354.724213 62.899975
v 234.900009 354.724213 62.899975
v 279.700012 354.724213 62.899975
v 279.700012 346.000000 85.299980
v 257.300018 346.000000 85.299980
v 257.300018 354.724213 62.899975
v 257.300018 357.100006 56.799973
v 279.700012 357.100006 56.799973
v 279.700012 354.724213 62.899975
v 257.300018 354.724213 62.899975
v 291.300018 354.724213 62.899975
v 291.300018 346.000000 85.299980
v 279.700012 346.000000 85.299980
v 279.700012 354.724213 62.899975
v 279.700012 357.100006 56.799973
v 291.300018 357.100006 56.799973
v 291.300018 354.724213 62.899975
v 279.700012 354.724213 62.899975
v 291.300018 344.700012 85.299980
v 291.300018 353.424225 62.899975
v 291.300018 355.800018 56.799973
v 279.700012 355.800018 56.799973
v 268.899994 355.800018 56.799973
v 268.899994 344.700012 85.299980
v 268.899994 355.800018 56.799973
v 257.300018 355.800018 56.799973
v 246.500000 355.800018 56.799973
v 246.500000 344.700012 85.299980
v 268.899994 344.700012 85.299980
v 246.500000 355.800018 56.799973
v 234.900009 355.800018 56.799973
v 224.100006 355.800018 56.799973
v 224.100006 344.700012 85.299980
v 241.619995 344.700012 85.299980
v 246.500000 344.700012 85.299980
v 224.100006 355.800018 56.799973
v 212.500000 355.800018 56.799973
v 201.699997 355.800018 56.799973
v 201.699997 344.700012 85.299980
v 224.100006 344.700012 85.299980
v 201.699997 355.800018 56.799973
v 190.100006 355.800018 56.799973
v 190.100006 353.424225 62.899975
v 190.100006 344.700012 85.299980
v 201.699997 344.700012 85.299980
v 244.500000 294.399994 47.199978
v 244.500000 294.600006 47.199978
v 244.500000 294.600006 50.399979
v 244.500000 294.399994 50.399979
v 278.700012 294.600006 50.399979
v 278.700012 294.600006 47.199978
v 278.700012 294.399994 47.199978
v 278.700012 294.399994 50.399979
v 244.500000 294.600006 50.399979
v 266.899994 294.600006 50.399979
v 266.899994 294.399994 50.399979
v 244.500000 294.399994 50.399979
v 266.899994 294.600006 50.399979
v 278.700012 294.600006 50.399979
v 278.700012 294.399994 50.399979
v 266.899994 294.399994 50.399979
v 266.899994 294.600006 47.199978
v 244.500000 294.600006 47.199978
v 244.500000 294.399994 47.199978
v 266.899994 294.399994 47.199978
v 278.700012 294.600006 47.199978
v 266.899994 294.600006 47.199978
v 266.899994 294.399994 47.199978
v 278.700012 294.399994 47.199978
v 266.899994 294.399994 47.199978
v 244.500000 294.399994 47.199978
v 244.500000 294.399994 50.399979
v 266.899994 294.399994 50.399979
v 278.700012 294.399994 50.399979
v 278.700012 294.399994 47.199978
v 266.899994 294.399994 47.199978
v 266.899994 294.399994 50.399979
v 244.500000 294.600006 47.199978
v 266.899994 294.600006 47.199978
v 266.899994 294.600006 50.399979
v 244.500000 294.600006 50.399979
v 266.899994 294.600006 47.199978
v 278.700012 294.600006 47.199978
v 278.700012 294.600006 50.399979
v 266.899994 294.600006 50.399979
v 244.699997 294.600006 47.199978
v 244.500000 294.600006 47.199978
v 244.500000 294.600006 50.399979
v 244.699997 294.600006 50.399979
v 244.500000 358.800018 50.399975
v 244.500000 358.800018 47.199974
v 244.699997 358.800018 47.199974
v 244.699997 358.800018 50.399975
v 244.500000 294.600006 50.399979
v 244.500000 317.000000 50.399979
v 244.699997 317.000000 50.399979
v 244.699997 294.600006 50.399979
v 244.500000 317.000000 50.399979
v 244.500000 339.399994 50.399975
v 244.699997 339.399994 50.399975
v 244.699997 317.000000 50.399979
v 244.500000 339.399994 50.399975
v 244.500000 358.800018 50.399975
v 244.699997 358.800018 50.399975
v 244.699997 339.399994 50.399975
v 244.699997 339.399994 47.199974
v 244.699997 358.800018 47.199974
v 244.500000 358.800018 47.199974
v 244.500000 339.399994 47.199974
v 244.500000 336.399994 47.199974
v 244.699997 336.399994 47.199974
v 244.500000 336.399994 47.199974
v 244.500000 317.000000 47.199978
v 244.500000 314.000000 47.199978
v 244.699997 314.000000 47.199978
v 244.699997 317.000000 47.199978
v 244.699997 336.399994 47.199974
v 244.500000 314.000000 47.199978
v 244.500000 294.600006 47.199978
v 244.699997 294.600006 47.199978
v 244.699997 314.000000 47.199978
v 244.500000 294.600006 47.199978
v 244.500000 314.000000 47.199978
v 244.500000 317.000000 47.199978
v 244.500000 317.000000 50.399979
v 244.500000 294.600006 50.399979
v 244.500000 317.000000 47.199978
v 244.500000 336.399994 47.199974
v 244.500000 339.399994 47.199974
v 244.500000 339.399994 50.399975
v 244.500000 317.000000 50.399979
v 244.500000 339.399994 47.199974
v 244.500000 358.800018 47.199974
v 244.500000 358.800018 50.399975
v 244.500000 339.399994 50.399975
v 244.699997 317.000000 47.199978
v 244.699997 314.000000 47.199978
v 244.699997 294.600006 47.199978
v 244.699997 294.600006 50.399979
v 244.699997 317.000000 50.399979
v 244.699997 339.399994 47.199974
v 244.699997 336.399994 47.199974
v 244.699997 317.000000 47.199978
v 244.699997 317.000000 50.399979
v 244.699997 339.399994 50.399975
v 244.699997 358.800018 50.399975
v 244.699997 358.800018 47.199974
v 244.699997 339.399994 47.199974
v 244.699997 339.399994 50.399975
v -283.700012 92.800011 55.799992
v -283.700012 92.800011 52.599995
v -284.000000 92.800011 52.599995
v -284.000000 92.800011 55.799992
v -284.000000 116.100006 55.799992
v -284.000000 116.100006 52.599995
v -283.700012 116.100006 52.599995
v -283.700012 116.100006 55.799992
v -283.700012 116.100006 52.599995
v -284.000000 116.100006 52.599995
v -284.000000 92.800011 52.599995
v -283.700012 92.800011 52.599995
v -283.700012 92.800011 55.799992
v -284.000000 92.800011 55.799992
v -284.000000 116.100006 55.799992
v -283.700012 116.100006 55.799992
v -284.000000 92.800011 55.799992
v -284.000000 92.800011 52.599995
v -284.000000 116.100006 52.599995
v -284.000000 116.100006 55.799992
v -283.700012 116.100006 55.799992
v -283.700012 116.100006 52.599995
v -283.700012 92.800011 52.599995
v -283.700012 92.800011 55.799992
v 218.300003 161.100006 28.699989
v 217.800003 161.100006 28.699989
v 217.800003 154.900009 28.699989
v 218.300003 154.900009 28.699989
v 218.300003 154.900009 28.699989
v 217.800003 154.900009 28.699989
v 217.800003 154.699997 28.699989
v 224.199997 154.699997 28.699989
v 224.199997 154.900009 28.699989
v 224.199997 161.100006 28.699989
v 218.300003 161.100006 28.699989
v 218.300003 168.800003 28.699987
v 228.500000 168.800003 28.699987
v 228.500000 161.100006 28.699989
v 228.500000 154.900009 28.699989
v 224.199997 154.900009 28.699989
v 224.199997 161.100006 28.699989
v 228.500000 161.100006 28.699989
v 225.800003 156.699997 41.499989
v 220.199997 153.500000 41.499989
v 217.000000 159.100006 41.499989
v 222.600006 162.300003 41.499989
v 218.900009 167.100006 35.299988
v 218.900009 167.100006 28.899986
v 221.400009 168.400009 28.899986
v 221.400009 168.400009 35.299988
v 221.400009 168.400009 35.299988
v 221.400009 168.400009 28.899986
v 223.699997 167.100006 28.899986
v 223.699997 167.100006 35.299988
v 221.400009 163.199997 35.299988
v 221.400009 163.199997 28.899988
v 218.900009 164.500000 28.899986
v 218.900009 164.500000 35.299988
v 224.199997 154.699997 35.099991
v 222.300003 154.699997 35.099991
v 224.199997 155.785995 35.099991
v 217.800003 159.556992 35.099991
v 217.800003 161.100006 35.099991
v 220.500000 161.100006 35.099991
v 223.286011 161.100006 35.099991
v 224.199997 161.100006 35.099991
v 224.199997 159.500000 35.099991
v 219.513992 154.699997 35.099991
v 217.800003 154.699997 35.099991
v 217.800003 157.699997 35.099991
v 219.513992 154.699997 35.099991
v 220.199997 153.500000 35.099991
v 222.300003 154.699997 35.099991
v 222.600006 162.300003 35.099991
v 220.500000 161.100006 35.099991
v 223.286011 161.100006 35.099991
v 224.199997 155.785995 35.099991
v 225.800003 156.699997 35.099991
v 224.199997 159.500000 35.099991
v 217.800003 159.556992 35.099991
v 217.000000 159.100006 35.099991
v 217.800003 157.699997 35.099991
v 225.800003 156.699997 41.499989
v 225.800003 156.699997 35.099991
v 222.300003 154.699997 35.099991
v 220.199997 153.500000 35.099991
v 220.199997 153.500000 41.499989
v 220.199997 153.500000 41.499989
v 220.199997 153.500000 35.099991
v 217.800003 157.699997 35.099991
v 217.000000 159.100006 35.099991
v 217.000000 159.100006 41.499989
v 217.000000 159.100006 41.499989
v 217.000000 159.100006 35.099991
v 217.800003 159.556992 35.099991
v 220.500000 161.100006 35.099991
v 222.600006 162.300003 35.099991
v 222.600006 162.300003 41.499989
v 222.600006 162.300003 41.499989
v 222.600006 162.300003 35.099991
v 224.199997 159.500000 35.099991
v 225.800003 156.699997 35.099991
v 225.800003 156.699997 41.499989
v 224.199997 155.785995 35.099991
v 224.199997 159.500000 35.099991
v 224.199997 161.100006 35.099991
v 224.199997 161.100006 28.699989
v 224.199997 154.900009 28.699989
v 224.199997 154.699997 28.699989
v 224.199997 154.699997 35.099991
v 223.286011 161.100006 35.099991
v 220.500000 161.100006 35.099991
v 217.800003 161.100006 35.099991
v 217.800003 161.100006 28.699989
v 218.300003 161.100006 28.699989
v 224.199997 161.100006 28.699989
v 224.199997 161.100006 35.099991
v 219.513992 154.699997 35.099991
v 222.300003 154.699997 35.099991
v 224.199997 154.699997 35.099991
v 224.199997 154.699997 28.699989
v 217.800003 154.699997 28.699989
v 217.800003 154.699997 35.099991
v 217.800003 159.556992 35.099991
v 217.800003 157.699997 35.099991
v 217.800003 154.699997 35.099991
v 217.800003 154.699997 28.699989
v 217.800003 154.900009 28.699989
v 217.800003 161.100006 28.699989
v 217.800003 161.100006 35.099991
v 223.699997 167.100006 35.299988
v 223.699997 167.100006 28.899986
v 223.699997 164.500000 28.899986
v 223.699997 164.500000 35.299988
v 221.400009 163.199997 35.299988
v 218.900009 164.500000 35.299988
v 218.900009 167.100006 35.299988
v 221.400009 168.400009 35.299988
v 223.699997 167.100006 35.299988
v 223.699997 164.500000 35.299988
v 218.900009 164.500000 35.299988
v 218.900009 164.500000 28.899986
v 218.900009 167.100006 28.899986
v 218.900009 167.100006 35.299988
v 221.400009 168.400009 28.899986
v 218.900009 167.100006 28.899986
v 218.900009 164.500000 28.899986
v 221.400009 163.199997 28.899988
v 223.699997 164.500000 28.899986
v 223.699997 167.100006 28.899986
v 223.699997 164.500000 35.299988
v 223.699997 164.500000 28.899986
v 221.400009 163.199997 28.899988
v 221.400009 163.199997 35.299988
v 224.199997 154.900009 28.699989
v 228.500000 154.900009 28.699989
v 228.500000 154.900009 26.599989
v 218.300003 154.900009 26.599989
v 218.300003 154.900009 28.699989
v 218.300003 161.100006 28.699989
v 218.300003 154.900009 28.699989
v 218.300003 154.900009 26.599989
v 218.300003 168.800003 26.599987
v 218.300003 168.800003 28.699987
v 218.300003 168.800003 28.699987
v 218.300003 168.800003 26.599987
v 228.500000 168.800003 26.599987
v 228.500000 168.800003 28.699987
v 228.500000 161.100006 28.699989
v 228.500000 168.800003 28.699987
v 228.500000 168.800003 26.599987
v 228.500000 154.900009 26.599989
v 228.500000 154.900009 28.699989
v 218.300003 168.800003 26.599987
v 218.300003 154.900009 26.599989
v 228.500000 154.900009 26.599989
v 228.500000 168.800003 26.599987
v -225.600006 -267.700012 92.100021
v -225.600006 -267.700012 69.700027
v -228.000000 -267.700012 69.700027
v -228.000000 -267.700012 92.100021
v -225.600006 -267.700012 69.700027
v -225.600006 -267.700012 47.300018
v -228.000000 -267.700012 47.300018
v -228.000000 -267.700012 69.700027
v -225.600006 -267.700012 47.300018
v -225.600006 -267.700012 31.300022
v -228.000000 -267.700012 31.300022
v -228.000000 -267.700012 47.300018
v -228.000000 -192.900009 92.100014
v -228.000000 -192.900009 69.700020
v -225.600006 -192.900009 69.700020
v -225.600006 -192.900009 92.100014
v -228.000000 -192.900009 69.700020
v -228.000000 -192.900009 47.300014
v -225.600006 -192.900009 47.300014
v -225.600006 -192.900009 69.700020
v -228.000000 -192.900009 47.300014
v -228.000000 -192.900009 31.300016
v -225.600006 -192.900009 31.300016
v -225.600006 -192.900009 47.300014
v -228.000000 -192.900009 31.300016
v -228.000000 -200.500000 31.300016
v -228.000000 -219.780014 31.300018
v -225.600006 -219.780014 31.300018
v -225.600006 -200.500000 31.300016
v -225.600006 -192.900009 31.300016
v -228.000000 -219.780014 31.300018
v -228.000000 -222.900009 31.300018
v -228.000000 -245.300003 31.300020
v -228.000000 -246.660019 31.300020
v -225.600006 -246.660019 31.300020
v -225.600006 -245.300003 31.300020
v -225.600006 -222.900009 31.300018
v -225.600006 -219.780014 31.300018
v -228.000000 -246.660019 31.300020
v -228.000000 -267.700012 31.300022
v -225.600006 -267.700012 31.300022
v -225.600006 -246.660019 31.300020
v -228.000000 -219.780014 92.100014
v -228.000000 -200.500000 92.100014
v -228.000000 -192.900009 92.100014
v -225.600006 -192.900009 92.100014
v -225.600006 -200.500000 92.100014
v -225.600006 -219.780014 92.100014
v -228.000000 -246.660019 92.100014
v -228.000000 -245.300003 92.100014
v -228.000000 -222.900009 92.100014
v -228.000000 -219.780014 92.100014
v -225.600006 -219.780014 92.100014
v -225.600006 -222.900009 92.100014
v -225.600006 -245.300003 92.100014
v -225.600006 -246.660019 92.100014
v -228.000000 -267.700012 92.100021
v -228.000000 -246.660019 92.100014
v -225.600006 -246.660019 92.100014
v -225.600006 -267.700012 92.100021
v -228.000000 -245.300003 92.100014
v -228.000000 -246.660019 92.100014
v -228.000000 -267.700012 92.100021
v -228.000000 -267.700012 69.700027
v -228.000000 -245.300003 69.700020
v -228.000000 -267.700012 69.700027
v -228.000000 -267.700012 47.300018
v -228.000000 -245.300003 47.300018
v -228.000000 -245.300003 69.700020
v -228.000000 -267.700012 47.300018
v -228.000000 -267.700012 31.300022
v -228.000000 -246.660019 31.300020
v -228.000000 -245.300003 31.300020
v -228.000000 -245.300003 47.300018
v -228.000000 -222.900009 92.100014
v -228.000000 -245.300003 92.100014
v -228.000000 -245.300003 69.700020
v -228.000000 -222.900009 69.700020
v -228.000000 -245.300003 69.700020
v -228.000000 -245.300003 47.300018
v -228.000000 -222.900009 47.300014
v -228.000000 -222.900009 69.700020
v -228.000000 -245.300003 47.300018
v -228.000000 -245.300003 31.300020
v -228.000000 -222.900009 31.300018
v -228.000000 -222.900009 47.300014
v -228.000000 -200.500000 92.100014
v -228.000000 -219.780014 92.100014
v -228.000000 -222.900009 92.100014
v -228.000000 -222.900009 69.700020
v -228.000000 -200.500000 69.700020
v -228.000000 -222.900009 69.700020
v -228.000000 -222.900009 47.300014
v -228.000000 -200.500000 47.300014
v -228.000000 -200.500000 69.700020
v -228.000000 -222.900009 47.300014
v -228.000000 -222.900009 31.300018
v -228.000000 -219.780014 31.300018
v -228.000000 -200.500000 31.300016
v -228.000000 -200.500000 47.300014
v -228.000000 -192.900009 69.700020
v -228.000000 -192.900009 92.100014
v -228.000000 -200.500000 92.100014
v -228.000000 -200.500000 69.700020
v -228.000000 -192.900009 47.300014
v -228.000000 -192.900009 69.700020
v -228.000000 -200.500000 69.700020
v -228.000000 -200.500000 47.300014
v -228.000000 -192.900009 31.300016
v -228.000000 -192.900009 47.300014
v -228.000000 -200.500000 47.300014
v -228.000000 -200.500000 31.300016
v -225.600006 -267.700012 69.700027
v -225.600006 -267.700012 92.100021
v -225.600006 -246.660019 92.100014
v -225.600006 -245.300003 92.100014
v -225.600006 -245.300003 69.700020
v -225.600006 -267.700012 47.300018
v -225.600006 -267.700012 69.700027
v -225.600006 -245.300003 69.700020
v -225.600006 -245.300003 47.300018
v -225.600006 -246.660019 31.300020
v -225.600006 -267.700012 31.300022
v -225.600006 -267.700012 47.300018
v -225.600006 -245.300003 47.300018
v -225.600006 -245.300003 31.300020
v -225.600006 -245.300003 92.100014
v -225.600006 -222.900009 92.100014
v -225.600006 -222.900009 69.700020
v -225.600006 -245.300003 69.700020
v -225.600006 -222.900009 69.700020
v -225.600006 -222.900009 47.300014
v -225.600006 -245.300003 47.300018
v -225.600006 -245.300003 69.700020
v -225.600006 -222.900009 47.300014
v -225.600006 -222.900009 31.300018
v -225.600006 -245.300003 31.300020
v -225.600006 -245.300003 47.300018
v -225.600006 -222.900009 92.100014
v -225.600006 -219.780014 92.100014
v -225.600006 -200.500000 92.100014
v -225.600006 -200.500000 69.700020
v -225.600006 -222.900009 69.700020
v -225.600006 -200.500000 69.700020
v -225.600006 -200.500000 47.300014
v -225.600006 -222.900009 47.300014
v -225.600006 -222.900009 69.700020
v -225.600006 -200.500000 47.300014
v -225.600006 -200.500000 31.300016
v -225.600006 -219.780014 31.300018
v -225.600006 -222.900009 31.300018
v -225.600006 -222.900009 47.300014
v -225.600006 -200.500000 92.100014
v -225.600006 -192.900009 92.100014
v -225.600006 -192.900009 69.700020
v -225.600006 -200.500000 69.700020
v -225.600006 -192.900009 69.700020
v -225.600006 -192.900009 47.300014
v -225.600006 -200.500000 47.300014
v -225.600006 -200.500000 69.700020
v -225.600006 -192.900009 47.300014
v -225.600006 -192.900009 31.300016
v -225.600006 -200.500000 31.300016
v -225.600006 -200.500000 47.300014
v -108.000000 265.300018 47.799980
v -104.500000 265.300018 47.799980
v -102.099998 266.000000 47.799980
v -100.800003 267.200012 47.799980
v -100.800003 268.399994 47.799980
v -102.099998 269.600006 47.799980
v -104.500000 270.300018 47.799980
v -108.000000 270.300018 47.799980
v -111.400002 269.000000 47.799980
v -111.400002 266.600006 47.799980
v -98.469002 267.944000 51.474983
v -98.442001 267.954010 51.366982
v -98.412003 267.868988 51.248981
v -98.412003 267.731018 51.248981
v -98.442001 267.645996 51.366982
v -98.469002 267.656006 51.474983
v -98.487000 267.701996 51.547981
v -98.496002 267.764008 51.583984
v -98.496002 267.836029 51.583984
v -98.487000 267.898010 51.547981
v -104.500000 270.300018 47.799980
v -102.099998 269.600006 47.799980
v -98.442001 267.954010 51.366982
v -98.469002 267.944000 51.474983
v -108.000000 270.300018 47.799980
v -104.500000 270.300018 47.799980
v -98.469002 267.944000 51.474983
v -98.487000 267.898010 51.547981
v -102.099998 269.600006 47.799980
v -100.800003 268.399994 47.799980
v -98.412003 267.868988 51.248981
v -98.442001 267.954010 51.366982
v -111.400002 269.000000 47.799980
v -108.000000 270.300018 47.799980
v -98.487000 267.898010 51.547981
v -98.496002 267.836029 51.583984
v -100.800003 268.399994 47.799980
v -100.800003 267.200012 47.799980
v -98.412003 267.731018 51.248981
v -98.412003 267.868988 51.248981
v -111.400002 266.600006 47.799980
v -111.400002 269.000000 47.799980
v -98.496002 267.836029 51.583984
v -98.496002 267.764008 51.583984
v -98.442001 267.645996 51.366982
v -98.412003 267.731018 51.248981
v -100.800003 267.200012 47.799980
v -102.099998 266.000000 47.799980
v -98.496002 267.764008 51.583984
v -98.487000 267.701996 51.547981
v -108.000000 265.300018 47.799980
v -111.400002 266.600006 47.799980
v -98.469002 267.656006 51.474983
v -98.442001 267.645996 51.366982
v -102.099998 266.000000 47.799980
v -104.500000 265.300018 47.799980
v -98.487000 267.701996 51.547981
v -98.469002 267.656006 51.474983
v -104.500000 265.300018 47.799980
v -108.000000 265.300018 47.799980
v -248.400009 -131.100006 5.100010
v -248.100006 -131.100006 5.100010
v -248.300003 -131.100006 0.500010
v -248.800003 -131.100006 0.500010
v -248.900009 -131.100006 0.500010
v -235.100006 -131.100006 -3.799990
v -235.100006 -131.100006 -4.299990
v -241.500000 -131.100006 -5.099990
v -247.900009 -131.100006 -4.299990
v -247.900009 -131.100006 -3.799990
v -234.600006 -131.100006 5.800010
v -234.500000 -131.100006 5.100010
v -234.600006 -131.100006 5.100010
v -234.900009 -131.100006 5.100010
v -235.100006 -131.100006 6.400010
v -234.699997 -131.100006 6.400010
v -234.699997 -131.100006 6.400010
v -235.100006 -131.100006 6.400010
v -248.000000 -131.100006 6.400010
v -248.300003 -131.100006 6.400010
v -246.900009 -131.100006 7.500010
v -241.500000 -131.100006 8.000010
v -236.100006 -131.100006 7.500010
v -248.100006 -131.100006 5.100010
v -248.400009 -131.100006 5.100010
v -248.500000 -131.100006 5.100010
v -248.400009 -131.100006 5.800010
v -248.300003 -131.100006 6.400010
v -248.000000 -131.100006 6.400010
v -233.900009 -131.100006 -0.999990
v -234.800003 -131.100006 -3.799990
v -235.100006 -131.100006 -3.799990
v -247.900009 -131.100006 -3.799990
v -248.000000 -131.100006 -3.799990
v -248.900009 -131.100006 -0.999990
v -248.800003 -131.100006 0.500010
v -248.300003 -131.100006 0.500010
v -234.600006 -131.100006 0.500010
v -234.000000 -131.100006 0.500010
v -234.000000 -131.100006 0.500010
v -234.600006 -131.100006 0.500010
v -234.900009 -131.100006 5.100010
v -234.600006 -131.100006 5.100010
v -241.500000 -102.300003 -5.099992
v -235.100006 -102.300003 -4.299993
v -235.100006 -102.300003 -3.799992
v -247.900009 -102.300003 -3.799992
v -247.900009 -102.300003 -4.299993
v -234.900009 -102.300003 5.100008
v -234.500000 -102.300003 5.100008
v -234.600006 -102.300003 5.800008
v -234.699997 -102.300003 6.400008
v -235.100006 -102.300003 6.400008
v -241.500000 -102.300003 8.000008
v -246.900009 -102.300003 7.500008
v -248.300003 -102.300003 6.400008
v -248.000000 -102.300003 6.400008
v -235.100006 -102.300003 6.400008
v -234.699997 -102.300003 6.400008
v -236.100006 -102.300003 7.500008
v -248.400009 -102.300003 5.800008
v -248.500000 -102.300003 5.100008
v -248.100006 -102.300003 5.100008
v -248.000000 -102.300003 6.400008
v -248.300003 -102.300003 6.400008
v -248.900009 -102.300003 0.500008
v -249.000000 -102.300003 -0.999992
v -248.100006 -102.300003 -3.799992
v -247.900009 -102.300003 -3.799992
v -235.100006 -102.300003 -3.799992
v -234.900009 -102.300003 -3.799992
v -234.000000 -102.300003 -0.999992
v -234.100006 -102.300003 0.500008
v -234.500000 -102.300003 5.100008
v -234.900009 -102.300003 5.100008
v -234.900009 -102.599998 5.100008
v -234.500000 -102.599998 5.100008
v -234.600006 -131.100006 5.100010
v -234.500000 -131.100006 5.100010
v -234.500000 -130.800003 5.100010
v -234.600006 -130.800003 5.100010
v -234.900009 -108.400002 5.100008
v -234.900009 -108.700005 5.100008
v -234.900009 -130.800003 5.100010
v -234.600006 -130.800003 5.100010
v -234.500000 -130.800003 5.100010
v -234.500000 -108.700005 5.100008
v -234.500000 -108.400002 5.100008
v -234.900009 -104.300003 5.100008
v -234.900009 -108.400002 5.100008
v -234.500000 -108.400002 5.100008
v -234.500000 -104.300003 5.100008
v -248.500000 -108.400002 5.100008
v -248.500000 -108.700005 5.100008
v -248.500000 -130.800003 5.100010
v -248.400009 -130.800003 5.100010
v -248.100006 -130.800003 5.100010
v -248.100006 -108.700005 5.100008
v -248.100006 -108.400002 5.100008
v -248.500000 -104.300003 5.100008
v -248.500000 -108.400002 5.100008
v -248.100006 -108.400002 5.100008
v -248.100006 -104.300003 5.100008
v -248.100006 -102.300003 5.100008
v -248.500000 -102.300003 5.100008
v -248.500000 -102.599998 5.100008
v -248.100006 -102.599998 5.100008
v -248.500000 -130.800003 5.100010
v -248.500000 -131.100006 5.100010
v -248.400009 -131.100006 5.100010
v -248.400009 -130.800003 5.100010
v -248.000000 -108.700005 6.400008
v -248.000000 -131.100006 6.400010
v -235.100006 -131.100006 6.400010
v -235.100006 -108.700005 6.400008
v -235.100006 -102.300003 6.400008
v -248.000000 -102.300003 6.400008
v -248.000000 -108.700005 6.400008
v -235.100006 -108.700005 6.400008
v -246.900009 -124.700005 7.500010
v -246.900009 -102.300003 7.500008
v -241.500000 -102.300003 8.000008
v -241.500000 -124.700005 8.000010
v -241.500000 -131.100006 8.000010
v -246.900009 -131.100006 7.500010
v -246.900009 -124.700005 7.500010
v -241.500000 -124.700005 8.000010
v -241.500000 -124.700005 8.000010
v -241.500000 -102.300003 8.000008
v -236.100006 -102.300003 7.500008
v -236.100006 -124.700005 7.500010
v -241.500000 -131.100006 8.000010
v -241.500000 -124.700005 8.000010
v -236.100006 -124.700005 7.500010
v -236.100006 -131.100006 7.500010
v -248.300003 -124.700005 6.400010
v -248.300003 -108.700005 6.400008
v -248.300003 -102.300003 6.400008
v -246.900009 -102.300003 7.500008
v -246.900009 -124.700005 7.500010
v -248.300003 -131.100006 6.400010
v -248.300003 -124.700005 6.400010
v -246.900009 -124.700005 7.500010
v -246.900009 -131.100006 7.500010
v -236.100006 -102.300003 7.500008
v -234.699997 -102.300003 6.400008
v -234.699997 -108.700005 6.400008
v -234.699997 -124.700005 6.400010
v -236.100006 -124.700005 7.500010
v -234.699997 -124.700005 6.400010
v -234.699997 -131.100006 6.400010
v -236.100006 -131.100006 7.500010
v -236.100006 -124.700005 7.500010
v -248.500000 -131.100006 5.100010
v -248.500000 -130.800003 5.100010
v -248.500000 -108.700005 5.100008
v -248.400009 -108.700005 5.800008
v -248.400009 -131.100006 5.800010
v -248.500000 -108.700005 5.100008
v -248.500000 -108.400002 5.100008
v -248.500000 -104.300003 5.100008
v -248.500000 -102.599998 5.100008
v -248.500000 -102.300003 5.100008
v -248.400009 -102.300003 5.800008
v -248.400009 -108.700005 5.800008
v -234.600006 -108.700005 5.800008
v -234.600006 -131.100006 5.800010
v -234.699997 -131.100006 6.400010
v -234.699997 -124.700005 6.400010
v -234.699997 -108.700005 6.400008
v -234.699997 -102.300003 6.400008
v -234.600006 -102.300003 5.800008
v -234.600006 -108.700005 5.800008
v -234.699997 -108.700005 6.400008
v -248.100006 -108.700005 5.100008
v -248.100006 -130.800003 5.100010
v -248.100006 -131.100006 5.100010
v -248.000000 -131.100006 6.400010
v -248.000000 -108.700005 6.400008
v -248.000000 -102.300003 6.400008
v -248.100006 -102.300003 5.100008
v -248.100006 -102.599998 5.100008
v -248.100006 -104.300003 5.100008
v -248.100006 -108.400002 5.100008
v -248.100006 -108.700005 5.100008
v -248.000000 -108.700005 6.400008
v -234.900009 -131.100006 5.100010
v -234.900009 -130.800003 5.100010
v -234.900009 -108.700005 5.100008
v -235.100006 -108.700005 6.400008
v -235.100006 -131.100006 6.400010
v -234.900009 -108.700005 5.100008
v -234.900009 -108.400002 5.100008
v -234.900009 -104.300003 5.100008
v -234.900009 -102.599998 5.100008
v -234.900009 -102.300003 5.100008
v -235.100006 -102.300003 6.400008
v -235.100006 -108.700005 6.400008
v -234.500000 -108.700005 5.100008
v -234.500000 -130.800003 5.100010
v -234.500000 -131.100006 5.100010
v -234.600006 -131.100006 5.800010
v -234.600006 -108.700005 5.800008
v -234.600006 -102.300003 5.800008
v -234.500000 -102.300003 5.100008
v -234.500000 -102.599998 5.100008
v -234.500000 -104.300003 5.100008
v -234.500000 -108.400002 5.100008
v -234.500000 -108.700005 5.100008
v -234.600006 -108.700005 5.800008
v -248.400009 -131.100006 5.800010
v -248.400009 -108.700005 5.800008
v -248.300003 -108.700005 6.400008
v -248.300003 -124.700005 6.400010
v -248.300003 -131.100006 6.400010
v -248.400009 -108.700005 5.800008
v -248.400009 -102.300003 5.800008
v -248.300003 -102.300003 6.400008
v -248.300003 -108.700005 6.400008
v -247.900009 -130.800003 -4.299990
v -247.900009 -131.100006 -4.299990
v -241.500000 -131.100006 -5.099990
v -241.500000 -108.700005 -5.099992
v -247.900009 -108.700005 -4.299992
v -241.500000 -108.700005 -5.099992
v -241.500000 -102.300003 -5.099992
v -247.900009 -102.300003 -4.299993
v -247.900009 -102.599998 -4.299993
v -247.900009 -108.400002 -4.299992
v -247.900009 -108.700005 -4.299992
v -234.800003 -130.800003 -3.799990
v -234.800003 -131.100006 -3.799990
v -233.900009 -131.100006 -0.999990
v -233.900009 -130.800003 -0.999990
v -241.500000 -131.100006 -5.099990
v -235.100006 -131.100006 -4.299990
v -235.100006 -130.800003 -4.299990
v -235.100006 -108.700005 -4.299992
v -241.500000 -108.700005 -5.099992
v -235.100006 -108.700005 -4.299992
v -235.100006 -108.400002 -4.299992
v -235.100006 -102.599998 -4.299993
v -235.100006 -102.300003 -4.299993
v -241.500000 -102.300003 -5.099992
v -241.500000 -108.700005 -5.099992
v -235.100006 -130.800003 -4.299990
v -235.100006 -130.800003 -3.799990
v -234.933014 -130.800003 -3.799990
v -248.000000 -130.800003 -3.799990
v -247.900009 -130.800003 -3.799990
v -247.900009 -130.800003 -4.299990
v -248.067001 -130.800003 -3.799990
v -248.916992 -130.800003 -1.249990
v -249.000000 -130.800003 -0.999990
v -248.900009 -130.800003 -0.999990
v -248.000000 -130.800003 -3.799990
v -248.067001 -130.800003 -3.799990
v -248.900009 -130.800003 0.500010
v -248.800003 -130.800003 0.500010
v -248.300003 -130.800003 0.500010
v -248.100006 -130.800003 5.100010
v -248.400009 -130.800003 5.100010
v -234.600006 -130.800003 0.500010
v -248.300003 -130.800003 0.500010
v -248.800003 -130.800003 0.500010
v -248.900009 -130.800003 -0.999990
v -248.699997 -130.800003 -0.999990
v -234.300003 -130.800003 -0.999990
v -234.000000 -130.800003 -0.999990
v -233.900009 -130.800003 -0.999990
v -234.000000 -130.800003 0.500010
v -235.100006 -130.800003 -3.799990
v -234.300003 -130.800003 -0.999990
v -248.699997 -130.800003 -0.999990
v -247.900009 -130.800003 -3.799990
v -234.933014 -130.800003 -3.799990
v -234.800003 -130.800003 -3.799990
v -233.900009 -130.800003 -0.999990
v -234.000000 -130.800003 -0.999990
v -234.600006 -130.800003 5.100010
v -234.900009 -130.800003 5.100010
v -234.600006 -130.800003 0.500010
v -234.000000 -130.800003 0.500010
v -234.000000 -102.599998 -0.999992
v -234.123001 -102.599998 0.500008
v -234.100006 -102.599998 0.500008
v -249.000000 -102.599998 -0.999992
v -248.900009 -102.599998 0.500008
v -248.876999 -102.599998 0.500008
v -248.067001 -102.599998 -3.799992
v -248.100006 -102.599998 -3.799992
v -249.000000 -102.599998 -0.999992
v -234.300003 -102.599998 -0.999992
v -235.100006 -102.599998 -3.799992
v -247.900009 -102.599998 -3.799992
v -248.699997 -102.599998 -0.999992
v -248.552002 -102.599998 0.500008
v -234.447998 -102.599998 0.500008
v -234.000000 -102.599998 -0.999992
v -234.900009 -102.599998 -3.799992
v -234.933014 -102.599998 -3.799992
v -234.123001 -102.599998 0.500008
v -234.500000 -102.599998 5.100008
v -234.900009 -102.599998 5.100008
v -234.447998 -102.599998 0.500008
v -235.100006 -102.599998 -3.799992
v -235.100006 -102.599998 -4.299993
v -234.933014 -102.599998 -3.799992
v -248.552002 -102.599998 0.500008
v -248.100006 -102.599998 5.100008
v -248.500000 -102.599998 5.100008
v -248.876999 -102.599998 0.500008
v -247.900009 -102.599998 -4.299993
v -247.900009 -102.599998 -3.799992
v -248.067001 -102.599998 -3.799992
v -234.123001 -102.599998 0.500008
v -234.447998 -102.599998 0.500008
v -248.552002 -102.599998 0.500008
v -248.876999 -102.599998 0.500008
v -248.900009 -102.599998 0.500008
v -248.900009 -102.300003 0.500008
v -234.100006 -102.300003 0.500008
v -234.100006 -102.599998 0.500008
v -247.900009 -102.300003 -4.299993
v -247.900009 -102.300003 -3.799992
v -247.900009 -102.599998 -3.799992
v -247.900009 -102.599998 -4.299993
v -235.100006 -102.300003 -4.299993
v -235.100006 -102.599998 -4.299993
v -235.100006 -102.599998 -3.799992
v -235.100006 -102.300003 -3.799992
v -235.100006 -102.599998 -3.799992
v -234.933014 -102.599998 -3.799992
v -234.900009 -102.599998 -3.799992
v -234.900009 -102.300003 -3.799992
v -235.100006 -102.300003 -3.799992
v -234.900009 -102.300003 -3.799992
v -234.900009 -102.599998 -3.799992
v -234.000000 -102.599998 -0.999992
v -234.000000 -102.300003 -0.999992
v -234.000000 -102.300003 -0.999992
v -234.000000 -102.599998 -0.999992
v -234.100006 -102.599998 0.500008
v -234.100006 -102.300003 0.500008
v -248.100006 -102.300003 -3.799992
v -248.100006 -102.599998 -3.799992
v -248.067001 -102.599998 -3.799992
v -247.900009 -102.599998 -3.799992
v -247.900009 -102.300003 -3.799992
v -248.100006 -102.599998 -3.799992
v -248.100006 -102.300003 -3.799992
v -249.000000 -102.300003 -0.999992
v -249.000000 -102.599998 -0.999992
v -249.000000 -102.599998 -0.999992
v -249.000000 -102.300003 -0.999992
v -248.900009 -102.300003 0.500008
v -248.900009 -102.599998 0.500008
v -247.900009 -130.699997 -1.599990
v -247.900009 -130.300003 -1.599990
v -247.900009 -130.600006 0.500010
v -247.900009 -130.699997 0.500010
v -247.900009 -130.699997 -3.699990
v -247.900009 -129.100006 -3.699990
v -247.900009 -128.600006 -1.599990
v -247.900009 -130.300003 -1.599990
v -247.900009 -130.699997 -1.599990
v -247.900009 -121.300003 -3.699991
v -247.900009 -119.700005 -3.699991
v -247.900009 -119.200005 -1.599991
v -247.900009 -120.900002 -1.599991
v -247.900009 -121.300003 -1.599991
v -247.900009 -121.300003 -1.599991
v -247.900009 -120.900002 -1.599991
v -247.900009 -121.200005 0.500009
v -247.900009 -121.300003 0.500009
v -234.500000 -102.599998 5.100008
v -234.000000 -102.599998 -0.999992
v -234.000000 -104.300003 -0.999992
v -234.500000 -104.300003 5.100008
v -235.100006 -108.400002 -4.299992
v -235.100006 -108.700005 -4.299992
v -235.100006 -130.800003 -4.299990
v -234.000000 -130.800003 -0.999990
v -234.000000 -108.400002 -0.999992
v -234.000000 -104.300003 -0.999992
v -234.000000 -102.599998 -0.999992
v -235.100006 -102.599998 -4.299993
v -235.100006 -108.400002 -4.299992
v -234.000000 -108.400002 -0.999992
v -235.100006 -108.400002 -3.799992
v -235.100006 -130.800003 -3.799990
v -247.900009 -130.800003 -3.799990
v -247.900009 -108.400002 -3.799992
v -235.100006 -102.599998 -3.799992
v -235.100006 -108.400002 -3.799992
v -247.900009 -108.400002 -3.799992
v -247.900009 -102.599998 -3.799992
v -234.300003 -104.300003 -0.999992
v -234.300003 -102.599998 -0.999992
v -234.900009 -102.599998 5.100008
v -234.900009 -104.300003 5.100008
v -241.500000 -130.300003 -1.599990
v -241.500000 -130.699997 -1.599990
v -241.500000 -130.699997 0.500010
v -241.500000 -130.600006 0.500010
v -241.500000 -129.100006 -3.699990
v -241.500000 -130.699997 -3.699990
v -241.500000 -130.699997 -1.599990
v -241.500000 -130.300003 -1.599990
v -241.500000 -128.600006 -1.599990
v -241.500000 -119.700005 -3.699991
v -241.500000 -121.300003 -3.699991
v -241.500000 -121.300003 -1.599991
v -241.500000 -120.900002 -1.599991
v -241.500000 -119.200005 -1.599991
v -241.500000 -120.900002 -1.599991
v -241.500000 -121.300003 -1.599991
v -241.500000 -121.300003 0.500009
v -241.500000 -121.200005 0.500009
v -235.100006 -130.800003 -3.799990
v -235.100006 -108.400002 -3.799992
v -234.300003 -108.400002 -0.999992
v -234.300003 -130.800003 -0.999990
v -235.100006 -108.400002 -3.799992
v -235.100006 -102.599998 -3.799992
v -234.300003 -102.599998 -0.999992
v -234.300003 -104.300003 -0.999992
v -234.300003 -108.400002 -0.999992
v -247.900009 -121.300003 -1.599991
v -247.900009 -121.300003 0.500009
v -241.500000 -121.300003 0.500009
v -241.500000 -121.300003 -1.599991
v -241.500000 -121.300003 -3.699991
v -247.900009 -121.300003 -3.699991
v -247.900009 -121.300003 0.500009
v -247.900009 -121.200005 0.500009
v -241.500000 -121.200005 0.500009
v -241.500000 -121.300003 0.500009
v -247.900009 -120.900002 -1.599991
v -247.900009 -119.200005 -1.599991
v -241.500000 -119.200005 -1.599991
v -241.500000 -120.900002 -1.599991
v -247.900009 -121.200005 0.500009
v -247.900009 -120.900002 -1.599991
v -241.500000 -120.900002 -1.599991
v -241.500000 -121.200005 0.500009
v -247.900009 -119.700005 -3.699991
v -247.900009 -121.300003 -3.699991
v -241.500000 -121.300003 -3.699991
v -241.500000 -119.700005 -3.699991
v -241.500000 -119.700005 -3.699991
v -241.500000 -119.200005 -1.599991
v -247.900009 -119.200005 -1.599991
v -247.900009 -119.700005 -3.699991
v -247.900009 -130.699997 0.500010
v -247.900009 -130.600006 0.500010
v -241.500000 -130.600006 0.500010
v -241.500000 -130.699997 0.500010
v -241.500000 -130.699997 -1.599990
v -241.500000 -130.699997 -3.699990
v -247.900009 -130.699997 -3.699990
v -247.900009 -130.699997 -1.599990
v -247.900009 -130.699997 0.500010
v -241.500000 -130.699997 0.500010
v -247.900009 -130.300003 -1.599990
v -247.900009 -128.600006 -1.599990
v -241.500000 -128.600006 -1.599990
v -241.500000 -130.300003 -1.599990
v -247.900009 -130.600006 0.500010
v -247.900009 -130.300003 -1.599990
v -241.500000 -130.300003 -1.599990
v -241.500000 -130.600006 0.500010
v -247.900009 -129.100006 -3.699990
v -247.900009 -130.699997 -3.699990
v -241.500000 -130.699997 -3.699990
v -241.500000 -129.100006 -3.699990
v -241.500000 -129.100006 -3.699990
v -241.500000 -128.600006 -1.599990
v -247.900009 -128.600006 -1.599990
v -247.900009 -129.100006 -3.699990
v -234.000000 -104.300003 -0.999992
v -234.300003 -104.300003 -0.999992
v -234.900009 -104.300003 5.100008
v -234.500000 -104.300003 5.100008
v -234.000000 -130.800003 -0.999990
v -234.300003 -130.800003 -0.999990
v -234.300003 -108.400002 -0.999992
v -234.000000 -108.400002 -0.999992
v -234.300003 -108.400002 -0.999992
v -234.300003 -104.300003 -0.999992
v -234.000000 -104.300003 -0.999992
v -234.000000 -108.400002 -0.999992
v -248.699997 -108.400002 -0.999992
v -248.699997 -130.800003 -0.999990
v -248.900009 -130.800003 -0.999990
v -249.000000 -130.800003 -0.999990
v -249.000000 -108.400002 -0.999992
v -248.699997 -104.300003 -0.999992
v -248.699997 -108.400002 -0.999992
v -249.000000 -108.400002 -0.999992
v -249.000000 -104.300003 -0.999992
v -248.699997 -104.300003 -0.999992
v -249.000000 -104.300003 -0.999992
v -248.500000 -104.300003 5.100008
v -248.100006 -104.300003 5.100008
v -249.000000 -104.300003 -0.999992
v -249.000000 -102.599998 -0.999992
v -248.500000 -102.599998 5.100008
v -248.500000 -104.300003 5.100008
v -248.100006 -102.599998 5.100008
v -248.699997 -102.599998 -0.999992
v -248.699997 -104.300003 -0.999992
v -248.100006 -104.300003 5.100008
v -247.900009 -108.400002 -3.799992
v -247.900009 -130.800003 -3.799990
v -248.699997 -130.800003 -0.999990
v -248.699997 -108.400002 -0.999992
v -248.699997 -104.300003 -0.999992
v -248.699997 -102.599998 -0.999992
v -247.900009 -102.599998 -3.799992
v -247.900009 -108.400002 -3.799992
v -248.699997 -108.400002 -0.999992
v -247.900009 -130.800003 -4.299990
v -247.900009 -108.700005 -4.299992
v -247.900009 -108.400002 -4.299992
v -249.000000 -108.400002 -0.999992
v -249.000000 -130.800003 -0.999990
v -247.900009 -108.400002 -4.299992
v -247.900009 -102.599998 -4.299993
v -249.000000 -102.599998 -0.999992
v -249.000000 -104.300003 -0.999992
v -249.000000 -108.400002 -0.999992
v -248.800003 -130.800003 0.500010
v -248.900009 -130.800003 0.500010
v -248.900009 -131.100006 0.500010
v -248.800003 -131.100006 0.500010
v -248.300003 -130.800003 0.500010
v -234.600006 -130.800003 0.500010
v -234.600006 -131.100006 0.500010
v -248.300003 -131.100006 0.500010
v -234.600006 -131.100006 0.500010
v -234.600006 -130.800003 0.500010
v -234.900009 -130.800003 5.100010
v -234.900009 -131.100006 5.100010
v -248.900009 -131.100006 0.500010
v -248.900009 -130.800003 0.500010
v -248.400009 -130.800003 5.100010
v -248.400009 -131.100006 5.100010
v -248.300003 -130.800003 0.500010
v -248.300003 -131.100006 0.500010
v -248.100006 -131.100006 5.100010
v -248.100006 -130.800003 5.100010
v -234.000000 -130.800003 0.500010
v -234.000000 -131.100006 0.500010
v -234.600006 -131.100006 5.100010
v -234.600006 -130.800003 5.100010
v -247.900009 -130.800003 -3.799990
v -247.900009 -131.100006 -3.799990
v -247.900009 -131.100006 -4.299990
v -247.900009 -130.800003 -4.299990
v -235.100006 -130.800003 -4.299990
v -235.100006 -131.100006 -4.299990
v -235.100006 -131.100006 -3.799990
v -235.100006 -130.800003 -3.799990
v -235.100006 -131.100006 -3.799990
v -234.800003 -131.100006 -3.799990
v -234.800003 -130.800003 -3.799990
v -234.933014 -130.800003 -3.799990
v -235.100006 -130.800003 -3.799990
v -233.900009 -130.800003 -0.999990
v -233.900009 -131.100006 -0.999990
v -234.000000 -131.100006 0.500010
v -234.000000 -130.800003 0.500010
v -248.000000 -130.800003 -3.799990
v -248.000000 -131.100006 -3.799990
v -247.900009 -131.100006 -3.799990
v -247.900009 -130.800003 -3.799990
v -248.900009 -131.100006 -0.999990
v -248.900009 -130.800003 -0.999990
v -248.800003 -130.800003 0.500010
v -248.800003 -131.100006 0.500010
v -248.000000 -131.100006 -3.799990
v -248.000000 -130.800003 -3.799990
v -248.900009 -130.800003 -0.999990
v -248.900009 -131.100006 -0.999990
v -235.100006 -130.800003 5.300010
v -235.100006 -130.800003 5.200010
v -236.000000 -130.800003 5.200010
v -236.000000 -130.800003 5.300010
v -236.000000 -102.599998 5.200008
v -235.100006 -102.599998 5.200008
v -235.100006 -102.599998 5.300008
v -236.000000 -102.599998 5.300008
v -235.100006 -108.400002 5.200008
v -235.100006 -125.000000 5.200010
v -235.100006 -130.800003 5.200010
v -235.100006 -130.800003 5.300010
v -235.100006 -125.000000 5.300010
v -235.100006 -108.400002 5.300008
v -235.100006 -102.599998 5.200008
v -235.100006 -108.400002 5.200008
v -235.100006 -108.400002 5.300008
v -235.100006 -102.599998 5.300008
v -235.100006 -125.000000 5.200010
v -235.100006 -108.400002 5.200008
v -235.100006 -102.599998 5.200008
v -236.000000 -102.599998 5.200008
v -236.000000 -108.400002 5.200008
v -236.000000 -125.000000 5.200010
v -235.100006 -130.800003 5.200010
v -235.100006 -125.000000 5.200010
v -236.000000 -125.000000 5.200010
v -236.000000 -130.800003 5.200010
v -236.000000 -130.800003 5.200010
v -236.000000 -125.000000 5.200010
v -236.000000 -108.400002 5.200008
v -236.000000 -108.400002 5.300008
v -236.000000 -125.000000 5.300010
v -236.000000 -130.800003 5.300010
v -236.000000 -108.400002 5.200008
v -236.000000 -102.599998 5.200008
v -236.000000 -102.599998 5.300008
v -236.000000 -108.400002 5.300008
v -236.000000 -125.000000 5.300010
v -236.000000 -108.400002 5.300008
v -236.000000 -102.599998 5.300008
v -235.100006 -102.599998 5.300008
v -235.100006 -108.400002 5.300008
v -235.100006 -125.000000 5.300010
v -236.000000 -130.800003 5.300010
v -236.000000 -125.000000 5.300010
v -235.100006 -125.000000 5.300010
v -235.100006 -130.800003 5.300010
v -246.500000 -130.800003 5.100010
v -246.500000 -130.800003 5.000010
v -247.400009 -130.800003 5.000010
v -247.400009 -130.800003 5.100010
v -247.400009 -102.599998 5.000008
v -246.500000 -102.599998 5.000008
v -246.500000 -102.599998 5.100008
v -247.400009 -102.599998 5.100008
v -247.400009 -130.800003 5.000010
v -247.400009 -125.000000 5.000010
v -247.400009 -108.400002 5.000008
v -247.400009 -108.400002 5.100008
v -247.400009 -125.000000 5.100009
v -247.400009 -130.800003 5.100010
v -247.400009 -108.400002 5.000008
v -247.400009 -102.599998 5.000008
v -247.400009 -102.599998 5.100008
v -247.400009 -108.400002 5.100008
v -246.500000 -125.000000 5.000010
v -246.500000 -108.400002 5.000008
v -246.500000 -102.599998 5.000008
v -247.400009 -102.599998 5.000008
v -247.400009 -108.400002 5.000008
v -247.400009 -125.000000 5.000010
v -246.500000 -130.800003 5.000010
v -246.500000 -125.000000 5.000010
v -247.400009 -125.000000 5.000010
v -247.400009 -130.800003 5.000010
v -246.500000 -108.400002 5.000008
v -246.500000 -125.000000 5.000010
v -246.500000 -130.800003 5.000010
v -246.500000 -130.800003 5.100010
v -246.500000 -125.000000 5.100009
v -246.500000 -108.400002 5.100008
v -246.500000 -102.599998 5.000008
v -246.500000 -108.400002 5.000008
v -246.500000 -108.400002 5.100008
v -246.500000 -102.599998 5.100008
v -247.400009 -125.000000 5.100009
v -247.400009 -108.400002 5.100008
v -247.400009 -102.599998 5.100008
v -246.500000 -102.599998 5.100008
v -246.500000 -108.400002 5.100008
v -246.500000 -125.000000 5.100009
v -247.400009 -130.800003 5.100010
v -247.400009 -125.000000 5.100009
v -246.500000 -125.000000 5.100009
v -246.500000 -130.800003 5.100010
v -319.800018 -257.500031 -241.299988
v -319.800018 -256.900024 -246.599991
v -319.800018 -256.300049 -246.599991
v -319.800018 -256.800049 -241.299988
v -319.800018 -256.900024 -240.699982
v -319.800018 -258.300049 -239.599991
v -319.800018 -263.700043 -239.099991
v -319.800018 -269.100037 -239.599991
v -319.800018 -269.500031 -239.899994
v -319.800018 -270.500031 -240.699982
v -319.800018 -270.600037 -241.299988
v -319.800018 -269.900024 -241.299988
v -319.800018 -257.500031 -241.299988
v -319.800018 -256.800049 -241.299988
v -319.800018 -270.700043 -241.999985
v -319.800018 -271.100037 -246.599991
v -319.800018 -270.300049 -246.599991
v -319.800018 -269.900024 -241.299988
v -319.800018 -270.600037 -241.299988
v -319.800018 -271.100037 -246.599991
v -319.800018 -271.200043 -248.099991
v -319.800018 -270.700043 -249.599991
v -319.800018 -265.700043 -249.599991
v -319.800018 -265.700043 -247.999985
v -319.800018 -265.700043 -246.999985
v -319.800018 -270.300049 -246.599991
v -319.800018 -261.700043 -249.599991
v -319.800018 -261.700043 -247.999985
v -319.800018 -265.700043 -247.999985
v -319.800018 -265.700043 -249.599991
v -319.800018 -261.700043 -249.599991
v -319.800018 -265.700043 -249.599991
v -319.800018 -270.700043 -249.599991
v -319.800018 -270.100037 -251.399994
v -319.800018 -269.500031 -251.599991
v -319.800018 -263.700043 -252.199982
v -319.800018 -257.900024 -251.599991
v -319.800018 -257.300049 -251.399994
v -319.800018 -256.700043 -249.599991
v -319.800018 -256.700043 -249.599991
v -319.800018 -256.200043 -248.099991
v -319.800018 -256.300049 -246.599991
v -319.800018 -256.900024 -246.599991
v -319.800018 -261.700043 -246.999985
v -319.800018 -261.700043 -247.999985
v -319.800018 -261.700043 -249.599991
v -291.000000 -256.300049 -246.599991
v -291.000000 -256.900024 -246.599991
v -291.000000 -257.500031 -241.299988
v -291.000000 -256.800049 -241.299988
v -291.000000 -270.500031 -240.699982
v -291.000000 -269.500031 -239.899994
v -291.000000 -269.100037 -239.599991
v -291.000000 -263.700043 -239.099991
v -291.000000 -258.300049 -239.599991
v -291.000000 -256.900024 -240.699982
v -291.000000 -256.800049 -241.299988
v -291.000000 -257.500031 -241.299988
v -291.000000 -269.900024 -241.299988
v -291.000000 -270.600037 -241.299988
v -291.000000 -270.300049 -246.599991
v -291.000000 -271.100037 -246.599991
v -291.000000 -270.700043 -241.999985
v -291.000000 -270.600037 -241.299988
v -291.000000 -269.900024 -241.299988
v -291.000000 -270.700043 -249.599991
v -291.000000 -271.200043 -248.099991
v -291.000000 -271.100037 -246.599991
v -291.000000 -270.300049 -246.599991
v -291.000000 -265.700043 -246.999985
v -291.000000 -265.700043 -247.999985
v -291.000000 -265.700043 -249.599991
v -291.000000 -265.700043 -249.599991
v -291.000000 -265.700043 -247.999985
v -291.000000 -261.700043 -247.999985
v -291.000000 -261.700043 -249.599991
v -291.000000 -265.700043 -249.599991
v -291.000000 -261.700043 -249.599991
v -291.000000 -256.700043 -249.599991
v -291.000000 -257.300049 -251.399994
v -291.000000 -257.900024 -251.599991
v -291.000000 -263.700043 -252.199982
v -291.000000 -269.500031 -251.599991
v -291.000000 -270.100037 -251.399994
v -291.000000 -270.700043 -249.599991
v -291.000000 -256.300049 -246.599991
v -291.000000 -256.200043 -248.099991
v -291.000000 -256.700043 -249.599991
v -291.000000 -261.700043 -249.599991
v -291.000000 -261.700043 -247.999985
v -291.000000 -261.700043 -246.999985
v -291.000000 -256.900024 -246.599991
v -317.500000 -256.200043 -247.699982
v -312.700012 -256.200043 -247.699982
v -312.700012 -256.200043 -246.499985
v -317.500000 -256.200043 -246.499985
v -311.600006 -260.100037 -251.399994
v -317.800018 -260.100037 -251.399994
v -317.800018 -257.300049 -251.399994
v -317.500000 -257.300049 -251.399994
v -312.200012 -257.300049 -251.399994
v -311.600006 -257.300049 -251.399994
v -310.200012 -263.100037 -238.499985
v -310.200012 -265.700043 -238.499985
v -313.399994 -265.700043 -238.499985
v -313.399994 -263.100037 -238.499985
v -313.399994 -261.700043 -238.499985
v -310.200012 -261.700043 -238.499985
v -297.399994 -263.100037 -238.499985
v -297.399994 -265.700043 -238.499985
v -300.600006 -265.700043 -238.499985
v -300.600006 -263.100037 -238.499985
v -300.600006 -261.700043 -238.499985
v -297.399994 -261.700043 -238.499985
v -318.100006 -256.800049 -241.299988
v -312.200012 -256.800049 -241.299988
v -311.399994 -256.800049 -241.299988
v -305.399994 -256.800049 -241.299988
v -305.399994 -256.900024 -240.699982
v -319.500000 -256.900024 -240.699982
v -319.500000 -256.800049 -241.299988
v -291.300018 -256.900024 -240.699982
v -305.399994 -256.900024 -240.699982
v -305.399994 -256.800049 -241.299988
v -291.300018 -256.800049 -241.299988
v -291.000000 -256.800049 -241.299988
v -291.000000 -256.900024 -240.699982
v -319.800018 -256.800049 -241.299988
v -319.500000 -256.800049 -241.299988
v -319.500000 -256.900024 -240.699982
v -319.800018 -256.900024 -240.699982
v -305.000000 -270.700043 -241.999985
v -305.000000 -271.200043 -248.099991
v -305.399994 -271.200043 -248.099991
v -305.399994 -270.700043 -241.999985
v -317.800018 -271.200043 -248.099991
v -319.500000 -271.200043 -248.099991
v -319.500000 -270.700043 -241.999985
v -317.800018 -270.700043 -241.999985
v -311.399994 -270.700043 -241.999985
v -311.399994 -271.200043 -248.099991
v -312.200012 -271.200043 -248.099991
v -312.200012 -270.700043 -241.999985
v -305.399994 -270.700043 -241.999985
v -305.399994 -271.200043 -248.099991
v -305.800018 -271.200043 -248.099991
v -305.800018 -270.700043 -241.999985
v -298.600006 -270.700043 -241.999985
v -298.600006 -271.200043 -248.099991
v -299.399994 -271.200043 -248.099991
v -299.399994 -270.700043 -241.999985
v -291.300018 -271.200043 -248.099991
v -293.000000 -271.200043 -248.099991
v -293.000000 -270.700043 -241.999985
v -291.300018 -270.700043 -241.999985
v -319.500000 -271.200043 -248.099991
v -319.500000 -271.100037 -246.599991
v -319.500000 -270.700043 -241.999985
v -291.300018 -271.100037 -246.599991
v -291.300018 -271.200043 -248.099991
v -291.300018 -270.700043 -241.999985
v -291.000000 -271.100037 -246.599991
v -291.300018 -271.100037 -246.599991
v -291.300018 -270.700043 -241.999985
v -291.000000 -270.700043 -241.999985
v -291.000000 -271.200043 -248.099991
v -291.300018 -271.200043 -248.099991
v -291.300018 -271.100037 -246.599991
v -291.000000 -271.100037 -246.599991
v -319.500000 -271.200043 -248.099991
v -319.800018 -271.200043 -248.099991
v -319.800018 -271.100037 -246.599991
v -319.500000 -271.100037 -246.599991
v -319.500000 -271.100037 -246.599991
v -319.800018 -271.100037 -246.599991
v -319.800018 -270.700043 -241.999985
v -319.500000 -270.700043 -241.999985
v -305.399994 -270.500031 -240.699982
v -305.399994 -270.600037 -241.299988
v -319.500000 -270.600037 -241.299988
v -319.500000 -270.500031 -240.699982
v -305.399994 -270.600037 -241.299988
v -305.399994 -270.500031 -240.699982
v -291.000000 -270.500031 -240.699982
v -291.000000 -270.600037 -241.299988
v -319.500000 -270.600037 -241.299988
v -319.800018 -270.600037 -241.299988
v -319.800018 -270.500031 -240.699982
v -319.500000 -270.500031 -240.699982
v -291.300018 -257.900024 -239.899994
v -305.399994 -257.900024 -239.899994
v -305.399994 -256.900024 -240.699982
v -291.300018 -256.900024 -240.699982
v -319.500000 -256.900024 -240.699982
v -305.399994 -256.900024 -240.699982
v -305.399994 -257.900024 -239.899994
v -319.500000 -257.900024 -239.899994
v -305.399994 -269.100037 -239.599991
v -305.399994 -269.500031 -239.899994
v -319.500000 -269.500031 -239.899994
v -319.500000 -269.100037 -239.599991
v -305.399994 -269.500031 -239.899994
v -305.399994 -269.100037 -239.599991
v -291.300018 -269.100037 -239.599991
v -291.000000 -269.100037 -239.599991
v -291.000000 -269.500031 -239.899994
v -319.500000 -269.500031 -239.899994
v -319.800018 -269.500031 -239.899994
v -319.800018 -269.100037 -239.599991
v -319.500000 -269.100037 -239.599991
v -305.399994 -258.300049 -239.599991
v -305.399994 -257.900024 -239.899994
v -291.300018 -257.900024 -239.899994
v -291.300018 -258.300049 -239.599991
v -319.500000 -258.300049 -239.599991
v -319.500000 -257.900024 -239.899994
v -305.399994 -257.900024 -239.899994
v -305.399994 -258.300049 -239.599991
v -319.500000 -258.300049 -239.599991
v -319.800018 -258.300049 -239.599991
v -319.800018 -256.900024 -240.699982
v -319.500000 -256.900024 -240.699982
v -291.000000 -258.300049 -239.599991
v -291.300018 -258.300049 -239.599991
v -291.300018 -256.900024 -240.699982
v -291.000000 -256.900024 -240.699982
v -312.200012 -256.800049 -241.299988
v -312.200012 -256.700043 -241.999985
v -311.399994 -256.700043 -241.999985
v -311.399994 -256.800049 -241.299988
v -318.100006 -256.800049 -241.299988
v -318.100006 -256.700043 -241.999985
v -317.899994 -256.700043 -241.999985
v -317.500000 -256.700043 -241.999985
v -312.700012 -256.700043 -241.999985
v -312.200012 -256.700043 -241.999985
v -312.200012 -256.800049 -241.299988
v -319.500000 -256.700043 -241.999985
v -318.100006 -256.700043 -241.999985
v -318.100006 -256.800049 -241.299988
v -319.500000 -256.800049 -241.299988
v -305.399994 -256.800049 -241.299988
v -305.399994 -256.700043 -241.999985
v -305.000000 -256.700043 -241.999985
v -299.399994 -256.700043 -241.999985
v -298.600006 -256.700043 -241.999985
v -293.000000 -256.700043 -241.999985
v -291.300018 -256.700043 -241.999985
v -291.300018 -256.800049 -241.299988
v -311.399994 -256.800049 -241.299988
v -311.399994 -256.700043 -241.999985
v -305.800018 -256.700043 -241.999985
v -305.399994 -256.700043 -241.999985
v -305.399994 -256.800049 -241.299988
v -319.500000 -269.500031 -239.899994
v -305.399994 -269.500031 -239.899994
v -305.399994 -270.500031 -240.699982
v -319.500000 -270.500031 -240.699982
v -305.399994 -270.500031 -240.699982
v -305.399994 -269.500031 -239.899994
v -291.000000 -269.500031 -239.899994
v -291.000000 -270.500031 -240.699982
v -319.800018 -269.500031 -239.899994
v -319.500000 -269.500031 -239.899994
v -319.500000 -270.500031 -240.699982
v -319.800018 -270.500031 -240.699982
v -312.700012 -256.200043 -248.099991
v -312.700012 -257.100037 -250.899994
v -312.200012 -257.100037 -250.899994
v -312.200012 -256.200043 -248.099991
v -305.399994 -270.600037 -241.299988
v -305.399994 -270.700043 -241.999985
v -305.800018 -270.700043 -241.999985
v -311.399994 -270.700043 -241.999985
v -312.200012 -270.700043 -241.999985
v -317.800018 -270.700043 -241.999985
v -319.500000 -270.700043 -241.999985
v -319.500000 -270.600037 -241.299988
v -291.300018 -270.700043 -241.999985
v -293.000000 -270.700043 -241.999985
v -298.600006 -270.700043 -241.999985
v -299.399994 -270.700043 -241.999985
v -305.000000 -270.700043 -241.999985
v -305.399994 -270.700043 -241.999985
v -305.399994 -270.600037 -241.299988
v -291.000000 -270.600037 -241.299988
v -291.000000 -270.700043 -241.999985
v -319.500000 -270.700043 -241.999985
v -319.800018 -270.700043 -241.999985
v -319.800018 -270.600037 -241.299988
v -319.500000 -270.600037 -241.299988
v -319.500000 -271.200043 -248.099991
v -317.800018 -271.200043 -248.099991
v -312.200012 -271.200043 -248.099991
v -311.399994 -271.200043 -248.099991
v -305.800018 -271.200043 -248.099991
v -305.399994 -271.200043 -248.099991
v -305.399994 -270.100037 -251.399994
v -319.800018 -270.100037 -251.399994
v -319.800018 -270.700043 -249.599991
v -319.800018 -271.200043 -248.099991
v -291.300018 -270.100037 -251.399994
v -297.399994 -270.100037 -251.399994
v -305.399994 -270.100037 -251.399994
v -305.399994 -271.200043 -248.099991
v -305.000000 -271.200043 -248.099991
v -299.399994 -271.200043 -248.099991
v -298.600006 -271.200043 -248.099991
v -293.000000 -271.200043 -248.099991
v -291.300018 -271.200043 -248.099991
v -291.000000 -271.200043 -248.099991
v -291.000000 -270.700043 -249.599991
v -291.000000 -270.100037 -251.399994
v -293.000000 -270.900024 -248.099991
v -291.300018 -270.900024 -248.099991
v -291.300018 -270.300049 -241.999985
v -293.000000 -270.300049 -241.999985
v -299.399994 -270.900024 -248.099991
v -298.600006 -270.900024 -248.099991
v -298.600006 -270.300049 -241.999985
v -299.399994 -270.300049 -241.999985
v -305.800018 -270.300049 -241.999985
v -305.800018 -270.900024 -248.099991
v -305.000000 -270.900024 -248.099991
v -305.000000 -270.300049 -241.999985
v -312.200012 -270.900024 -248.099991
v -311.399994 -270.900024 -248.099991
v -311.399994 -270.300049 -241.999985
v -312.200012 -270.300049 -241.999985
v -319.500000 -270.900024 -248.099991
v -317.800018 -270.900024 -248.099991
v -317.800018 -270.300049 -241.999985
v -319.500000 -270.300049 -241.999985
v -297.100006 -270.900024 -248.099991
v -298.600006 -270.900024 -248.099991
v -299.399994 -270.900024 -248.099991
v -305.000000 -270.900024 -248.099991
v -305.800018 -270.900024 -248.099991
v -311.399994 -270.900024 -248.099991
v -312.200012 -270.900024 -248.099991
v -317.800018 -270.900024 -248.099991
v -319.500000 -270.900024 -248.099991
v -319.500000 -270.100037 -250.899994
v -297.100006 -270.100037 -250.899994
v -291.300018 -270.100037 -250.899994
v -291.300018 -270.900024 -248.099991
v -293.000000 -270.900024 -248.099991
v -297.100006 -270.900024 -248.099991
v -297.100006 -270.100037 -250.899994
v -319.500000 -270.200043 -241.099991
v -319.500000 -270.300049 -241.999985
v -317.800018 -270.300049 -241.999985
v -312.200012 -270.300049 -241.999985
v -311.399994 -270.300049 -241.999985
v -305.800018 -270.300049 -241.999985
v -305.000000 -270.300049 -241.999985
v -299.399994 -270.300049 -241.999985
v -298.600006 -270.300049 -241.999985
v -297.100006 -270.300049 -241.999985
v -297.100006 -270.200043 -241.099991
v -297.100006 -270.300049 -241.999985
v -293.000000 -270.300049 -241.999985
v -291.300018 -270.300049 -241.999985
v -291.300018 -270.200043 -241.099991
v -297.100006 -270.200043 -241.099991
v -291.300018 -256.900024 -246.599991
v -291.300018 -256.648041 -246.599991
v -291.300018 -257.100037 -241.999985
v -291.300018 -257.178040 -241.299988
v -291.300018 -257.200043 -241.299988
v -291.300018 -257.500031 -241.299988
v -291.300018 -258.900024 -241.099991
v -291.300018 -258.900024 -241.299988
v -291.300018 -257.500031 -241.299988
v -291.300018 -257.200043 -241.299988
v -291.300018 -257.200043 -241.099991
v -291.300018 -268.500031 -239.899994
v -291.300018 -268.500031 -241.099991
v -291.300018 -268.500031 -241.299988
v -291.300018 -258.900024 -241.299988
v -291.300018 -258.900024 -241.099991
v -291.300018 -258.900024 -239.899994
v -291.300018 -263.700043 -239.366974
v -291.300018 -269.900024 -241.299988
v -291.300018 -268.500031 -241.299988
v -291.300018 -268.500031 -241.099991
v -291.300018 -270.200043 -241.099991
v -291.300018 -270.200043 -241.299988
v -291.300018 -263.700043 -239.099991
v -291.300018 -263.940033 -239.339981
v -291.300018 -263.700043 -239.366974
v -291.300018 -263.460052 -239.339981
v -291.300018 -270.200043 -241.299988
v -291.300018 -270.222046 -241.299988
v -291.300018 -270.300049 -241.999985
v -291.300018 -270.752045 -246.599991
v -291.300018 -270.300049 -246.599991
v -291.300018 -269.900024 -241.299988
v -291.300018 -265.700043 -247.999985
v -291.300018 -265.700043 -246.999985
v -291.300018 -270.300049 -246.599991
v -291.300018 -270.752045 -246.599991
v -291.300018 -270.900024 -248.099991
v -291.300018 -270.471039 -249.599991
v -291.300018 -265.700043 -249.599991
v -291.300018 -261.700043 -249.599991
v -291.300018 -261.700043 -247.999985
v -291.300018 -265.700043 -247.999985
v -291.300018 -265.700043 -249.599991
v -291.300018 -263.700043 -250.899994
v -291.300018 -257.300049 -250.899994
v -291.300018 -256.929047 -249.599991
v -291.300018 -261.700043 -249.599991
v -291.300018 -265.700043 -249.599991
v -291.300018 -270.471039 -249.599991
v -291.300018 -270.100037 -250.899994
v -291.300018 -256.500031 -248.099991
v -291.300018 -256.648041 -246.599991
v -291.300018 -256.900024 -246.599991
v -291.300018 -261.700043 -246.999985
v -291.300018 -261.700043 -247.999985
v -291.300018 -261.700043 -249.599991
v -291.300018 -256.929047 -249.599991
v -291.300018 -256.200043 -248.099991
v -291.300018 -256.300049 -246.599991
v -291.300018 -256.475037 -244.744980
v -291.300018 -256.700043 -241.999985
v -291.300018 -256.475037 -244.744980
v -291.300018 -256.800049 -241.299988
v -291.300018 -257.500031 -241.299988
v -291.300018 -258.900024 -241.299988
v -291.300018 -268.500031 -241.299988
v -291.300018 -269.900024 -241.299988
v -291.000000 -269.900024 -241.299988
v -291.000000 -257.500031 -241.299988
v -291.000000 -263.700043 -239.099991
v -291.300018 -263.700043 -239.099991
v -291.300018 -258.300049 -239.599991
v -291.000000 -258.300049 -239.599991
v -291.000000 -269.100037 -239.599991
v -291.300018 -269.100037 -239.599991
v -291.300018 -263.700043 -239.099991
v -291.000000 -263.700043 -239.099991
v -291.300018 -261.700043 -247.999985
v -291.300018 -261.700043 -246.999985
v -291.000000 -261.700043 -246.999985
v -291.000000 -261.700043 -247.999985
v -291.300018 -256.475037 -244.744980
v -291.300018 -256.300049 -246.599991
v -291.000000 -256.300049 -246.599991
v -291.000000 -256.800049 -241.299988
v -291.300018 -256.800049 -241.299988
v -291.300018 -256.200043 -248.099991
v -291.000000 -256.200043 -248.099991
v -291.000000 -256.300049 -246.599991
v -291.300018 -256.300049 -246.599991
v -291.300018 -257.300049 -251.399994
v -291.000000 -257.300049 -251.399994
v -291.000000 -256.700043 -249.599991
v -291.000000 -256.200043 -248.099991
v -291.300018 -256.200043 -248.099991
v -291.000000 -261.700043 -246.999985
v -291.300018 -261.700043 -246.999985
v -291.300018 -256.900024 -246.599991
v -291.000000 -256.900024 -246.599991
v -291.000000 -256.900024 -246.599991
v -291.300018 -256.900024 -246.599991
v -291.300018 -257.500031 -241.299988
v -291.000000 -257.500031 -241.299988
v -291.000000 -265.700043 -247.999985
v -291.300018 -265.700043 -247.999985
v -291.300018 -261.700043 -247.999985
v -291.000000 -261.700043 -247.999985
v -291.000000 -265.700043 -247.999985
v -291.000000 -265.700043 -246.999985
v -291.300018 -265.700043 -246.999985
v -291.300018 -265.700043 -247.999985
v -291.300018 -270.300049 -246.599991
v -291.000000 -270.300049 -246.599991
v -291.000000 -269.900024 -241.299988
v -291.300018 -269.900024 -241.299988
v -291.000000 -270.300049 -246.599991
v -291.300018 -270.300049 -246.599991
v -291.300018 -265.700043 -246.999985
v -291.000000 -265.700043 -246.999985
v -319.500000 -256.734039 -241.999985
v -319.500000 -256.700043 -241.999985
v -319.500000 -256.800049 -241.299988
v -319.500000 -256.475037 -244.744980
v -319.500000 -256.700043 -241.999985
v -319.500000 -256.734039 -241.999985
v -319.500000 -257.200043 -241.299988
v -319.500000 -257.178040 -241.299988
v -319.500000 -257.100037 -241.999985
v -319.500000 -256.648041 -246.599991
v -319.500000 -256.900024 -246.599991
v -319.500000 -257.500031 -241.299988
v -319.500000 -268.500031 -241.099991
v -319.500000 -268.500031 -241.299988
v -319.500000 -269.900024 -241.299988
v -319.500000 -270.200043 -241.299988
v -319.500000 -270.200043 -241.099991
v -319.500000 -263.700043 -239.099991
v -319.500000 -263.460052 -239.339981
v -319.500000 -263.700043 -239.366974
v -319.500000 -263.940033 -239.339981
v -319.500000 -257.200043 -241.099991
v -319.500000 -257.200043 -241.299988
v -319.500000 -257.500031 -241.299988
v -319.500000 -258.900024 -241.299988
v -319.500000 -258.900024 -241.099991
v -319.500000 -258.900024 -239.899994
v -319.500000 -258.900024 -241.099991
v -319.500000 -258.900024 -241.299988
v -319.500000 -268.500031 -241.299988
v -319.500000 -268.500031 -241.099991
v -319.500000 -268.500031 -239.899994
v -319.500000 -263.700043 -239.366974
v -319.500000 -270.300049 -246.599991
v -319.500000 -270.752045 -246.599991
v -319.500000 -270.300049 -241.999985
v -319.500000 -270.222046 -241.299988
v -319.500000 -270.200043 -241.299988
v -319.500000 -269.900024 -241.299988
v -319.500000 -270.900024 -248.099991
v -319.500000 -270.752045 -246.599991
v -319.500000 -270.300049 -246.599991
v -319.500000 -265.700043 -246.999985
v -319.500000 -265.700043 -247.999985
v -319.500000 -265.700043 -249.599991
v -319.500000 -270.471039 -249.599991
v -319.500000 -265.700043 -249.599991
v -319.500000 -265.700043 -247.999985
v -319.500000 -261.700043 -247.999985
v -319.500000 -261.700043 -249.599991
v -319.500000 -265.700043 -249.599991
v -319.500000 -261.700043 -249.599991
v -319.500000 -256.929047 -249.599991
v -319.500000 -257.300049 -250.899994
v -319.500000 -263.700043 -250.899994
v -319.500000 -270.100037 -250.899994
v -319.500000 -270.471039 -249.599991
v -319.500000 -256.300049 -246.599991
v -319.500000 -256.200043 -248.099991
v -319.500000 -256.475037 -244.744980
v -319.500000 -256.500031 -248.099991
v -319.500000 -256.929047 -249.599991
v -319.500000 -261.700043 -249.599991
v -319.500000 -261.700043 -247.999985
v -319.500000 -261.700043 -246.999985
v -319.500000 -256.900024 -246.599991
v -319.500000 -256.648041 -246.599991
v -293.000000 -256.700043 -241.999985
v -298.600006 -256.700043 -241.999985
v -298.600006 -257.100037 -241.999985
v -293.000000 -257.100037 -241.999985
v -299.399994 -256.700043 -241.999985
v -305.000000 -256.700043 -241.999985
v -305.000000 -257.100037 -241.999985
v -299.399994 -257.100037 -241.999985
v -311.399994 -256.700043 -241.999985
v -311.399994 -257.100037 -241.999985
v -305.800018 -257.100037 -241.999985
v -305.800018 -256.700043 -241.999985
v -300.600006 -261.700043 -240.099991
v -297.399994 -261.700043 -240.099991
v -297.399994 -261.700043 -239.588974
v -300.600006 -261.700043 -239.588974
v -297.399994 -261.700043 -239.285004
v -297.399994 -261.700043 -238.499985
v -300.600006 -261.700043 -238.499985
v -300.600006 -261.700043 -239.285004
v -313.399994 -261.700043 -240.099991
v -310.200012 -261.700043 -240.099991
v -310.200012 -261.700043 -239.588974
v -313.399994 -261.700043 -239.588974
v -310.200012 -261.700043 -239.285004
v -310.200012 -261.700043 -238.499985
v -313.399994 -261.700043 -238.499985
v -313.399994 -261.700043 -239.285004
v -291.300018 -258.900024 -239.899994
v -294.860016 -258.900024 -239.899994
v -305.399994 -258.900024 -239.899994
v -305.399994 -261.700043 -239.588974
v -300.600006 -261.700043 -239.588974
v -297.399994 -261.700043 -239.588974
v -291.300018 -261.700043 -239.588974
v -313.399994 -261.700043 -239.588974
v -310.200012 -261.700043 -239.588974
v -305.399994 -261.700043 -239.588974
v -305.399994 -258.900024 -239.899994
v -319.500000 -258.900024 -239.899994
v -319.500000 -261.700043 -239.588974
v -294.860016 -258.900024 -241.099991
v -297.100006 -258.900024 -241.099991
v -319.500000 -258.900024 -241.099991
v -319.500000 -258.900024 -239.899994
v -305.399994 -258.900024 -239.899994
v -294.860016 -258.900024 -239.899994
v -291.300018 -258.900024 -241.099991
v -294.860016 -258.900024 -241.099991
v -294.860016 -258.900024 -239.899994
v -291.300018 -258.900024 -239.899994
v -297.100006 -257.200043 -241.099991
v -311.399994 -257.200043 -241.099991
v -319.500000 -257.200043 -241.099991
v -319.500000 -258.900024 -241.099991
v -297.100006 -258.900024 -241.099991
v -291.300018 -257.200043 -241.099991
v -297.100006 -257.200043 -241.099991
v -297.100006 -258.900024 -241.099991
v -294.860016 -258.900024 -241.099991
v -291.300018 -258.900024 -241.099991
v -318.200012 -257.400024 -241.299988
v -318.200012 -257.400024 -241.799988
v -319.200012 -257.400024 -241.799988
v -319.200012 -257.400024 -241.299988
v -319.200012 -257.200043 -241.299988
v -319.200012 -257.200043 -241.799988
v -318.200012 -257.200043 -241.799988
v -318.200012 -257.200043 -241.299988
v -293.000000 -257.100037 -241.999985
v -298.600006 -257.100037 -241.999985
v -299.399994 -257.100037 -241.999985
v -305.000000 -257.100037 -241.999985
v -305.800018 -257.100037 -241.999985
v -311.399994 -257.100037 -241.999985
v -311.399994 -257.200043 -241.099991
v -297.100006 -257.200043 -241.099991
v -291.300018 -257.200043 -241.099991
v -291.300018 -257.100037 -241.999985
v -312.700012 -257.100037 -241.999985
v -317.500000 -257.100037 -241.999985
v -319.500000 -257.100037 -241.999985
v -319.500000 -257.200043 -241.099991
v -311.399994 -257.200043 -241.099991
v -311.399994 -257.100037 -241.999985
v -318.200012 -257.200043 -241.299988
v -318.200012 -257.200043 -241.799988
v -318.200012 -257.400024 -241.799988
v -318.200012 -257.400024 -241.299988
v -319.200012 -257.400024 -241.299988
v -319.200012 -257.400024 -241.799988
v -319.200012 -257.200043 -241.799988
v -319.200012 -257.200043 -241.299988
v -319.200012 -257.200043 -241.799988
v -319.200012 -257.400024 -241.799988
v -318.200012 -257.400024 -241.799988
v -318.200012 -257.200043 -241.799988
v -319.200012 -257.400024 -241.299988
v -319.200012 -257.200043 -241.299988
v -318.200012 -257.200043 -241.299988
v -318.200012 -257.400024 -241.299988
v -305.399994 -258.300049 -239.599991
v -305.399994 -261.700043 -239.285004
v -310.200012 -261.700043 -239.285004
v -313.399994 -261.700043 -239.285004
v -319.500000 -261.700043 -239.285004
v -319.500000 -258.300049 -239.599991
v -297.399994 -261.700043 -239.285004
v -300.600006 -261.700043 -239.285004
v -305.399994 -261.700043 -239.285004
v -305.399994 -258.300049 -239.599991
v -291.300018 -258.300049 -239.599991
v -291.300018 -261.700043 -239.285004
v -300.600006 -265.700043 -239.285004
v -300.600006 -265.700043 -238.499985
v -297.399994 -265.700043 -238.499985
v -297.399994 -265.700043 -239.285004
v -297.399994 -265.700043 -240.099991
v -300.600006 -265.700043 -240.099991
v -300.600006 -265.700043 -239.588974
v -297.399994 -265.700043 -239.588974
v -313.399994 -265.700043 -239.285004
v -313.399994 -265.700043 -238.499985
v -310.200012 -265.700043 -238.499985
v -310.200012 -265.700043 -239.285004
v -310.200012 -265.700043 -240.099991
v -313.399994 -265.700043 -240.099991
v -313.399994 -265.700043 -239.588974
v -310.200012 -265.700043 -239.588974
v -310.200012 -261.700043 -239.285004
v -310.200012 -263.700043 -239.099991
v -310.200012 -263.100037 -238.499985
v -310.200012 -261.700043 -238.499985
v -310.200012 -261.700043 -239.588974
v -310.200012 -261.700043 -240.099991
v -310.200012 -265.700043 -240.099991
v -310.200012 -265.700043 -239.588974
v -310.200012 -263.700043 -239.366974
v -310.200012 -263.460052 -239.339981
v -310.200012 -263.700043 -239.366974
v -310.200012 -263.940033 -239.339981
v -310.200012 -263.700043 -239.099991
v -310.200012 -265.700043 -239.285004
v -310.200012 -265.700043 -238.499985
v -310.200012 -263.100037 -238.499985
v -310.200012 -263.700043 -239.099991
v -300.600006 -261.700043 -239.285004
v -300.600006 -261.700043 -238.499985
v -300.600006 -263.100037 -238.499985
v -300.600006 -263.700043 -239.099991
v -300.600006 -265.700043 -239.588974
v -300.600006 -265.700043 -240.099991
v -300.600006 -261.700043 -240.099991
v -300.600006 -261.700043 -239.588974
v -300.600006 -263.700043 -239.366974
v -300.600006 -263.700043 -239.366974
v -300.600006 -263.460052 -239.339981
v -300.600006 -263.700043 -239.099991
v -300.600006 -263.940033 -239.339981
v -300.600006 -265.700043 -238.499985
v -300.600006 -265.700043 -239.285004
v -300.600006 -263.700043 -239.099991
v -300.600006 -263.100037 -238.499985
v -297.399994 -261.700043 -239.285004
v -297.399994 -263.700043 -239.099991
v -297.399994 -263.100037 -238.499985
v -297.399994 -261.700043 -238.499985
v -297.399994 -261.700043 -239.588974
v -297.399994 -261.700043 -240.099991
v -297.399994 -265.700043 -240.099991
v -297.399994 -265.700043 -239.588974
v -297.399994 -263.700043 -239.366974
v -297.399994 -263.460052 -239.339981
v -297.399994 -263.700043 -239.366974
v -297.399994 -263.940033 -239.339981
v -297.399994 -263.700043 -239.099991
v -297.399994 -265.700043 -239.285004
v -297.399994 -265.700043 -238.499985
v -297.399994 -263.100037 -238.499985
v -297.399994 -263.700043 -239.099991
v -291.399994 -264.000031 -239.399994
v -291.300018 -264.000031 -239.399994
v -291.300018 -263.940033 -239.339981
v -291.300018 -263.700043 -239.099991
v -291.399994 -263.700043 -239.099991
v -297.399994 -263.940033 -239.339981
v -297.399994 -264.000031 -239.399994
v -297.300018 -264.000031 -239.399994
v -297.300018 -263.700043 -239.099991
v -297.399994 -263.700043 -239.099991
v -297.399994 -263.700043 -239.099991
v -297.300018 -263.700043 -239.099991
v -291.399994 -263.700043 -239.099991
v -291.300018 -263.700043 -239.099991
v -291.300018 -265.700043 -239.285004
v -297.399994 -265.700043 -239.285004
v -297.399994 -265.700043 -239.588974
v -291.300018 -265.700043 -239.588974
v -291.300018 -264.000031 -239.399994
v -291.399994 -264.000031 -239.399994
v -297.300018 -264.000031 -239.399994
v -297.399994 -264.000031 -239.399994
v -291.399994 -264.000031 -239.699982
v -297.300018 -264.000031 -239.699982
v -297.300018 -264.000031 -239.399994
v -291.399994 -264.000031 -239.399994
v -291.399994 -263.400024 -239.699982
v -297.300018 -263.400024 -239.699982
v -297.300018 -264.000031 -239.699982
v -291.399994 -264.000031 -239.699982
v -297.399994 -261.700043 -239.285004
v -291.300018 -261.700043 -239.285004
v -291.300018 -263.700043 -239.099991
v -291.399994 -263.700043 -239.099991
v -297.300018 -263.700043 -239.099991
v -297.399994 -263.700043 -239.099991
v -297.300018 -263.400024 -239.399994
v -297.300018 -263.400024 -239.699982
v -291.399994 -263.400024 -239.699982
v -291.399994 -263.400024 -239.399994
v -297.399994 -263.400024 -239.399994
v -297.300018 -263.400024 -239.399994
v -291.399994 -263.400024 -239.399994
v -291.300018 -263.400024 -239.399994
v -291.300018 -261.700043 -239.588974
v -297.399994 -261.700043 -239.588974
v -297.300018 -263.400024 -239.699982
v -297.300018 -263.400024 -239.399994
v -297.300018 -263.700043 -239.099991
v -297.300018 -264.000031 -239.399994
v -297.300018 -264.000031 -239.699982
v -291.399994 -263.400024 -239.399994
v -291.399994 -263.400024 -239.699982
v -291.399994 -264.000031 -239.699982
v -291.399994 -264.000031 -239.399994
v -291.399994 -263.700043 -239.099991
v -291.300018 -263.700043 -239.099991
v -291.300018 -263.460052 -239.339981
v -291.300018 -263.400024 -239.399994
v -291.399994 -263.400024 -239.399994
v -291.399994 -263.700043 -239.099991
v -297.300018 -263.400024 -239.399994
v -297.399994 -263.400024 -239.399994
v -297.399994 -263.460052 -239.339981
v -297.399994 -263.700043 -239.099991
v -297.300018 -263.700043 -239.099991
v -297.399994 -261.700043 -240.099991
v -300.600006 -261.700043 -240.099991
v -300.600006 -265.700043 -240.099991
v -297.399994 -265.700043 -240.099991
v -310.100006 -263.400024 -239.699982
v -310.100006 -264.000031 -239.699982
v -300.700012 -264.000031 -239.699982
v -300.700012 -263.400024 -239.699982
v -300.700012 -264.000031 -239.399994
v -300.600006 -264.000031 -239.399994
v -300.600006 -263.940033 -239.339981
v -300.600006 -263.700043 -239.099991
v -300.700012 -263.700043 -239.099991
v -310.200012 -263.940033 -239.339981
v -310.200012 -264.000031 -239.399994
v -310.100006 -264.000031 -239.399994
v -310.100006 -263.700043 -239.099991
v -310.200012 -263.700043 -239.099991
v -310.100006 -263.700043 -239.099991
v -305.399994 -263.700043 -239.099991
v -305.399994 -265.700043 -239.285004
v -310.200012 -265.700043 -239.285004
v -310.200012 -263.700043 -239.099991
v -305.399994 -265.700043 -239.285004
v -305.399994 -263.700043 -239.099991
v -300.700012 -263.700043 -239.099991
v -300.600006 -263.700043 -239.099991
v -300.600006 -265.700043 -239.285004
v -300.700012 -264.000031 -239.399994
v -305.399994 -264.000031 -239.399994
v -305.399994 -265.700043 -239.588974
v -300.600006 -265.700043 -239.588974
v -300.600006 -264.000031 -239.399994
v -310.200012 -265.700043 -239.588974
v -305.399994 -265.700043 -239.588974
v -305.399994 -264.000031 -239.399994
v -310.100006 -264.000031 -239.399994
v -310.200012 -264.000031 -239.399994
v -305.399994 -264.000031 -239.399994
v -300.700012 -264.000031 -239.399994
v -300.700012 -264.000031 -239.699982
v -310.100006 -264.000031 -239.699982
v -310.100006 -264.000031 -239.399994
v -300.600006 -263.460052 -239.339981
v -300.600006 -263.400024 -239.399994
v -300.700012 -263.400024 -239.399994
v -300.700012 -263.700043 -239.099991
v -300.600006 -263.700043 -239.099991
v -310.100006 -263.400024 -239.399994
v -310.200012 -263.400024 -239.399994
v -310.200012 -263.460052 -239.339981
v -310.200012 -263.700043 -239.099991
v -310.100006 -263.700043 -239.099991
v -305.399994 -261.700043 -239.285004
v -305.399994 -263.700043 -239.099991
v -310.100006 -263.700043 -239.099991
v -310.200012 -263.700043 -239.099991
v -310.200012 -261.700043 -239.285004
v -300.700012 -263.700043 -239.099991
v -305.399994 -263.700043 -239.099991
v -305.399994 -261.700043 -239.285004
v -300.600006 -261.700043 -239.285004
v -300.600006 -263.700043 -239.099991
v -305.399994 -261.700043 -239.588974
v -305.399994 -263.400024 -239.399994
v -300.700012 -263.400024 -239.399994
v -300.600006 -263.400024 -239.399994
v -300.600006 -261.700043 -239.588974
v -310.100006 -263.400024 -239.399994
v -305.399994 -263.400024 -239.399994
v -305.399994 -261.700043 -239.588974
v -310.200012 -261.700043 -239.588974
v -310.200012 -263.400024 -239.399994
v -310.100006 -263.400024 -239.699982
v -310.100006 -263.400024 -239.399994
v -310.100006 -263.700043 -239.099991
v -310.100006 -264.000031 -239.399994
v -310.100006 -264.000031 -239.699982
v -300.700012 -263.400024 -239.399994
v -300.700012 -263.400024 -239.699982
v -300.700012 -264.000031 -239.699982
v -300.700012 -264.000031 -239.399994
v -300.700012 -263.700043 -239.099991
v -305.399994 -263.400024 -239.399994
v -310.100006 -263.400024 -239.399994
v -310.100006 -263.400024 -239.699982
v -300.700012 -263.400024 -239.699982
v -300.700012 -263.400024 -239.399994
v -313.399994 -261.700043 -239.285004
v -313.399994 -261.700043 -238.499985
v -313.399994 -263.100037 -238.499985
v -313.399994 -263.700043 -239.099991
v -313.399994 -265.700043 -239.588974
v -313.399994 -265.700043 -240.099991
v -313.399994 -261.700043 -240.099991
v -313.399994 -261.700043 -239.588974
v -313.399994 -263.700043 -239.366974
v -313.399994 -263.700043 -239.366974
v -313.399994 -263.460052 -239.339981
v -313.399994 -263.700043 -239.099991
v -313.399994 -263.940033 -239.339981
v -313.399994 -265.700043 -238.499985
v -313.399994 -265.700043 -239.285004
v -313.399994 -263.700043 -239.099991
v -313.399994 -263.100037 -238.499985
v -310.200012 -261.700043 -240.099991
v -313.399994 -261.700043 -240.099991
v -313.399994 -265.700043 -240.099991
v -310.200012 -265.700043 -240.099991
v -313.500000 -264.000031 -239.699982
v -313.500000 -263.400024 -239.699982
v -319.399994 -263.400024 -239.699982
v -319.399994 -264.000031 -239.699982
v -319.500000 -263.700043 -239.099991
v -319.500000 -263.940033 -239.339981
v -319.500000 -264.000031 -239.399994
v -319.399994 -264.000031 -239.399994
v -319.399994 -263.700043 -239.099991
v -313.500000 -264.000031 -239.399994
v -313.399994 -264.000031 -239.399994
v -313.399994 -263.940033 -239.339981
v -313.399994 -263.700043 -239.099991
v -313.500000 -263.700043 -239.099991
v -313.399994 -265.700043 -239.285004
v -319.500000 -265.700043 -239.285004
v -319.500000 -263.700043 -239.099991
v -319.399994 -263.700043 -239.099991
v -313.500000 -263.700043 -239.099991
v -313.399994 -263.700043 -239.099991
v -313.500000 -264.000031 -239.399994
v -319.399994 -264.000031 -239.399994
v -319.500000 -264.000031 -239.399994
v -319.500000 -265.700043 -239.588974
v -313.399994 -265.700043 -239.588974
v -313.399994 -264.000031 -239.399994
v -313.399994 -263.700043 -239.099991
v -313.500000 -263.700043 -239.099991
v -319.399994 -263.700043 -239.099991
v -319.500000 -263.700043 -239.099991
v -319.500000 -261.700043 -239.285004
v -313.399994 -261.700043 -239.285004
v -319.399994 -263.400024 -239.699982
v -313.500000 -263.400024 -239.699982
v -313.500000 -263.400024 -239.399994
v -319.399994 -263.400024 -239.399994
v -313.399994 -261.700043 -239.588974
v -319.500000 -261.700043 -239.588974
v -319.500000 -263.400024 -239.399994
v -319.399994 -263.400024 -239.399994
v -313.500000 -263.400024 -239.399994
v -313.399994 -263.400024 -239.399994
v -313.500000 -263.400024 -239.399994
v -313.500000 -263.400024 -239.699982
v -313.500000 -264.000031 -239.699982
v -313.500000 -264.000031 -239.399994
v -313.500000 -263.700043 -239.099991
v -313.399994 -263.460052 -239.339981
v -313.399994 -263.400024 -239.399994
v -313.500000 -263.400024 -239.399994
v -313.500000 -263.700043 -239.099991
v -313.399994 -263.700043 -239.099991
v -319.399994 -263.400024 -239.699982
v -319.399994 -263.400024 -239.399994
v -319.399994 -263.700043 -239.099991
v -319.399994 -264.000031 -239.399994
v -319.399994 -264.000031 -239.699982
v -313.500000 -264.000031 -239.399994
v -313.500000 -264.000031 -239.699982
v -319.399994 -264.000031 -239.699982
v -319.399994 -264.000031 -239.399994
v -319.399994 -263.400024 -239.399994
v -319.500000 -263.400024 -239.399994
v -319.500000 -263.460052 -239.339981
v -319.500000 -263.700043 -239.099991
v -319.399994 -263.700043 -239.099991
v -297.100006 -268.500031 -241.099991
v -319.500000 -268.500031 -241.099991
v -319.500000 -270.200043 -241.099991
v -297.100006 -270.200043 -241.099991
v -291.300018 -268.500031 -241.099991
v -294.860016 -268.500031 -241.099991
v -297.100006 -268.500031 -241.099991
v -297.100006 -270.200043 -241.099991
v -291.300018 -270.200043 -241.099991
v -297.399994 -265.700043 -239.588974
v -300.600006 -265.700043 -239.588974
v -305.399994 -265.700043 -239.588974
v -305.399994 -268.500031 -239.899994
v -294.860016 -268.500031 -239.899994
v -291.300018 -268.500031 -239.899994
v -291.300018 -265.700043 -239.588974
v -310.200012 -265.700043 -239.588974
v -313.399994 -265.700043 -239.588974
v -319.500000 -265.700043 -239.588974
v -319.500000 -268.500031 -239.899994
v -305.399994 -268.500031 -239.899994
v -305.399994 -265.700043 -239.588974
v -319.500000 -268.500031 -241.099991
v -297.100006 -268.500031 -241.099991
v -294.860016 -268.500031 -241.099991
v -294.860016 -268.500031 -239.899994
v -305.399994 -268.500031 -239.899994
v -319.500000 -268.500031 -239.899994
v -294.860016 -268.500031 -241.099991
v -291.300018 -268.500031 -241.099991
v -291.300018 -268.500031 -239.899994
v -294.860016 -268.500031 -239.899994
v -313.399994 -265.700043 -239.285004
v -310.200012 -265.700043 -239.285004
v -305.399994 -265.700043 -239.285004
v -305.399994 -269.100037 -239.599991
v -319.500000 -269.100037 -239.599991
v -319.500000 -265.700043 -239.285004
v -305.399994 -269.100037 -239.599991
v -305.399994 -265.700043 -239.285004
v -300.600006 -265.700043 -239.285004
v -297.399994 -265.700043 -239.285004
v -291.300018 -265.700043 -239.285004
v -291.300018 -269.100037 -239.599991
v -296.600006 -263.700043 -248.699982
v -297.000000 -263.700043 -248.699982
v -297.000000 -263.700043 -246.599991
v -296.899994 -263.700043 -246.599991
v -306.899994 -263.700043 -248.699982
v -307.300018 -263.700043 -248.699982
v -307.300018 -263.700043 -246.599991
v -307.200012 -263.700043 -246.599991
v -305.700012 -263.700043 -250.799988
v -307.300018 -263.700043 -250.799988
v -307.300018 -263.700043 -248.699982
v -306.899994 -263.700043 -248.699982
v -305.200012 -263.700043 -248.699982
v -295.399994 -263.700043 -250.799988
v -297.000000 -263.700043 -250.799988
v -297.000000 -263.700043 -248.699982
v -296.600006 -263.700043 -248.699982
v -294.899994 -263.700043 -248.699982
v -297.100006 -263.700043 -250.799988
v -298.700012 -263.700043 -250.799988
v -299.200012 -263.700043 -248.699982
v -297.500000 -263.700043 -248.699982
v -297.100006 -263.700043 -248.699982
v -297.100006 -263.700043 -248.699982
v -297.500000 -263.700043 -248.699982
v -297.200012 -263.700043 -246.599991
v -297.100006 -263.700043 -246.599991
v -309.600006 -263.700043 -250.799988
v -311.200012 -263.700043 -250.799988
v -311.200012 -263.700043 -248.699982
v -310.800018 -263.700043 -248.699982
v -309.100006 -263.700043 -248.699982
v -310.800018 -263.700043 -248.699982
v -311.200012 -263.700043 -248.699982
v -311.200012 -263.700043 -246.599991
v -311.100006 -263.700043 -246.599991
v -317.500000 -257.300049 -250.899994
v -312.700012 -257.300049 -250.899994
v -311.600006 -257.300049 -250.899994
v -311.600006 -257.300049 -251.399994
v -312.200012 -257.300049 -251.399994
v -317.500000 -257.300049 -251.399994
v -317.800018 -257.300049 -251.399994
v -317.800018 -257.300049 -250.899994
v -297.000000 -257.300049 -248.699982
v -296.600006 -257.300049 -248.699982
v -296.899994 -257.300049 -246.599991
v -297.000000 -257.300049 -246.599991
v -307.300018 -257.300049 -248.699982
v -306.899994 -257.300049 -248.699982
v -307.200012 -257.300049 -246.599991
v -307.300018 -257.300049 -246.599991
v -307.300018 -257.300049 -250.799988
v -305.700012 -257.300049 -250.799988
v -305.200012 -257.300049 -248.699982
v -306.899994 -257.300049 -248.699982
v -307.300018 -257.300049 -248.699982
v -297.000000 -257.300049 -250.799988
v -295.399994 -257.300049 -250.799988
v -294.899994 -257.300049 -248.699982
v -296.600006 -257.300049 -248.699982
v -297.000000 -257.300049 -248.699982
v -298.700012 -257.300049 -250.799988
v -297.100006 -257.300049 -250.799988
v -297.100006 -257.300049 -248.699982
v -297.500000 -257.300049 -248.699982
v -299.200012 -257.300049 -248.699982
v -297.500000 -257.300049 -248.699982
v -297.100006 -257.300049 -248.699982
v -297.100006 -257.300049 -246.599991
v -297.200012 -257.300049 -246.599991
v -311.200012 -257.300049 -250.799988
v -309.600006 -257.300049 -250.799988
v -309.100006 -257.300049 -248.699982
v -310.800018 -257.300049 -248.699982
v -311.200012 -257.300049 -248.699982
v -311.200012 -257.300049 -248.699982
v -310.800018 -257.300049 -248.699982
v -311.100006 -257.300049 -246.599991
v -311.200012 -257.300049 -246.599991
v -317.500000 -257.300049 -250.899994
v -317.500000 -256.500031 -248.099991
v -317.500000 -256.200043 -248.099991
v -317.500000 -257.133057 -250.899994
v -317.500000 -256.200043 -248.099991
v -317.500000 -256.500031 -248.099991
v -317.500000 -256.539032 -247.699982
v -317.500000 -256.233032 -247.699982
v -317.500000 -256.657043 -246.499985
v -317.500000 -257.061035 -242.399994
v -317.500000 -256.667023 -242.399994
v -317.500000 -256.331055 -246.499985
v -317.500000 -256.800049 -247.699982
v -317.500000 -256.539032 -247.699982
v -317.500000 -256.657043 -246.499985
v -317.500000 -256.800049 -246.499985
v -317.500000 -256.233032 -247.699982
v -317.500000 -256.200043 -247.699982
v -317.500000 -256.200043 -246.499985
v -317.500000 -256.331055 -246.499985
v -311.399994 -256.500031 -248.099991
v -311.399994 -256.200043 -248.099991
v -305.800018 -256.200043 -248.099991
v -305.800018 -256.500031 -248.099991
v -305.000000 -256.200043 -248.099991
v -299.399994 -256.200043 -248.099991
v -299.399994 -256.500031 -248.099991
v -305.000000 -256.500031 -248.099991
v -298.600006 -256.200043 -248.099991
v -293.000000 -256.200043 -248.099991
v -293.000000 -256.500031 -248.099991
v -298.600006 -256.500031 -248.099991
v -305.000000 -256.200043 -248.099991
v -305.000000 -256.500031 -248.099991
v -305.000000 -257.100037 -241.999985
v -305.000000 -256.700043 -241.999985
v -298.600006 -256.200043 -248.099991
v -298.600006 -256.500031 -248.099991
v -298.600006 -257.100037 -241.999985
v -298.600006 -256.700043 -241.999985
v -293.000000 -256.500031 -248.099991
v -293.000000 -256.200043 -248.099991
v -293.000000 -256.700043 -241.999985
v -293.000000 -257.100037 -241.999985
v -291.300018 -256.500031 -248.099991
v -293.000000 -256.500031 -248.099991
v -293.000000 -257.100037 -241.999985
v -291.300018 -257.100037 -241.999985
v -293.000000 -256.200043 -248.099991
v -291.300018 -256.200043 -248.099991
v -291.300018 -256.475037 -244.744980
v -291.300018 -256.700043 -241.999985
v -293.000000 -256.700043 -241.999985
v -299.399994 -256.500031 -248.099991
v -299.399994 -256.200043 -248.099991
v -299.399994 -256.700043 -241.999985
v -299.399994 -257.100037 -241.999985
v -298.600006 -257.100037 -241.999985
v -298.600006 -256.500031 -248.099991
v -299.399994 -256.500031 -248.099991
v -299.399994 -257.100037 -241.999985
v -299.399994 -256.200043 -248.099991
v -298.600006 -256.200043 -248.099991
v -298.600006 -256.700043 -241.999985
v -299.399994 -256.700043 -241.999985
v -311.399994 -256.200043 -248.099991
v -311.399994 -256.500031 -248.099991
v -311.399994 -257.100037 -241.999985
v -311.399994 -256.700043 -241.999985
v -305.800018 -256.500031 -248.099991
v -305.800018 -256.200043 -248.099991
v -305.800018 -256.700043 -241.999985
v -305.800018 -257.100037 -241.999985
v -305.800018 -256.500031 -248.099991
v -305.800018 -257.100037 -241.999985
v -305.000000 -257.100037 -241.999985
v -305.000000 -256.500031 -248.099991
v -305.800018 -256.200043 -248.099991
v -305.399994 -256.200043 -248.099991
v -305.399994 -256.700043 -241.999985
v -305.800018 -256.700043 -241.999985
v -305.399994 -256.700043 -241.999985
v -305.399994 -256.200043 -248.099991
v -305.000000 -256.200043 -248.099991
v -305.000000 -256.700043 -241.999985
v -312.700012 -256.331055 -246.499985
v -312.700012 -256.667023 -242.399994
v -312.700012 -257.061035 -242.399994
v -312.700012 -256.657043 -246.499985
v -312.700012 -256.500031 -248.099991
v -312.700012 -256.200043 -248.099991
v -312.700012 -256.233032 -247.699982
v -312.700012 -256.539032 -247.699982
v -312.700012 -256.539032 -247.699982
v -312.700012 -256.800049 -247.699982
v -312.700012 -256.800049 -246.499985
v -312.700012 -256.657043 -246.499985
v -312.700012 -256.200043 -247.699982
v -312.700012 -256.233032 -247.699982
v -312.700012 -256.331055 -246.499985
v -312.700012 -256.200043 -246.499985
v -311.399994 -257.100037 -241.999985
v -311.399994 -256.500031 -248.099991
v -312.700012 -256.500031 -248.099991
v -312.700012 -257.100037 -241.999985
v -312.200012 -256.200043 -248.099991
v -311.399994 -256.200043 -248.099991
v -311.399994 -256.700043 -241.999985
v -312.200012 -256.700043 -241.999985
v -312.700012 -256.700043 -241.999985
v -312.700012 -256.200043 -248.099991
v -312.200012 -256.200043 -248.099991
v -312.200012 -256.700043 -241.999985
v -317.500000 -256.800049 -246.499985
v -317.500000 -256.657043 -246.499985
v -317.500000 -256.331055 -246.499985
v -317.500000 -256.200043 -246.499985
v -312.700012 -256.200043 -246.499985
v -312.700012 -256.331055 -246.499985
v -312.700012 -256.657043 -246.499985
v -312.700012 -256.800049 -246.499985
v -317.500000 -256.667023 -242.399994
v -317.500000 -257.061035 -242.399994
v -312.700012 -257.061035 -242.399994
v -312.700012 -256.667023 -242.399994
v -312.700012 -257.100037 -241.999985
v -312.700012 -257.061035 -242.399994
v -317.500000 -257.061035 -242.399994
v -317.500000 -257.100037 -241.999985
v -317.500000 -256.700043 -241.999985
v -317.500000 -256.667023 -242.399994
v -312.700012 -256.667023 -242.399994
v -312.700012 -256.700043 -241.999985
v -317.500000 -256.200043 -247.699982
v -317.500000 -256.233032 -247.699982
v -317.500000 -256.539032 -247.699982
v -317.500000 -256.800049 -247.699982
v -312.700012 -256.800049 -247.699982
v -312.700012 -256.539032 -247.699982
v -312.700012 -256.233032 -247.699982
v -312.700012 -256.200043 -247.699982
v -312.700012 -256.800049 -247.699982
v -317.500000 -256.800049 -247.699982
v -317.500000 -256.800049 -246.499985
v -312.700012 -256.800049 -246.499985
v -311.399994 -257.300049 -250.899994
v -311.399994 -256.500031 -248.099991
v -305.800018 -256.500031 -248.099991
v -305.000000 -256.500031 -248.099991
v -299.399994 -256.500031 -248.099991
v -298.600006 -256.500031 -248.099991
v -293.000000 -256.500031 -248.099991
v -291.300018 -256.500031 -248.099991
v -291.300018 -257.300049 -250.899994
v -311.399994 -256.500031 -248.099991
v -311.399994 -257.300049 -250.899994
v -311.600006 -257.300049 -250.899994
v -312.700012 -257.300049 -250.899994
v -312.700012 -256.500031 -248.099991
v -312.200012 -257.100037 -250.899994
v -312.200012 -257.127045 -250.899994
v -312.200012 -257.133057 -250.899994
v -312.200012 -256.200043 -248.099991
v -311.600006 -257.300049 -251.399994
v -305.399994 -257.300049 -251.399994
v -305.399994 -256.200043 -248.099991
v -305.800018 -256.200043 -248.099991
v -311.399994 -256.200043 -248.099991
v -312.200012 -256.200043 -248.099991
v -312.200012 -257.300049 -251.399994
v -293.000000 -256.200043 -248.099991
v -298.600006 -256.200043 -248.099991
v -299.399994 -256.200043 -248.099991
v -305.000000 -256.200043 -248.099991
v -305.399994 -256.200043 -248.099991
v -305.399994 -257.300049 -251.399994
v -297.399994 -257.300049 -251.399994
v -291.300018 -257.300049 -251.399994
v -291.300018 -256.200043 -248.099991
v -317.500000 -257.300049 -250.899994
v -317.500000 -257.133057 -250.899994
v -317.500000 -257.127045 -250.899994
v -312.700012 -257.127045 -250.899994
v -312.700012 -257.300049 -250.899994
v -312.700012 -257.100037 -250.899994
v -312.700012 -257.127045 -250.899994
v -312.200012 -257.127045 -250.899994
v -312.200012 -257.100037 -250.899994
v -312.700012 -257.300049 -250.899994
v -312.700012 -257.127045 -250.899994
v -312.700012 -257.100037 -250.899994
v -312.700012 -256.200043 -248.099991
v -312.700012 -256.500031 -248.099991
v -312.200012 -257.300049 -251.399994
v -312.200012 -257.127045 -250.899994
v -312.700012 -257.127045 -250.899994
v -317.500000 -257.127045 -250.899994
v -317.500000 -257.300049 -251.399994
v -317.899994 -256.200043 -248.099991
v -317.500000 -256.200043 -248.099991
v -317.500000 -256.700043 -241.999985
v -317.899994 -256.700043 -241.999985
v -319.500000 -256.475037 -244.744980
v -319.500000 -256.200043 -248.099991
v -317.899994 -256.200043 -248.099991
v -317.899994 -256.700043 -241.999985
v -318.100006 -256.700043 -241.999985
v -319.500000 -256.700043 -241.999985
v -317.899994 -257.300049 -251.399994
v -317.899994 -256.200043 -248.099991
v -319.500000 -256.200043 -248.099991
v -319.500000 -257.300049 -251.399994
v -317.899994 -256.200043 -248.099991
v -317.899994 -257.300049 -251.399994
v -317.800018 -257.300049 -251.399994
v -317.500000 -257.300049 -251.399994
v -317.500000 -256.200043 -248.099991
v -319.500000 -256.500031 -248.099991
v -319.500000 -257.100037 -241.999985
v -317.500000 -257.100037 -241.999985
v -317.500000 -256.500031 -248.099991
v -317.800018 -257.300049 -250.899994
v -319.500000 -257.300049 -250.899994
v -319.500000 -256.500031 -248.099991
v -317.500000 -256.500031 -248.099991
v -317.500000 -257.300049 -250.899994
v -311.600006 -260.100037 -251.399994
v -311.600006 -257.300049 -251.399994
v -311.600006 -257.300049 -250.899994
v -311.600006 -260.100037 -250.899994
v -311.100006 -263.700043 -246.599991
v -311.200012 -263.700043 -246.599991
v -311.200012 -257.300049 -246.599991
v -311.100006 -257.300049 -246.599991
v -297.100006 -263.700043 -246.599991
v -297.200012 -263.700043 -246.599991
v -297.200012 -257.300049 -246.599991
v -297.100006 -257.300049 -246.599991
v -307.200012 -263.700043 -246.599991
v -307.300018 -263.700043 -246.599991
v -307.300018 -257.300049 -246.599991
v -307.200012 -257.300049 -246.599991
v -296.899994 -263.700043 -246.599991
v -297.000000 -263.700043 -246.599991
v -297.000000 -257.300049 -246.599991
v -296.899994 -257.300049 -246.599991
v -309.600006 -257.300049 -250.799988
v -311.200012 -257.300049 -250.799988
v -311.200012 -263.700043 -250.799988
v -309.600006 -263.700043 -250.799988
v -297.100006 -257.300049 -250.799988
v -298.700012 -257.300049 -250.799988
v -298.700012 -263.700043 -250.799988
v -297.100006 -263.700043 -250.799988
v -295.399994 -257.300049 -250.799988
v -297.000000 -257.300049 -250.799988
v -297.000000 -263.700043 -250.799988
v -295.399994 -263.700043 -250.799988
v -305.700012 -257.300049 -250.799988
v -307.300018 -257.300049 -250.799988
v -307.300018 -263.700043 -250.799988
v -305.700012 -263.700043 -250.799988
v -297.100006 -257.300049 -246.599991
v -297.100006 -257.300049 -248.699982
v -297.100006 -263.700043 -248.699982
v -297.100006 -263.700043 -246.599991
v -297.100006 -263.700043 -250.799988
v -297.100006 -263.700043 -248.699982
v -297.100006 -257.300049 -248.699982
v -297.100006 -257.300049 -250.799988
v -297.000000 -257.300049 -250.799988
v -297.000000 -257.300049 -248.699982
v -297.000000 -263.700043 -248.699982
v -297.000000 -263.700043 -250.799988
v -297.000000 -263.700043 -246.599991
v -297.000000 -263.700043 -248.699982
v -297.000000 -257.300049 -248.699982
v -297.000000 -257.300049 -246.599991
v -294.899994 -263.700043 -248.699982
v -296.600006 -263.700043 -248.699982
v -296.600006 -257.300049 -248.699982
v -294.899994 -257.300049 -248.699982
v -296.899994 -257.300049 -246.599991
v -296.600006 -257.300049 -248.699982
v -296.600006 -263.700043 -248.699982
v -296.899994 -263.700043 -246.599991
v -295.399994 -263.700043 -250.799988
v -294.899994 -263.700043 -248.699982
v -294.899994 -257.300049 -248.699982
v -295.399994 -257.300049 -250.799988
v -307.300018 -263.700043 -248.699982
v -307.300018 -263.700043 -250.799988
v -307.300018 -257.300049 -250.799988
v -307.300018 -257.300049 -248.699982
v -307.300018 -257.300049 -246.599991
v -307.300018 -263.700043 -246.599991
v -297.500000 -263.700043 -248.699982
v -299.200012 -263.700043 -248.699982
v -299.200012 -257.300049 -248.699982
v -297.500000 -257.300049 -248.699982
v -305.200012 -263.700043 -248.699982
v -306.899994 -263.700043 -248.699982
v -306.899994 -257.300049 -248.699982
v -305.200012 -257.300049 -248.699982
v -307.200012 -257.300049 -246.599991
v -306.899994 -257.300049 -248.699982
v -306.899994 -263.700043 -248.699982
v -307.200012 -263.700043 -246.599991
v -297.200012 -263.700043 -246.599991
v -297.500000 -263.700043 -248.699982
v -297.500000 -257.300049 -248.699982
v -297.200012 -257.300049 -246.599991
v -305.700012 -263.700043 -250.799988
v -305.200012 -263.700043 -248.699982
v -305.200012 -257.300049 -248.699982
v -305.700012 -257.300049 -250.799988
v -298.700012 -257.300049 -250.799988
v -299.200012 -257.300049 -248.699982
v -299.200012 -263.700043 -248.699982
v -298.700012 -263.700043 -250.799988
v -311.200012 -257.300049 -248.699982
v -311.200012 -257.300049 -246.599991
v -311.200012 -263.700043 -246.599991
v -311.200012 -263.700043 -248.699982
v -311.200012 -263.700043 -250.799988
v -311.200012 -257.300049 -250.799988
v -309.100006 -263.700043 -248.699982
v -310.800018 -263.700043 -248.699982
v -310.800018 -257.300049 -248.699982
v -309.100006 -257.300049 -248.699982
v -311.100006 -257.300049 -246.599991
v -310.800018 -257.300049 -248.699982
v -310.800018 -263.700043 -248.699982
v -311.100006 -263.700043 -246.599991
v -309.600006 -263.700043 -250.799988
v -309.100006 -263.700043 -248.699982
v -309.100006 -257.300049 -248.699982
v -309.600006 -257.300049 -250.799988
v -291.300018 -263.700043 -250.899994
v -297.100006 -263.700043 -250.899994
v -311.600006 -263.700043 -250.899994
v -311.600006 -260.100037 -250.899994
v -311.600006 -257.300049 -250.899994
v -311.399994 -257.300049 -250.899994
v -291.300018 -257.300049 -250.899994
v -317.800018 -257.300049 -250.899994
v -317.800018 -260.100037 -250.899994
v -317.800018 -263.700043 -250.899994
v -319.500000 -263.700043 -250.899994
v -319.500000 -257.300049 -250.899994
v -317.800018 -263.700043 -250.899994
v -317.800018 -260.100037 -250.899994
v -311.600006 -260.100037 -250.899994
v -311.600006 -263.700043 -250.899994
v -317.800018 -260.100037 -250.899994
v -317.800018 -257.300049 -250.899994
v -317.800018 -257.300049 -251.399994
v -317.800018 -260.100037 -251.399994
v -317.800018 -260.100037 -250.899994
v -317.800018 -260.100037 -251.399994
v -311.600006 -260.100037 -251.399994
v -311.600006 -260.100037 -250.899994
v -319.500000 -270.100037 -250.899994
v -319.500000 -263.700043 -250.899994
v -317.800018 -263.700043 -250.899994
v -311.600006 -263.700043 -250.899994
v -297.100006 -263.700043 -250.899994
v -297.100006 -270.100037 -250.899994
v -297.100006 -263.700043 -250.899994
v -291.300018 -263.700043 -250.899994
v -291.300018 -270.100037 -250.899994
v -297.100006 -270.100037 -250.899994
v -319.500000 -269.900024 -241.299988
v -319.500000 -268.500031 -241.299988
v -319.500000 -258.900024 -241.299988
v -319.500000 -257.500031 -241.299988
v -319.800018 -257.500031 -241.299988
v -319.800018 -269.900024 -241.299988
v -319.800018 -263.700043 -239.099991
v -319.500000 -263.700043 -239.099991
v -319.500000 -269.100037 -239.599991
v -319.800018 -269.100037 -239.599991
v -319.800018 -258.300049 -239.599991
v -319.500000 -258.300049 -239.599991
v -319.500000 -263.700043 -239.099991
v -319.800018 -263.700043 -239.099991
v -319.800018 -261.700043 -247.999985
v -319.800018 -261.700043 -246.999985
v -319.500000 -261.700043 -246.999985
v -319.500000 -261.700043 -247.999985
v -319.800018 -256.200043 -248.099991
v -319.500000 -256.200043 -248.099991
v -319.500000 -256.300049 -246.599991
v -319.800018 -256.300049 -246.599991
v -319.800018 -256.300049 -246.599991
v -319.500000 -256.300049 -246.599991
v -319.500000 -256.475037 -244.744980
v -319.500000 -256.800049 -241.299988
v -319.800018 -256.800049 -241.299988
v -319.500000 -261.700043 -246.999985
v -319.800018 -261.700043 -246.999985
v -319.800018 -256.900024 -246.599991
v -319.500000 -256.900024 -246.599991
v -319.500000 -256.900024 -246.599991
v -319.800018 -256.900024 -246.599991
v -319.800018 -257.500031 -241.299988
v -319.500000 -257.500031 -241.299988
v -319.500000 -256.200043 -248.099991
v -319.800018 -256.200043 -248.099991
v -319.800018 -256.700043 -249.599991
v -319.800018 -257.300049 -251.399994
v -319.500000 -257.300049 -251.399994
v -319.500000 -265.700043 -247.999985
v -319.800018 -265.700043 -247.999985
v -319.800018 -261.700043 -247.999985
v -319.500000 -261.700043 -247.999985
v -319.500000 -265.700043 -247.999985
v -319.500000 -265.700043 -246.999985
v -319.800018 -265.700043 -246.999985
v -319.800018 -265.700043 -247.999985
v -319.800018 -265.700043 -246.999985
v -319.500000 -265.700043 -246.999985
v -319.500000 -270.300049 -246.599991
v -319.800018 -270.300049 -246.599991
v -319.800018 -270.300049 -246.599991
v -319.500000 -270.300049 -246.599991
v -319.500000 -269.900024 -241.299988
v -319.800018 -269.900024 -241.299988
v -305.000000 -270.900024 -248.099991
v -305.000000 -271.200043 -248.099991
v -305.000000 -270.700043 -241.999985
v -305.000000 -270.300049 -241.999985
v -298.600006 -270.900024 -248.099991
v -298.600006 -271.200043 -248.099991
v -298.600006 -270.700043 -241.999985
v -298.600006 -270.300049 -241.999985
v -298.600006 -270.700043 -241.999985
v -293.000000 -270.700043 -241.999985
v -293.000000 -270.300049 -241.999985
v -297.100006 -270.300049 -241.999985
v -298.600006 -270.300049 -241.999985
v -293.000000 -271.200043 -248.099991
v -293.000000 -270.900024 -248.099991
v -293.000000 -270.300049 -241.999985
v -293.000000 -270.700043 -241.999985
v -298.600006 -270.900024 -248.099991
v -297.100006 -270.900024 -248.099991
v -293.000000 -270.900024 -248.099991
v -293.000000 -271.200043 -248.099991
v -298.600006 -271.200043 -248.099991
v -305.000000 -270.700043 -241.999985
v -299.399994 -270.700043 -241.999985
v -299.399994 -270.300049 -241.999985
v -305.000000 -270.300049 -241.999985
v -305.000000 -270.900024 -248.099991
v -299.399994 -270.900024 -248.099991
v -299.399994 -271.200043 -248.099991
v -305.000000 -271.200043 -248.099991
v -299.399994 -271.200043 -248.099991
v -299.399994 -270.900024 -248.099991
v -299.399994 -270.300049 -241.999985
v -299.399994 -270.700043 -241.999985
v -312.200012 -271.200043 -248.099991
v -312.200012 -270.900024 -248.099991
v -312.200012 -270.300049 -241.999985
v -312.200012 -270.700043 -241.999985
v -311.399994 -270.700043 -241.999985
v -305.800018 -270.700043 -241.999985
v -305.800018 -270.300049 -241.999985
v -311.399994 -270.300049 -241.999985
v -305.800018 -271.200043 -248.099991
v -305.800018 -270.900024 -248.099991
v -305.800018 -270.300049 -241.999985
v -305.800018 -270.700043 -241.999985
v -311.399994 -270.900024 -248.099991
v -305.800018 -270.900024 -248.099991
v -305.800018 -271.200043 -248.099991
v -311.399994 -271.200043 -248.099991
v -311.399994 -270.900024 -248.099991
v -311.399994 -271.200043 -248.099991
v -311.399994 -270.700043 -241.999985
v -311.399994 -270.300049 -241.999985
v -317.800018 -270.700043 -241.999985
v -312.200012 -270.700043 -241.999985
v -312.200012 -270.300049 -241.999985
v -317.800018 -270.300049 -241.999985
v -317.800018 -270.900024 -248.099991
v -317.800018 -271.200043 -248.099991
v -317.800018 -270.700043 -241.999985
v -317.800018 -270.300049 -241.999985
v -317.800018 -270.900024 -248.099991
v -312.200012 -270.900024 -248.099991
v -312.200012 -271.200043 -248.099991
v -317.800018 -271.200043 -248.099991
v -305.399994 -257.300049 -251.399994
v -311.600006 -257.300049 -251.399994
v -312.200012 -257.300049 -251.399994
v -317.500000 -257.300049 -251.399994
v -317.800018 -257.300049 -251.399994
v -317.899994 -257.300049 -251.399994
v -319.500000 -257.300049 -251.399994
v -319.800018 -257.300049 -251.399994
v -319.800018 -257.900024 -251.599991
v -297.399994 -257.900024 -251.599991
v -297.399994 -257.300049 -251.399994
v -297.399994 -257.900024 -251.599991
v -291.000000 -257.900024 -251.599991
v -291.000000 -257.300049 -251.399994
v -291.300018 -257.300049 -251.399994
v -297.399994 -257.300049 -251.399994
v -297.399994 -269.500031 -251.599991
v -319.800018 -269.500031 -251.599991
v -319.800018 -270.100037 -251.399994
v -305.399994 -270.100037 -251.399994
v -297.399994 -270.100037 -251.399994
v -291.300018 -270.100037 -251.399994
v -291.300018 -269.500031 -251.599991
v -297.399994 -269.500031 -251.599991
v -297.399994 -270.100037 -251.399994
v -291.000000 -269.500031 -251.599991
v -291.300018 -269.500031 -251.599991
v -291.300018 -270.100037 -251.399994
v -291.000000 -270.100037 -251.399994
v -291.000000 -263.700043 -252.199982
v -291.300018 -263.700043 -252.199982
v -291.300018 -269.500031 -251.599991
v -291.000000 -269.500031 -251.599991
v -297.399994 -263.700043 -252.199982
v -319.800018 -263.700043 -252.199982
v -319.800018 -269.500031 -251.599991
v -297.399994 -269.500031 -251.599991
v -291.300018 -269.500031 -251.599991
v -291.300018 -263.700043 -252.199982
v -297.399994 -263.700043 -252.199982
v -297.399994 -269.500031 -251.599991
v -319.800018 -257.900024 -251.599991
v -319.800018 -263.700043 -252.199982
v -297.399994 -263.700043 -252.199982
v -297.399994 -257.900024 -251.599991
v -297.399994 -263.700043 -252.199982
v -291.300018 -263.700043 -252.199982
v -291.000000 -263.700043 -252.199982
v -291.000000 -257.900024 -251.599991
v -297.399994 -257.900024 -251.599991
s 0
usemtl material_0.002
f 5 3 1
f 10 8 7
f 633 631 630
f 639 637 636
f 644 642 641
f 673 671 670
f 676 674 677
f 681 679 678
f 702 700 703
f 707 705 704
f 1685 1683 1682
f 1688 1686 1689
f 1823 1821 1824
f 1828 1826 1825
f 1836 1834 1833
f 1869 1867 1866
f 1881 1879 1882
f 2039 2037 2036
f 2043 2041 2044
f 2048 2046 2045
f 2051 2049 2052
f 2055 2053 2056
f 2060 2058 2057
f 2487 2485 2488
f 2491 2489 2492
f 3186 3184 3187
f 3190 3188 3191
f 3194 3192 3195
f 3198 3196 3199
f 3202 3200 3203
f 3206 3204 3207
f 3210 3208 3211
f 3214 3212 3215
f 3218 3216 3219
f 3222 3220 3223
f 3226 3224 3227
f 3230 3228 3231
f 3234 3232 3235
f 3238 3236 3239
f 4089 4087 4090
f 4093 4091 4094
f 4097 4095 4098
f 4101 4099 4102
f 4105 4103 4106
f 4109 4107 4110
f 4113 4111 4114
f 4117 4115 4118
f 4121 4119 4122
f 4125 4123 4126
f 4129 4127 4130
f 4133 4131 4134
f 4137 4135 4138
f 4141 4139 4142
f 4145 4143 4146
f 4149 4147 4150
f 4153 4151 4154
f 4157 4155 4158
f 4161 4159 4162
f 4165 4163 4166
f 4169 4167 4170
f 4173 4171 4174
f 4177 4175 4178
f 4181 4179 4182
f 4185 4183 4186
f 4189 4187 4190
f 1 6 5
f 5 4 3
f 3 2 1
f 10 9 8
f 630 634 633
f 633 632 631
f 635 640 639
f 639 638 637
f 636 635 639
f 641 645 644
f 644 643 642
f 673 672 671
f 676 675 674
f 681 680 679
f 702 701 700
f 707 706 705
f 1685 1684 1683
f 1688 1687 1686
f 1823 1822 1821
f 1828 1827 1826
f 1836 1835 1834
f 1865 1870 1869
f 1869 1868 1867
f 1866 1865 1869
f 1881 1880 1879
f 2035 2040 2039
f 2039 2038 2037
f 2036 2035 2039
f 2043 2042 2041
f 2048 2047 2046
f 2051 2050 2049
f 2055 2054 2053
f 2060 2059 2058
f 2487 2486 2485
f 2491 2490 2489
f 3186 3185 3184
f 3190 3189 3188
f 3194 3193 3192
f 3198 3197 3196
f 3202 3201 3200
f 3206 3205 3204
f 3210 3209 3208
f 3214 3213 3212
f 3218 3217 3216
f 3222 3221 3220
f 3226 3225 3224
f 3230 3229 3228
f 3234 3233 3232
f 3238 3237 3236
f 4089 4088 4087
f 4093 4092 4091
f 4097 4096 4095
f 4101 4100 4099
f 4105 4104 4103
f 4109 4108 4107
f 4113 4112 4111
f 4117 4116 4115
f 4121 4120 4119
f 4125 4124 4123
f 4129 4128 4127
f 4133 4132 4131
f 4137 4136 4135
f 4141 4140 4139
f 4145 4144 4143
f 4149 4148 4147
f 4153 4152 4151
f 4157 4156 4155
f 4161 4160 4159
f 4165 4164 4163
f 4169 4168 4167
f 4173 4172 4171
f 4177 4176 4175
f 4181 4180 4179
f 4185 4184 4183
f 4189 4188 4187
usemtl material_1.002
f 13 11 14
f 94 92 91
f 105 103 106
f 109 107 110
f 114 112 111
f 118 116 119
f 127 125 124
f 131 130 129
f 134 132 135
f 139 137 136
f 153 151 150
f 158 156 155
f 235 232 230
f 239 237 240
f 245 243 242
f 254 250 248
f 258 257 256
f 261 259 262
f 284 282 285
f 288 287 286
f 291 290 289
f 297 295 298
f 302 300 299
f 310 308 307
f 347 345 344
f 353 351 350
f 456 454 457
f 463 460 459
f 469 467 466
f 475 473 472
f 481 479 478
f 521 519 517
f 526 524 523
f 532 530 529
f 537 535 534
f 543 541 540
f 685 683 682
f 689 687 690
f 694 692 691
f 698 696 699
f 710 708 711
f 714 712 715
f 730 728 727
f 748 746 745
f 752 750 753
f 760 758 761
f 765 763 762
f 769 767 770
f 796 794 793
f 802 800 799
f 808 806 805
f 812 810 813
f 818 816 815
f 824 822 821
f 828 826 829
f 833 831 830
f 840 837 836
f 844 842 845
f 848 846 849
f 853 851 850
f 858 856 855
f 862 860 859
f 867 865 864
f 871 869 868
f 888 886 889
f 894 891 890
f 899 897 900
f 903 901 904
f 907 905 908
f 911 909 912
f 921 919 918
f 926 925 923
f 938 936 934
f 944 942 941
f 1220 1218 1217
f 1233 1232 1231
f 1320 1319 1318
f 1333 1331 1330
f 1337 1335 1338
f 1493 1491 1494
f 1501 1499 1502
f 1565 1563 1566
f 1570 1568 1567
f 1694 1692 1690
f 1701 1699 1697
f 1706 1704 1703
f 1712 1710 1709
f 1718 1716 1715
f 1738 1736 1739
f 1744 1742 1741
f 1750 1748 1747
f 1831 1829 1832
f 1840 1838 1837
f 1845 1843 1846
f 1849 1847 1850
f 1854 1852 1851
f 1858 1857 1855
f 1863 1862 1860
f 1886 1884 1883
f 1899 1897 1896
f 1905 1903 1902
f 1937 1935 1934
f 1942 1940 1939
f 1946 1944 1947
f 1959 1957 1960
f 1964 1962 1961
f 1969 1967 1966
f 2001 1999 2002
f 2005 2003 2006
f 2011 2009 2008
f 2017 2015 2014
f 2021 2019 2022
f 2027 2025 2024
f 2033 2031 2030
f 2066 2064 2062
f 2073 2071 2069
f 2093 2091 2094
f 2099 2097 2096
f 2105 2103 2102
f 2255 2254 2252
f 2259 2258 2257
f 2262 2260 2263
f 2267 2265 2264
f 2280 2278 2281
f 2285 2283 2282
f 2299 2298 2296
f 2304 2302 2301
f 2307 2305 2308
f 2311 2309 2312
f 2327 2325 2328
f 2331 2329 2332
f 2366 2364 2367
f 2371 2369 2368
f 2375 2373 2376
f 2384 2382 2381
f 2448 2447 2446
f 2454 2452 2450
f 2459 2457 2456
f 2464 2462 2461
f 2469 2467 2466
f 2474 2472 2475
f 2479 2477 2476
f 2611 2609 2612
f 2616 2614 2613
f 2621 2619 2618
f 2641 2639 2642
f 2645 2643 2646
f 2649 2647 2650
f 2654 2652 2651
f 2658 2656 2659
f 2896 2895 2894
f 2955 2953 2956
f 3052 3050 3049
f 3056 3054 3057
f 3061 3059 3058
f 3065 3063 3062
f 3092 3091 3090
f 3097 3095 3093
f 3101 3100 3099
f 3107 3105 3103
f 3126 3124 3127
f 3164 3162 3165
f 3177 3175 3174
f 3853 3851 3854
f 3857 3855 3858
f 3861 3859 3862
f 3865 3863 3866
f 3985 3983 3986
f 3991 3989 3988
f 3997 3995 3994
f 4002 4000 3999
f 4048 4046 4049
f 4053 4051 4050
f 4058 4056 4055
f 4063 4061 4060
f 4207 4205 4208
f 4212 4210 4209
f 4217 4215 4214
f 4247 4245 4244
f 4262 4260 4259
f 4265 4263 4266
f 4270 4268 4267
f 4275 4273 4272
f 4278 4276 4279
f 4283 4282 4280
f 4287 4285 4288
f 4293 4291 4290
f 4384 4382 4385
f 4389 4387 4386
f 4394 4392 4391
f 4412 4411 4410
f 4415 4413 4416
f 4419 4417 4420
f 4423 4421 4424
f 4435 4433 4431
f 4441 4439 4438
f 4480 4478 4481
f 4485 4483 4482
f 4495 4494 4493
f 4514 4512 4515
f 4519 4517 4516
f 4523 4522 4521
f 4529 4526 4524
f 4536 4534 4532
f 4540 4539 4538
f 4543 4541 4544
f 4663 4661 4664
f 4667 4665 4668
f 4716 4714 4717
f 4721 4719 4718
f 4891 4889 4888
f 4896 4894 4893
f 4901 4899 4898
f 4906 4904 4903
f 4910 4908 4907
f 4916 4914 4912
f 4937 4935 4934
f 4940 4938 4941
f 4945 4944 4942
f 4950 4948 4947
f 4954 4952 4951
f 4959 4957 4956
f 4965 4963 4962
f 4971 4969 4967
f 4975 4973 4976
f 4981 4979 4978
f 4987 4985 4984
f 4991 4989 4992
f 4995 4993 4996
f 5000 4998 4997
f 5004 5003 5002
f 5009 5007 5006
f 5014 5012 5011
f 5019 5017 5016
f 5165 5163 5162
f 5178 5177 5175
f 5183 5181 5180
f 5203 5201 5200
f 5380 5379 5377
f 5386 5384 5382
f 5836 5834 5837
f 5887 5886 5885
f 5891 5889 5888
f 5896 5894 5893
f 5900 5898 5901
f 5905 5904 5902
f 5909 5908 5907
f 5912 5910 5913
f 5918 5916 5915
f 5922 5920 5923
f 5927 5925 5924
f 5931 5929 5932
f 5936 5934 5933
f 6937 6935 6934
f 6941 6939 6942
f 6946 6944 6943
f 6950 6948 6951
f 6955 6954 6952
f 6963 6961 6964
f 6967 6965 6968
f 6971 6969 6972
f 6975 6973 6976
f 7001 6998 6997
f 7005 7003 7006
f 7009 7007 7010
f 7014 7012 7011
f 7018 7017 7016
f 7197 7195 7198
f 7202 7200 7199
f 7206 7205 7203
f 7214 7212 7215
f 7218 7216 7219
f 7223 7221 7220
f 7228 7226 7225
f 7233 7231 7230
f 7252 7250 7253
f 7264 7262 7265
f 7280 7278 7281
f 7284 7282 7285
f 7289 7287 7286
f 7293 7291 7290
f 7296 7294 7297
f 7305 7303 7302
f 7308 7306 7309
f 7316 7314 7317
f 7321 7319 7318
f 7327 7326 7324
f 7347 7345 7348
f 7351 7349 7352
f 7356 7354 7353
f 7364 7362 7361
f 7369 7368 7366
f 7385 7383 7386
f 7391 7389 7388
f 7395 7393 7396
f 7400 7398 7397
f 7405 7403 7402
f 7410 7408 7407
f 7415 7414 7412
f 7422 7419 7417
f 7945 7943 7946
f 7995 7993 7996
f 8003 8000 7997
f 8108 8106 8104
f 8112 8110 8113
f 8118 8116 8114
f 8127 8125 8124
f 8133 8131 8129
f 8138 8136 8139
f 8142 8140 8143
f 8198 8196 8199
f 8240 8238 8237
f 8247 8245 8243
f 8252 8250 8249
f 8274 8272 8275
f 8278 8276 8279
f 8282 8280 8283
f 8287 8285 8284
f 8292 8290 8293
f 8298 8296 8294
f 8302 8300 8303
f 8306 8304 8307
f 8310 8308 8311
f 8315 8313 8312
f 8499 8497 8496
f 8505 8503 8502
f 8511 8510 8508
f 8518 8516 8515
f 8523 8521 8520
f 8530 8527 8525
f 8536 8534 8533
f 8541 8539 8538
f 8546 8544 8543
f 8577 8575 8578
f 8582 8580 8579
f 8586 8584 8587
f 8590 8588 8591
f 8595 8594 8592
f 8602 8599 8598
f 8608 8606 8609
f 8619 8617 8616
f 8625 8623 8622
f 8631 8629 8628
f 8636 8634 8633
f 8642 8640 8639
f 8989 8987 8986
f 9048 9046 9045
f 9053 9051 9050
f 9057 9056 9054
f 9064 9062 9060
f 9114 9112 9115
f 9120 9118 9116
f 9183 9181 9184
f 9188 9187 9185
f 9192 9190 9193
f 9196 9194 9197
f 9302 9300 9298
f 9462 9461 9459
f 9468 9466 9465
f 9472 9470 9473
f 9477 9475 9474
f 9487 9485 9484
f 9493 9491 9489
f 9500 9498 9497
f 9505 9503 9502
f 9509 9507 9510
f 9513 9511 9514
f 9517 9515 9518
f 9521 9519 9522
f 9525 9523 9526
f 9530 9528 9527
f 9534 9532 9535
f 9538 9536 9539
f 9688 9686 9685
f 9698 9696 9699
f 9703 9701 9700
f 9725 9723 9722
f 9730 9728 9727
f 9739 9737 9740
f 9745 9743 9742
f 9900 9898 9897
f 10127 10125 10128
f 10132 10130 10129
f 10135 10133 10136
f 10139 10137 10140
f 10145 10143 10142
f 10149 10147 10150
f 10154 10152 10151
f 10172 10170 10173
f 10176 10174 10177
f 10182 10180 10178
f 10187 10185 10188
f 10192 10190 10189
f 10196 10194 10193
f 10299 10297 10300
f 10304 10303 10301
f 10324 10323 10322
f 10328 10326 10325
f 10332 10330 10333
f 10337 10335 10334
f 10341 10339 10342
f 10397 10395 10398
f 10438 10436 10439
f 10442 10440 10443
f 10446 10444 10447
f 10450 10448 10451
f 10465 10463 10462
f 10472 10469 10467
f 11179 11177 11180
f 11184 11182 11181
f 11190 11189 11187
f 11195 11193 11192
f 11200 11198 11197
f 11206 11204 11203
f 11211 11209 11212
f 11215 11213 11216
f 11219 11217 11220
f 11225 11222 11221
f 11230 11228 11231
f 11235 11233 11232
f 11243 11241 11244
f 11288 11285 11283
f 11293 11291 11290
f 11297 11295 11298
f 11302 11300 11299
f 11306 11304 11303
f 11314 11312 11315
f 11318 11316 11319
f 11387 11385 11384
f 11393 11391 11389
f 11397 11395 11398
f 11409 11407 11410
f 11413 11411 11414
f 11417 11415 11418
f 11422 11420 11419
f 11581 11579 11578
f 11586 11584 11587
f 11593 11590 11589
f 11644 11642 11641
f 11650 11648 11647
f 11656 11654 11653
f 11761 11759 11758
f 11858 11855 11854
f 11866 11863 11861
f 11947 11945 11944
f 11952 11951 11949
f 12026 12024 12027
f 12030 12028 12031
f 12037 12035 12038
f 12041 12039 12042
f 12046 12044 12043
f 12050 12048 12051
f 12054 12052 12055
f 12058 12056 12059
f 12067 12065 12064
f 12071 12069 12072
f 12075 12073 12076
f 12079 12077 12080
f 12084 12083 12081
f 12088 12086 12089
f 12121 12118 12117
f 12126 12124 12127
f 12131 12129 12128
f 12138 12136 12134
f 12143 12141 12140
f 12182 12179 12178
f 12211 12209 12208
f 12282 12280 12283
f 12320 12318 12316
f 12332 12330 12328
f 12342 12340 12339
f 12346 12344 12347
f 12355 12353 12352
f 12416 12414 12413
f 12420 12418 12421
f 12484 12482 12481
f 12569 12567 12565
f 12593 12591 12590
f 12597 12595 12598
f 12657 12655 12654
f 12665 12663 12660
f 12669 12667 12670
f 12674 12673 12671
f 12678 12676 12679
f 12682 12680 12683
f 12686 12684 12687
f 13394 13392 13395
f 13398 13396 13399
f 13402 13400 13403
f 13406 13404 13407
f 13411 13409 13408
f 13415 13413 13416
f 13419 13417 13420
f 13424 13423 13421
f 13429 13427 13426
f 13433 13431 13434
f 13437 13435 13438
f 13442 13441 13439
f 13447 13445 13444
f 13451 13449 13452
f 13455 13453 13456
f 13460 13459 13457
f 13464 13462 13465
f 13468 13466 13469
f 13472 13470 13473
f 13476 13474 13477
f 13481 13479 13478
f 13485 13483 13486
f 13489 13487 13490
f 13494 13493 13491
f 13499 13497 13496
f 13503 13501 13504
f 13507 13505 13508
f 13512 13511 13509
f 13517 13515 13514
f 13521 13519 13522
f 13525 13523 13526
f 13530 13529 13527
f 13534 13532 13535
f 13539 13537 13536
f 13544 13542 13541
f 13549 13548 13546
f 13553 13551 13554
f 13557 13555 13558
f 13561 13559 13562
f 13565 13563 13566
f 13569 13567 13570
f 13573 13571 13574
f 13577 13575 13578
f 13581 13579 13582
f 13585 13583 13586
f 13589 13587 13590
f 13593 13591 13594
f 13597 13595 13598
f 13601 13599 13602
f 13605 13603 13606
f 13609 13607 13610
f 13613 13611 13614
f 13617 13615 13618
f 13622 13620 13619
f 13627 13625 13624
f 13632 13630 13629
f 13636 13634 13637
f 13640 13638 13641
f 13644 13642 13645
f 13648 13646 13649
f 13652 13650 13653
f 13656 13654 13657
f 13660 13658 13661
f 13664 13662 13665
f 13668 13666 13669
f 13672 13670 13673
f 13676 13674 13677
f 13680 13678 13681
f 13684 13682 13685
f 13688 13686 13689
f 13692 13690 13693
f 13696 13694 13697
f 13700 13698 13701
f 13704 13702 13705
f 13708 13706 13709
f 13712 13710 13713
f 13716 13714 13717
f 13720 13718 13721
f 13724 13722 13725
f 13728 13726 13729
f 13732 13730 13733
f 13737 13735 13734
f 13742 13740 13739
f 13747 13745 13744
f 13751 13749 13752
f 13755 13753 13756
f 13759 13757 13760
f 13763 13761 13764
f 13767 13765 13768
f 13771 13769 13772
f 13775 13773 13776
f 13779 13777 13780
f 13783 13781 13784
f 13787 13785 13788
f 13791 13789 13792
f 13795 13793 13796
f 13799 13797 13800
f 13803 13801 13804
f 13807 13805 13808
f 13811 13809 13812
f 13815 13813 13816
f 13820 13818 13817
f 13825 13823 13822
f 13830 13828 13827
f 13834 13832 13835
f 13838 13836 13839
f 13842 13840 13843
f 13846 13844 13847
f 13850 13848 13851
f 13854 13852 13855
f 13858 13856 13859
f 13862 13860 13863
f 13866 13864 13867
f 13870 13868 13871
f 13874 13872 13875
f 13878 13876 13879
f 13882 13880 13883
f 13886 13884 13887
f 13890 13888 13891
f 13894 13892 13895
f 13898 13896 13899
f 13902 13900 13903
f 13906 13904 13907
f 13910 13908 13911
f 13914 13912 13915
f 13918 13916 13919
f 13922 13920 13923
f 13926 13924 13927
f 13 12 11
f 91 95 94
f 94 93 92
f 105 104 103
f 109 108 107
f 111 115 114
f 114 113 112
f 118 117 116
f 124 128 127
f 127 126 125
f 134 133 132
f 136 140 139
f 139 138 137
f 150 154 153
f 153 152 151
f 155 159 158
f 158 157 156
f 229 236 235
f 235 234 233
f 232 231 230
f 235 233 232
f 230 229 235
f 239 238 237
f 241 246 245
f 245 244 243
f 242 241 245
f 247 255 254
f 254 253 252
f 254 252 251
f 248 247 254
f 250 249 248
f 254 251 250
f 261 260 259
f 284 283 282
f 297 296 295
f 299 303 302
f 302 301 300
f 310 309 308
f 344 349 348
f 347 346 345
f 344 348 347
f 350 354 353
f 353 352 351
f 456 455 454
f 458 464 463
f 463 462 461
f 463 461 460
f 459 458 463
f 465 470 469
f 469 468 467
f 466 465 469
f 471 476 475
f 475 474 473
f 472 471 475
f 477 482 481
f 481 480 479
f 478 477 481
f 517 522 521
f 521 520 519
f 519 518 517
f 523 527 526
f 526 525 524
f 528 533 532
f 532 531 530
f 529 528 532
f 534 538 537
f 537 536 535
f 539 544 543
f 543 542 541
f 540 539 543
f 682 686 685
f 685 684 683
f 689 688 687
f 691 695 694
f 694 693 692
f 698 697 696
f 710 709 708
f 714 713 712
f 730 729 728
f 745 749 748
f 748 747 746
f 752 751 750
f 760 759 758
f 762 766 765
f 765 764 763
f 769 768 767
f 793 797 796
f 796 795 794
f 798 803 802
f 802 801 800
f 799 798 802
f 804 809 808
f 808 807 806
f 805 804 808
f 812 811 810
f 814 819 818
f 818 817 816
f 815 814 818
f 820 825 824
f 824 823 822
f 821 820 824
f 828 827 826
f 830 834 833
f 833 832 831
f 835 841 840
f 840 839 838
f 840 838 837
f 836 835 840
f 844 843 842
f 848 847 846
f 850 854 853
f 853 852 851
f 858 857 856
f 859 863 862
f 862 861 860
f 867 866 865
f 868 872 871
f 871 870 869
f 888 887 886
f 890 896 895
f 894 893 892
f 890 895 894
f 894 892 891
f 899 898 897
f 903 902 901
f 907 906 905
f 911 910 909
f 918 922 921
f 921 920 919
f 923 927 926
f 925 924 923
f 934 939 938
f 938 937 936
f 936 935 934
f 940 945 944
f 944 943 942
f 941 940 944
f 1220 1219 1218
f 1330 1334 1333
f 1333 1332 1331
f 1337 1336 1335
f 1493 1492 1491
f 1501 1500 1499
f 1565 1564 1563
f 1567 1571 1570
f 1570 1569 1568
f 1690 1695 1694
f 1694 1693 1692
f 1692 1691 1690
f 1696 1702 1701
f 1701 1700 1699
f 1699 1698 1697
f 1697 1696 1701
f 1703 1707 1706
f 1706 1705 1704
f 1708 1713 1712
f 1712 1711 1710
f 1709 1708 1712
f 1714 1719 1718
f 1718 1717 1716
f 1715 1714 1718
f 1738 1737 1736
f 1740 1745 1744
f 1744 1743 1742
f 1741 1740 1744
f 1746 1751 1750
f 1750 1749 1748
f 1747 1746 1750
f 1831 1830 1829
f 1837 1842 1841
f 1840 1839 1838
f 1837 1841 1840
f 1845 1844 1843
f 1849 1848 1847
f 1854 1853 1852
f 1855 1859 1858
f 1857 1856 1855
f 1860 1864 1863
f 1862 1861 1860
f 1886 1885 1884
f 1896 1900 1899
f 1899 1898 1897
f 1901 1906 1905
f 1905 1904 1903
f 1902 1901 1905
f 1933 1938 1937
f 1937 1936 1935
f 1934 1933 1937
f 1939 1943 1942
f 1942 1941 1940
f 1946 1945 1944
f 1959 1958 1957
f 1961 1965 1964
f 1964 1963 1962
f 1966 1970 1969
f 1969 1968 1967
f 2001 2000 1999
f 2005 2004 2003
f 2007 2012 2011
f 2011 2010 2009
f 2008 2007 2011
f 2013 2018 2017
f 2017 2016 2015
f 2014 2013 2017
f 2021 2020 2019
f 2023 2028 2027
f 2027 2026 2025
f 2024 2023 2027
f 2029 2034 2033
f 2033 2032 2031
f 2030 2029 2033
f 2061 2067 2066
f 2066 2065 2064
f 2064 2063 2062
f 2062 2061 2066
f 2068 2074 2073
f 2073 2072 2071
f 2071 2070 2069
f 2069 2068 2073
f 2093 2092 2091
f 2095 2100 2099
f 2099 2098 2097
f 2096 2095 2099
f 2101 2106 2105
f 2105 2104 2103
f 2102 2101 2105
f 2252 2256 2255
f 2254 2253 2252
f 2262 2261 2260
f 2264 2268 2267
f 2267 2266 2265
f 2280 2279 2278
f 2282 2286 2285
f 2285 2284 2283
f 2296 2300 2299
f 2298 2297 2296
f 2304 2303 2302
f 2307 2306 2305
f 2311 2310 2309
f 2327 2326 2325
f 2331 2330 2329
f 2366 2365 2364
f 2368 2372 2371
f 2371 2370 2369
f 2375 2374 2373
f 2384 2383 2382
f 2449 2455 2454
f 2454 2453 2452
f 2452 2451 2450
f 2450 2449 2454
f 2456 2460 2459
f 2459 2458 2457
f 2461 2465 2464
f 2464 2463 2462
f 2466 2471 2470
f 2469 2468 2467
f 2466 2470 2469
f 2474 2473 2472
f 2476 2480 2479
f 2479 2478 2477
f 2611 2610 2609
f 2613 2617 2616
f 2616 2615 2614
f 2618 2622 2621
f 2621 2620 2619
f 2641 2640 2639
f 2645 2644 2643
f 2649 2648 2647
f 2651 2655 2654
f 2654 2653 2652
f 2658 2657 2656
f 2955 2954 2953
f 3049 3053 3052
f 3052 3051 3050
f 3056 3055 3054
f 3061 3060 3059
f 3065 3064 3063
f 3093 3098 3097
f 3097 3096 3095
f 3095 3094 3093
f 3102 3108 3107
f 3107 3106 3105
f 3105 3104 3103
f 3103 3102 3107
f 3126 3125 3124
f 3164 3163 3162
f 3174 3178 3177
f 3177 3176 3175
f 3853 3852 3851
f 3857 3856 3855
f 3861 3860 3859
f 3865 3864 3863
f 3985 3984 3983
f 3987 3992 3991
f 3991 3990 3989
f 3988 3987 3991
f 3993 3998 3997
f 3997 3996 3995
f 3994 3993 3997
f 3999 4004 4003
f 4002 4001 4000
f 3999 4003 4002
f 4048 4047 4046
f 4050 4054 4053
f 4053 4052 4051
f 4055 4059 4058
f 4058 4057 4056
f 4060 4064 4063
f 4063 4062 4061
f 4207 4206 4205
f 4209 4213 4212
f 4212 4211 4210
f 4214 4218 4217
f 4217 4216 4215
f 4244 4248 4247
f 4247 4246 4245
f 4262 4261 4260
f 4265 4264 4263
f 4267 4271 4270
f 4270 4269 4268
f 4275 4274 4273
f 4278 4277 4276
f 4280 4284 4283
f 4282 4281 4280
f 4287 4286 4285
f 4289 4294 4293
f 4293 4292 4291
f 4290 4289 4293
f 4384 4383 4382
f 4386 4390 4389
f 4389 4388 4387
f 4391 4395 4394
f 4394 4393 4392
f 4415 4414 4413
f 4419 4418 4417
f 4423 4422 4421
f 4431 4437 4436
f 4435 4434 4433
f 4431 4436 4435
f 4433 4432 4431
f 4438 4442 4441
f 4441 4440 4439
f 4480 4479 4478
f 4482 4486 4485
f 4485 4484 4483
f 4514 4513 4512
f 4516 4520 4519
f 4519 4518 4517
f 4524 4530 4529
f 4529 4528 4527
f 4526 4525 4524
f 4529 4527 4526
f 4531 4537 4536
f 4536 4535 4534
f 4534 4533 4532
f 4532 4531 4536
f 4543 4542 4541
f 4663 4662 4661
f 4667 4666 4665
f 4716 4715 4714
f 4718 4722 4721
f 4721 4720 4719
f 4888 4892 4891
f 4891 4890 4889
f 4893 4897 4896
f 4896 4895 4894
f 4898 4902 4901
f 4901 4900 4899
f 4906 4905 4904
f 4907 4911 4910
f 4910 4909 4908
f 4912 4917 4916
f 4916 4915 4914
f 4914 4913 4912
f 4937 4936 4935
f 4940 4939 4938
f 4942 4946 4945
f 4944 4943 4942
f 4950 4949 4948
f 4951 4955 4954
f 4954 4953 4952
f 4956 4960 4959
f 4959 4958 4957
f 4961 4966 4965
f 4965 4964 4963
f 4962 4961 4965
f 4967 4972 4971
f 4971 4970 4969
f 4969 4968 4967
f 4975 4974 4973
f 4977 4982 4981
f 4981 4980 4979
f 4978 4977 4981
f 4983 4988 4987
f 4987 4986 4985
f 4984 4983 4987
f 4991 4990 4989
f 4995 4994 4993
f 4997 5001 5000
f 5000 4999 4998
f 5005 5010 5009
f 5009 5008 5007
f 5006 5005 5009
f 5011 5015 5014
f 5014 5013 5012
f 5016 5020 5019
f 5019 5018 5017
f 5165 5164 5163
f 5175 5179 5178
f 5177 5176 5175
f 5180 5184 5183
f 5183 5182 5181
f 5200 5204 5203
f 5203 5202 5201
f 5377 5381 5380
f 5379 5378 5377
f 5382 5389 5388
f 5388 5387 5386
f 5386 5385 5384
f 5384 5383 5382
f 5382 5388 5386
f 5836 5835 5834
f 5888 5892 5891
f 5891 5890 5889
f 5893 5897 5896
f 5896 5895 5894
f 5900 5899 5898
f 5902 5906 5905
f 5904 5903 5902
f 5912 5911 5910
f 5914 5919 5918
f 5918 5917 5916
f 5915 5914 5918
f 5922 5921 5920
f 5924 5928 5927
f 5927 5926 5925
f 5931 5930 5929
f 5933 5937 5936
f 5936 5935 5934
f 6934 6938 6937
f 6937 6936 6935
f 6941 6940 6939
f 6943 6947 6946
f 6946 6945 6944
f 6950 6949 6948
f 6952 6956 6955
f 6954 6953 6952
f 6963 6962 6961
f 6967 6966 6965
f 6971 6970 6969
f 6975 6974 6973
f 6996 7002 7001
f 7001 7000 6999
f 7001 6999 6998
f 6997 6996 7001
f 7005 7004 7003
f 7009 7008 7007
f 7011 7015 7014
f 7014 7013 7012
f 7197 7196 7195
f 7202 7201 7200
f 7203 7207 7206
f 7205 7204 7203
f 7214 7213 7212
f 7218 7217 7216
f 7220 7224 7223
f 7223 7222 7221
f 7225 7229 7228
f 7228 7227 7226
f 7233 7232 7231
f 7252 7251 7250
f 7264 7263 7262
f 7280 7279 7278
f 7284 7283 7282
f 7289 7288 7287
f 7293 7292 7291
f 7296 7295 7294
f 7305 7304 7303
f 7308 7307 7306
f 7316 7315 7314
f 7318 7323 7322
f 7321 7320 7319
f 7318 7322 7321
f 7324 7328 7327
f 7326 7325 7324
f 7347 7346 7345
f 7351 7350 7349
f 7356 7355 7354
f 7361 7365 7364
f 7364 7363 7362
f 7366 7370 7369
f 7368 7367 7366
f 7385 7384 7383
f 7387 7392 7391
f 7391 7390 7389
f 7388 7387 7391
f 7395 7394 7393
f 7397 7401 7400
f 7400 7399 7398
f 7402 7406 7405
f 7405 7404 7403
f 7407 7411 7410
f 7410 7409 7408
f 7412 7416 7415
f 7414 7413 7412
f 7417 7424 7423
f 7422 7421 7420
f 7417 7423 7422
f 7419 7418 7417
f 7422 7420 7419
f 7945 7944 7943
f 7995 7994 7993
f 7997 8005 8004
f 8003 8002 8001
f 7997 8004 8003
f 7999 7998 7997
f 8003 8001 8000
f 8000 7999 7997
f 8103 8109 8108
f 8108 8107 8106
f 8106 8105 8104
f 8104 8103 8108
f 8112 8111 8110
f 8114 8119 8118
f 8118 8117 8116
f 8116 8115 8114
f 8124 8128 8127
f 8127 8126 8125
f 8129 8135 8134
f 8133 8132 8131
f 8129 8134 8133
f 8131 8130 8129
f 8138 8137 8136
f 8142 8141 8140
f 8198 8197 8196
f 8237 8241 8240
f 8240 8239 8238
f 8242 8248 8247
f 8247 8246 8245
f 8245 8244 8243
f 8243 8242 8247
f 8249 8253 8252
f 8252 8251 8250
f 8274 8273 8272
f 8278 8277 8276
f 8282 8281 8280
f 8284 8289 8288
f 8287 8286 8285
f 8284 8288 8287
f 8292 8291 8290
f 8294 8299 8298
f 8298 8297 8296
f 8296 8295 8294
f 8302 8301 8300
f 8306 8305 8304
f 8310 8309 8308
f 8312 8316 8315
f 8315 8314 8313
f 8496 8501 8500
f 8499 8498 8497
f 8496 8500 8499
f 8502 8507 8506
f 8505 8504 8503
f 8502 8506 8505
f 8508 8514 8513
f 8508 8513 8512
f 8510 8509 8508
f 8508 8512 8511
f 8515 8519 8518
f 8518 8517 8516
f 8520 8524 8523
f 8523 8522 8521
f 8525 8532 8531
f 8530 8529 8528
f 8525 8531 8530
f 8527 8526 8525
f 8530 8528 8527
f 8533 8537 8536
f 8536 8535 8534
f 8538 8542 8541
f 8541 8540 8539
f 8543 8547 8546
f 8546 8545 8544
f 8577 8576 8575
f 8579 8583 8582
f 8582 8581 8580
f 8586 8585 8584
f 8590 8589 8588
f 8592 8596 8595
f 8594 8593 8592
f 8597 8605 8604
f 8597 8604 8603
f 8598 8597 8603
f 8602 8601 8600
f 8598 8603 8602
f 8602 8600 8599
f 8608 8607 8606
f 8616 8620 8619
f 8619 8618 8617
f 8621 8626 8625
f 8625 8624 8623
f 8622 8621 8625
f 8627 8632 8631
f 8631 8630 8629
f 8628 8627 8631
f 8633 8637 8636
f 8636 8635 8634
f 8638 8643 8642
f 8642 8641 8640
f 8639 8638 8642
f 8986 8990 8989
f 8989 8988 8987
f 9045 9049 9048
f 9048 9047 9046
f 9053 9052 9051
f 9054 9058 9057
f 9056 9055 9054
f 9059 9065 9064
f 9064 9063 9062
f 9062 9061 9060
f 9060 9059 9064
f 9114 9113 9112
f 9116 9121 9120
f 9120 9119 9118
f 9118 9117 9116
f 9183 9182 9181
f 9185 9189 9188
f 9187 9186 9185
f 9192 9191 9190
f 9196 9195 9194
f 9298 9303 9302
f 9302 9301 9300
f 9300 9299 9298
f 9459 9463 9462
f 9461 9460 9459
f 9464 9469 9468
f 9468 9467 9466
f 9465 9464 9468
f 9472 9471 9470
f 9474 9478 9477
f 9477 9476 9475
f 9483 9488 9487
f 9487 9486 9485
f 9484 9483 9487
f 9489 9496 9495
f 9495 9494 9493
f 9493 9492 9491
f 9491 9490 9489
f 9489 9495 9493
f 9497 9501 9500
f 9500 9499 9498
f 9502 9506 9505
f 9505 9504 9503
f 9509 9508 9507
f 9513 9512 9511
f 9517 9516 9515
f 9521 9520 9519
f 9525 9524 9523
f 9527 9531 9530
f 9530 9529 9528
f 9534 9533 9532
f 9538 9537 9536
f 9688 9687 9686
f 9698 9697 9696
f 9700 9704 9703
f 9703 9702 9701
f 9722 9726 9725
f 9725 9724 9723
f 9727 9731 9730
f 9730 9729 9728
f 9739 9738 9737
f 9741 9746 9745
f 9745 9744 9743
f 9742 9741 9745
f 9897 9901 9900
f 9900 9899 9898
f 10127 10126 10125
f 10132 10131 10130
f 10135 10134 10133
f 10139 10138 10137
f 10141 10146 10145
f 10145 10144 10143
f 10142 10141 10145
f 10149 10148 10147
f 10154 10153 10152
f 10172 10171 10170
f 10176 10175 10174
f 10178 10184 10183
f 10182 10181 10180
f 10178 10183 10182
f 10180 10179 10178
f 10187 10186 10185
f 10192 10191 10190
f 10196 10195 10194
f 10299 10298 10297
f 10301 10305 10304
f 10303 10302 10301
f 10325 10329 10328
f 10328 10327 10326
f 10332 10331 10330
f 10334 10338 10337
f 10337 10336 10335
f 10341 10340 10339
f 10397 10396 10395
f 10438 10437 10436
f 10442 10441 10440
f 10446 10445 10444
f 10450 10449 10448
f 10462 10466 10465
f 10465 10464 10463
f 10467 10474 10473
f 10472 10471 10470
f 10467 10473 10472
f 10469 10468 10467
f 10472 10470 10469
f 11179 11178 11177
f 11181 11186 11185
f 11184 11183 11182
f 11181 11185 11184
f 11187 11191 11190
f 11189 11188 11187
f 11192 11196 11195
f 11195 11194 11193
f 11197 11202 11201
f 11200 11199 11198
f 11197 11201 11200
f 11203 11208 11207
f 11206 11205 11204
f 11203 11207 11206
f 11211 11210 11209
f 11215 11214 11213
f 11219 11218 11217
f 11221 11227 11226
f 11225 11224 11223
f 11221 11226 11225
f 11225 11223 11222
f 11230 11229 11228
f 11232 11236 11235
f 11235 11234 11233
f 11243 11242 11241
f 11282 11289 11288
f 11288 11287 11286
f 11285 11284 11283
f 11288 11286 11285
f 11283 11282 11288
f 11290 11294 11293
f 11293 11292 11291
f 11297 11296 11295
f 11302 11301 11300
f 11303 11307 11306
f 11306 11305 11304
f 11314 11313 11312
f 11318 11317 11316
f 11387 11386 11385
f 11388 11394 11393
f 11393 11392 11391
f 11391 11390 11389
f 11389 11388 11393
f 11397 11396 11395
f 11409 11408 11407
f 11413 11412 11411
f 11417 11416 11415
f 11419 11423 11422
f 11422 11421 11420
f 11578 11583 11582
f 11581 11580 11579
f 11578 11582 11581
f 11586 11585 11584
f 11588 11594 11593
f 11593 11592 11591
f 11593 11591 11590
f 11589 11588 11593
f 11641 11645 11644
f 11644 11643 11642
f 11646 11651 11650
f 11650 11649 11648
f 11647 11646 11650
f 11652 11657 11656
f 11656 11655 11654
f 11653 11652 11656
f 11758 11762 11761
f 11761 11760 11759
f 11854 11860 11859
f 11858 11857 11856
f 11854 11859 11858
f 11858 11856 11855
f 11861 11869 11868
f 11861 11868 11867
f 11863 11862 11861
f 11865 11864 11863
f 11861 11867 11866
f 11866 11865 11863
f 11944 11948 11947
f 11947 11946 11945
f 11949 11953 11952
f 11951 11950 11949
f 12026 12025 12024
f 12030 12029 12028
f 12037 12036 12035
f 12041 12040 12039
f 12043 12047 12046
f 12046 12045 12044
f 12050 12049 12048
f 12054 12053 12052
f 12058 12057 12056
f 12064 12068 12067
f 12067 12066 12065
f 12071 12070 12069
f 12075 12074 12073
f 12079 12078 12077
f 12081 12085 12084
f 12083 12082 12081
f 12088 12087 12086
f 12117 12123 12122
f 12121 12120 12119
f 12117 12122 12121
f 12121 12119 12118
f 12126 12125 12124
f 12128 12132 12131
f 12131 12130 12129
f 12133 12139 12138
f 12138 12137 12136
f 12136 12135 12134
f 12134 12133 12138
f 12143 12142 12141
f 12177 12183 12182
f 12182 12181 12180
f 12182 12180 12179
f 12178 12177 12182
f 12208 12212 12211
f 12211 12210 12209
f 12282 12281 12280
f 12316 12322 12321
f 12320 12319 12318
f 12316 12321 12320
f 12318 12317 12316
f 12327 12334 12333
f 12332 12331 12330
f 12327 12333 12332
f 12330 12329 12328
f 12328 12327 12332
f 12339 12343 12342
f 12342 12341 12340
f 12346 12345 12344
f 12355 12354 12353
f 12413 12417 12416
f 12416 12415 12414
f 12420 12419 12418
f 12481 12485 12484
f 12484 12483 12482
f 12564 12570 12569
f 12569 12568 12567
f 12567 12566 12565
f 12565 12564 12569
f 12589 12594 12593
f 12593 12592 12591
f 12590 12589 12593
f 12597 12596 12595
f 12653 12658 12657
f 12657 12656 12655
f 12654 12653 12657
f 12659 12666 12665
f 12665 12664 12663
f 12663 12662 12661
f 12660 12659 12665
f 12663 12661 12660
f 12669 12668 12667
f 12671 12675 12674
f 12673 12672 12671
f 12678 12677 12676
f 12682 12681 12680
f 12686 12685 12684
f 13394 13393 13392
f 13398 13397 13396
f 13402 13401 13400
f 13406 13405 13404
f 13408 13412 13411
f 13411 13410 13409
f 13415 13414 13413
f 13419 13418 13417
f 13421 13425 13424
f 13423 13422 13421
f 13426 13430 13429
f 13429 13428 13427
f 13433 13432 13431
f 13437 13436 13435
f 13439 13443 13442
f 13441 13440 13439
f 13444 13448 13447
f 13447 13446 13445
f 13451 13450 13449
f 13455 13454 13453
f 13457 13461 13460
f 13459 13458 13457
f 13464 13463 13462
f 13468 13467 13466
f 13472 13471 13470
f 13476 13475 13474
f 13478 13482 13481
f 13481 13480 13479
f 13485 13484 13483
f 13489 13488 13487
f 13491 13495 13494
f 13493 13492 13491
f 13496 13500 13499
f 13499 13498 13497
f 13503 13502 13501
f 13507 13506 13505
f 13509 13513 13512
f 13511 13510 13509
f 13514 13518 13517
f 13517 13516 13515
f 13521 13520 13519
f 13525 13524 13523
f 13527 13531 13530
f 13529 13528 13527
f 13534 13533 13532
f 13536 13540 13539
f 13539 13538 13537
f 13541 13545 13544
f 13544 13543 13542
f 13546 13550 13549
f 13548 13547 13546
f 13553 13552 13551
f 13557 13556 13555
f 13561 13560 13559
f 13565 13564 13563
f 13569 13568 13567
f 13573 13572 13571
f 13577 13576 13575
f 13581 13580 13579
f 13585 13584 13583
f 13589 13588 13587
f 13593 13592 13591
f 13597 13596 13595
f 13601 13600 13599
f 13605 13604 13603
f 13609 13608 13607
f 13613 13612 13611
f 13617 13616 13615
f 13619 13623 13622
f 13622 13621 13620
f 13624 13628 13627
f 13627 13626 13625
f 13629 13633 13632
f 13632 13631 13630
f 13636 13635 13634
f 13640 13639 13638
f 13644 13643 13642
f 13648 13647 13646
f 13652 13651 13650
f 13656 13655 13654
f 13660 13659 13658
f 13664 13663 13662
f 13668 13667 13666
f 13672 13671 13670
f 13676 13675 13674
f 13680 13679 13678
f 13684 13683 13682
f 13688 13687 13686
f 13692 13691 13690
f 13696 13695 13694
f 13700 13699 13698
f 13704 13703 13702
f 13708 13707 13706
f 13712 13711 13710
f 13716 13715 13714
f 13720 13719 13718
f 13724 13723 13722
f 13728 13727 13726
f 13732 13731 13730
f 13734 13738 13737
f 13737 13736 13735
f 13739 13743 13742
f 13742 13741 13740
f 13744 13748 13747
f 13747 13746 13745
f 13751 13750 13749
f 13755 13754 13753
f 13759 13758 13757
f 13763 13762 13761
f 13767 13766 13765
f 13771 13770 13769
f 13775 13774 13773
f 13779 13778 13777
f 13783 13782 13781
f 13787 13786 13785
f 13791 13790 13789
f 13795 13794 13793
f 13799 13798 13797
f 13803 13802 13801
f 13807 13806 13805
f 13811 13810 13809
f 13815 13814 13813
f 13817 13821 13820
f 13820 13819 13818
f 13822 13826 13825
f 13825 13824 13823
f 13827 13831 13830
f 13830 13829 13828
f 13834 13833 13832
f 13838 13837 13836
f 13842 13841 13840
f 13846 13845 13844
f 13850 13849 13848
f 13854 13853 13852
f 13858 13857 13856
f 13862 13861 13860
f 13866 13865 13864
f 13870 13869 13868
f 13874 13873 13872
f 13878 13877 13876
f 13882 13881 13880
f 13886 13885 13884
f 13890 13889 13888
f 13894 13893 13892
f 13898 13897 13896
f 13902 13901 13900
f 13906 13905 13904
f 13910 13909 13908
f 13914 13913 13912
f 13918 13917 13916
f 13922 13921 13920
f 13926 13925 13924
usemtl material_2.002
f 17 15 18
f 21 19 22
f 25 23 26
f 30 29 27
f 34 32 35
f 39 38 36
f 43 41 44
f 48 47 45
f 52 50 53
f 57 56 54
f 61 59 62
f 66 64 63
f 72 70 69
f 122 120 123
f 143 141 144
f 148 146 145
f 265 263 266
f 270 268 267
f 275 273 272
f 280 278 277
f 432 430 433
f 437 435 434
f 442 440 439
f 447 445 444
f 452 450 449
f 958 957 955
f 962 960 963
f 972 970 969
f 976 974 977
f 981 980 978
f 985 983 986
f 1230 1228 1227
f 1515 1514 1512
f 1618 1616 1615
f 1624 1622 1621
f 1637 1636 1634
f 1642 1640 1639
f 1649 1646 1645
f 1654 1652 1651
f 2109 2107 2110
f 2113 2111 2114
f 2118 2117 2115
f 2122 2120 2123
f 2127 2126 2124
f 2132 2130 2133
f 2136 2134 2137
f 2140 2138 2141
f 2144 2142 2145
f 2148 2146 2149
f 2271 2269 2272
f 2276 2275 2273
f 2289 2287 2290
f 2294 2292 2291
f 2357 2355 2358
f 2362 2361 2359
f 2379 2377 2380
f 3361 3359 3357
f 3381 3379 3378
f 3429 3427 3430
f 3466 3464 3463
f 3503 3501 3504
f 3539 3537 3540
f 3890 3888 3886
f 3922 3920 3923
f 3956 3954 3957
f 3960 3958 3961
f 4193 4191 4194
f 4198 4196 4195
f 4203 4201 4200
f 4221 4219 4222
f 4225 4223 4226
f 4230 4229 4227
f 4234 4232 4235
f 4398 4396 4399
f 4403 4401 4400
f 4408 4406 4405
f 4471 4469 4472
f 4476 4474 4473
f 4547 4545 4548
f 4552 4550 4549
f 4707 4705 4708
f 4712 4710 4709
f 5024 5023 5021
f 5028 5026 5029
f 5033 5032 5030
f 5037 5035 5038
f 5041 5039 5042
f 5045 5043 5046
f 5050 5049 5047
f 5054 5052 5055
f 5510 5508 5511
f 5514 5512 5515
f 5519 5518 5516
f 5523 5521 5524
f 5528 5527 5525
f 5532 5530 5533
f 5537 5536 5534
f 5542 5540 5543
f 5840 5838 5841
f 6911 6909 6912
f 6915 6913 6916
f 6919 6917 6920
f 6923 6921 6924
f 6928 6926 6925
f 6932 6930 6933
f 8008 8006 8009
f 8012 8010 8013
f 8017 8015 8014
f 8021 8019 8022
f 8035 8033 8036
f 8039 8037 8040
f 8045 8043 8042
f 8049 8047 8050
f 9543 9542 9540
f 9547 9545 9548
f 9551 9549 9552
f 9555 9553 9556
f 9560 9559 9557
f 9564 9562 9565
f 9569 9568 9566
f 9573 9571 9574
f 9577 9575 9578
f 9581 9579 9582
f 9586 9585 9583
f 9590 9588 9591
f 9595 9594 9592
f 9600 9598 9601
f 9679 9677 9680
f 9683 9681 9684
f 9707 9705 9708
f 9711 9709 9712
f 9716 9714 9713
f 9720 9718 9721
f 11088 11086 11089
f 11092 11090 11093
f 11097 11095 11094
f 11101 11099 11102
f 11145 11143 11146
f 11149 11147 11150
f 11258 11256 11255
f 11262 11260 11263
f 11266 11264 11267
f 11270 11268 11271
f 11276 11274 11273
f 11280 11278 11281
f 13305 13303 13306
f 13309 13307 13310
f 13314 13313 13311
f 13318 13316 13319
f 13322 13320 13323
f 13326 13324 13327
f 13330 13328 13331
f 13334 13332 13335
f 13339 13338 13336
f 13343 13341 13344
f 13348 13347 13345
f 13352 13350 13353
f 13357 13356 13354
f 13361 13359 13362
f 13366 13365 13363
f 13371 13369 13372
f 13376 13375 13373
f 13380 13378 13381
f 17 16 15
f 21 20 19
f 25 24 23
f 27 31 30
f 29 28 27
f 34 33 32
f 36 40 39
f 38 37 36
f 43 42 41
f 45 49 48
f 47 46 45
f 52 51 50
f 54 58 57
f 56 55 54
f 61 60 59
f 63 68 67
f 66 65 64
f 63 67 66
f 69 73 72
f 72 71 70
f 122 121 120
f 143 142 141
f 145 149 148
f 148 147 146
f 265 264 263
f 267 271 270
f 270 269 268
f 272 276 275
f 275 274 273
f 277 281 280
f 280 279 278
f 432 431 430
f 434 438 437
f 437 436 435
f 439 443 442
f 442 441 440
f 444 448 447
f 447 446 445
f 449 453 452
f 452 451 450
f 955 959 958
f 957 956 955
f 962 961 960
f 969 973 972
f 972 971 970
f 976 975 974
f 978 982 981
f 980 979 978
f 985 984 983
f 1230 1229 1228
f 1512 1516 1515
f 1514 1513 1512
f 1615 1619 1618
f 1618 1617 1616
f 1620 1625 1624
f 1624 1623 1622
f 1621 1620 1624
f 1634 1638 1637
f 1636 1635 1634
f 1639 1643 1642
f 1642 1641 1640
f 1644 1650 1649
f 1649 1648 1647
f 1649 1647 1646
f 1645 1644 1649
f 1651 1656 1655
f 1654 1653 1652
f 1651 1655 1654
f 2109 2108 2107
f 2113 2112 2111
f 2115 2119 2118
f 2117 2116 2115
f 2122 2121 2120
f 2124 2129 2128
f 2124 2128 2127
f 2126 2125 2124
f 2132 2131 2130
f 2136 2135 2134
f 2140 2139 2138
f 2144 2143 2142
f 2148 2147 2146
f 2271 2270 2269
f 2273 2277 2276
f 2275 2274 2273
f 2289 2288 2287
f 2291 2295 2294
f 2294 2293 2292
f 2357 2356 2355
f 2359 2363 2362
f 2361 2360 2359
f 2379 2378 2377
f 3357 3362 3361
f 3361 3360 3359
f 3359 3358 3357
f 3378 3382 3381
f 3381 3380 3379
f 3429 3428 3427
f 3463 3467 3466
f 3466 3465 3464
f 3503 3502 3501
f 3539 3538 3537
f 3886 3891 3890
f 3890 3889 3888
f 3888 3887 3886
f 3922 3921 3920
f 3956 3955 3954
f 3960 3959 3958
f 4193 4192 4191
f 4195 4199 4198
f 4198 4197 4196
f 4200 4204 4203
f 4203 4202 4201
f 4221 4220 4219
f 4225 4224 4223
f 4227 4231 4230
f 4229 4228 4227
f 4234 4233 4232
f 4398 4397 4396
f 4400 4404 4403
f 4403 4402 4401
f 4405 4409 4408
f 4408 4407 4406
f 4471 4470 4469
f 4473 4477 4476
f 4476 4475 4474
f 4547 4546 4545
f 4549 4553 4552
f 4552 4551 4550
f 4707 4706 4705
f 4709 4713 4712
f 4712 4711 4710
f 5021 5025 5024
f 5023 5022 5021
f 5028 5027 5026
f 5030 5034 5033
f 5032 5031 5030
f 5037 5036 5035
f 5041 5040 5039
f 5045 5044 5043
f 5047 5051 5050
f 5049 5048 5047
f 5054 5053 5052
f 5510 5509 5508
f 5514 5513 5512
f 5516 5520 5519
f 5518 5517 5516
f 5523 5522 5521
f 5525 5529 5528
f 5527 5526 5525
f 5532 5531 5530
f 5534 5539 5538
f 5534 5538 5537
f 5536 5535 5534
f 5542 5541 5540
f 5840 5839 5838
f 6911 6910 6909
f 6915 6914 6913
f 6919 6918 6917
f 6923 6922 6921
f 6925 6929 6928
f 6928 6927 6926
f 6932 6931 6930
f 8008 8007 8006
f 8012 8011 8010
f 8014 8018 8017
f 8017 8016 8015
f 8021 8020 8019
f 8035 8034 8033
f 8039 8038 8037
f 8041 8046 8045
f 8045 8044 8043
f 8042 8041 8045
f 8049 8048 8047
f 9540 9544 9543
f 9542 9541 9540
f 9547 9546 9545
f 9551 9550 9549
f 9555 9554 9553
f 9557 9561 9560
f 9559 9558 9557
f 9564 9563 9562
f 9566 9570 9569
f 9568 9567 9566
f 9573 9572 9571
f 9577 9576 9575
f 9581 9580 9579
f 9583 9587 9586
f 9585 9584 9583
f 9590 9589 9588
f 9592 9597 9596
f 9592 9596 9595
f 9594 9593 9592
f 9600 9599 9598
f 9679 9678 9677
f 9683 9682 9681
f 9707 9706 9705
f 9711 9710 9709
f 9713 9717 9716
f 9716 9715 9714
f 9720 9719 9718
f 11088 11087 11086
f 11092 11091 11090
f 11094 11098 11097
f 11097 11096 11095
f 11101 11100 11099
f 11145 11144 11143
f 11149 11148 11147
f 11255 11259 11258
f 11258 11257 11256
f 11262 11261 11260
f 11266 11265 11264
f 11270 11269 11268
f 11272 11277 11276
f 11276 11275 11274
f 11273 11272 11276
f 11280 11279 11278
f 13305 13304 13303
f 13309 13308 13307
f 13311 13315 13314
f 13313 13312 13311
f 13318 13317 13316
f 13322 13321 13320
f 13326 13325 13324
f 13330 13329 13328
f 13334 13333 13332
f 13336 13340 13339
f 13338 13337 13336
f 13343 13342 13341
f 13345 13349 13348
f 13347 13346 13345
f 13352 13351 13350
f 13354 13358 13357
f 13356 13355 13354
f 13361 13360 13359
f 13363 13368 13367
f 13363 13367 13366
f 13365 13364 13363
f 13371 13370 13369
f 13373 13377 13376
f 13375 13374 13373
f 13380 13379 13378
usemtl material_3.002
f 76 74 77
f 1574 1572 1575
f 1599 1597 1600
f 1605 1603 1601
f 1609 1607 1610
f 1613 1611 1614
f 2243 2241 2244
f 2323 2321 2319
f 2335 2333 2336
f 2339 2337 2340
f 2349 2347 2350
f 2353 2351 2354
f 2855 2853 2856
f 2859 2857 2860
f 2863 2861 2864
f 2867 2865 2868
f 2880 2878 2881
f 2884 2882 2885
f 2888 2886 2889
f 2892 2890 2893
f 2907 2905 2908
f 2911 2909 2912
f 2915 2913 2916
f 2919 2917 2920
f 2923 2921 2924
f 2927 2925 2928
f 2931 2929 2932
f 2935 2933 2936
f 2939 2937 2940
f 2943 2941 2944
f 2947 2945 2948
f 2951 2949 2952
f 3433 3431 3434
f 3437 3435 3438
f 3441 3439 3442
f 3445 3443 3446
f 3449 3447 3450
f 3579 3577 3580
f 3583 3581 3584
f 3587 3585 3588
f 3591 3589 3592
f 3641 3639 3642
f 3645 3643 3646
f 3649 3647 3650
f 3653 3651 3654
f 3699 3697 3700
f 3703 3701 3704
f 3707 3705 3708
f 3711 3709 3712
f 3765 3763 3766
f 3769 3767 3770
f 3773 3771 3774
f 3777 3775 3778
f 3819 3817 3820
f 3823 3821 3824
f 3827 3825 3828
f 3831 3829 3832
f 4429 4427 4425
f 4445 4443 4446
f 4449 4447 4450
f 4453 4451 4454
f 4463 4461 4464
f 4467 4465 4468
f 4510 4508 4506
f 4671 4669 4672
f 4685 4683 4686
f 4689 4687 4690
f 4699 4697 4700
f 4703 4701 4704
f 6062 6060 6063
f 7040 7038 7041
f 8027 8025 8023
f 8053 8051 8054
f 8057 8055 8058
f 8061 8059 8062
f 8075 8073 8076
f 8079 8077 8080
f 9924 9922 9925
f 11062 11060 11063
f 11074 11072 11070
f 11105 11103 11106
f 11109 11107 11110
f 11123 11121 11124
f 11127 11125 11128
f 11137 11135 11133
f 11153 11151 11154
f 11157 11155 11158
f 11171 11169 11172
f 11175 11173 11176
f 15901 15899 15902
f 15925 15923 15926
f 15933 15931 15934
f 76 75 74
f 1574 1573 1572
f 1599 1598 1597
f 1601 1606 1605
f 1605 1604 1603
f 1603 1602 1601
f 1609 1608 1607
f 1613 1612 1611
f 2243 2242 2241
f 2319 2324 2323
f 2323 2322 2321
f 2321 2320 2319
f 2335 2334 2333
f 2339 2338 2337
f 2349 2348 2347
f 2353 2352 2351
f 2855 2854 2853
f 2859 2858 2857
f 2863 2862 2861
f 2867 2866 2865
f 2880 2879 2878
f 2884 2883 2882
f 2888 2887 2886
f 2892 2891 2890
f 2907 2906 2905
f 2911 2910 2909
f 2915 2914 2913
f 2919 2918 2917
f 2923 2922 2921
f 2927 2926 2925
f 2931 2930 2929
f 2935 2934 2933
f 2939 2938 2937
f 2943 2942 2941
f 2947 2946 2945
f 2951 2950 2949
f 3433 3432 3431
f 3437 3436 3435
f 3441 3440 3439
f 3445 3444 3443
f 3449 3448 3447
f 3579 3578 3577
f 3583 3582 3581
f 3587 3586 3585
f 3591 3590 3589
f 3641 3640 3639
f 3645 3644 3643
f 3649 3648 3647
f 3653 3652 3651
f 3699 3698 3697
f 3703 3702 3701
f 3707 3706 3705
f 3711 3710 3709
f 3765 3764 3763
f 3769 3768 3767
f 3773 3772 3771
f 3777 3776 3775
f 3819 3818 3817
f 3823 3822 3821
f 3827 3826 3825
f 3831 3830 3829
f 4425 4430 4429
f 4429 4428 4427
f 4427 4426 4425
f 4445 4444 4443
f 4449 4448 4447
f 4453 4452 4451
f 4463 4462 4461
f 4467 4466 4465
f 4506 4511 4510
f 4510 4509 4508
f 4508 4507 4506
f 4671 4670 4669
f 4685 4684 4683
f 4689 4688 4687
f 4699 4698 4697
f 4703 4702 4701
f 6062 6061 6060
f 7040 7039 7038
f 8023 8028 8027
f 8027 8026 8025
f 8025 8024 8023
f 8053 8052 8051
f 8057 8056 8055
f 8061 8060 8059
f 8075 8074 8073
f 8079 8078 8077
f 9924 9923 9922
f 11062 11061 11060
f 11070 11075 11074
f 11074 11073 11072
f 11072 11071 11070
f 11105 11104 11103
f 11109 11108 11107
f 11123 11122 11121
f 11127 11126 11125
f 11133 11138 11137
f 11137 11136 11135
f 11135 11134 11133
f 11153 11152 11151
f 11157 11156 11155
f 11171 11170 11169
f 11175 11174 11173
f 15901 15900 15899
f 15925 15924 15923
f 15933 15932 15931
usemtl material_4.002
f 80 78 81
f 100 97 96
f 485 483 486
f 489 487 490
f 493 491 494
f 498 496 495
f 502 500 503
f 506 504 507
f 510 508 511
f 515 513 512
f 548 546 545
f 555 552 551
f 564 561 560
f 570 568 571
f 574 572 575
f 579 577 576
f 588 586 585
f 593 591 590
f 600 598 601
f 604 602 605
f 609 607 606
f 616 614 617
f 621 619 618
f 628 626 629
f 649 647 646
f 657 654 653
f 666 663 662
f 1561 1559 1557
f 2345 2343 2341
f 4298 4296 4295
f 4302 4300 4303
f 4307 4305 4304
f 4311 4309 4312
f 4316 4314 4313
f 4323 4320 4319
f 4329 4327 4330
f 4334 4332 4331
f 4337 4335 4338
f 4341 4339 4342
f 4349 4347 4350
f 4354 4352 4351
f 4361 4359 4362
f 4366 4364 4363
f 4374 4371 4368
f 4459 4457 4455
f 4695 4693 4691
f 8071 8069 8067
f 11119 11117 11115
f 11167 11165 11163
f 80 79 78
f 96 102 101
f 100 99 98
f 96 101 100
f 100 98 97
f 485 484 483
f 489 488 487
f 493 492 491
f 495 499 498
f 498 497 496
f 502 501 500
f 506 505 504
f 510 509 508
f 512 516 515
f 515 514 513
f 545 549 548
f 548 547 546
f 550 558 557
f 550 557 556
f 551 550 556
f 555 554 553
f 551 556 555
f 555 553 552
f 559 567 566
f 559 566 565
f 560 559 565
f 564 563 562
f 560 565 564
f 564 562 561
f 570 569 568
f 574 573 572
f 579 578 577
f 584 589 588
f 588 587 586
f 585 584 588
f 593 592 591
f 600 599 598
f 604 603 602
f 609 608 607
f 616 615 614
f 621 620 619
f 628 627 626
f 646 650 649
f 649 648 647
f 651 660 659
f 651 659 658
f 652 651 658
f 657 656 655
f 652 658 657
f 653 652 657
f 657 655 654
f 661 669 668
f 661 668 667
f 662 661 667
f 666 665 664
f 662 667 666
f 666 664 663
f 1557 1562 1561
f 1561 1560 1559
f 1559 1558 1557
f 2341 2346 2345
f 2345 2344 2343
f 2343 2342 2341
f 4295 4299 4298
f 4298 4297 4296
f 4302 4301 4300
f 4304 4308 4307
f 4307 4306 4305
f 4311 4310 4309
f 4313 4317 4316
f 4316 4315 4314
f 4318 4326 4325
f 4318 4325 4324
f 4319 4318 4324
f 4323 4322 4321
f 4319 4324 4323
f 4323 4321 4320
f 4329 4328 4327
f 4334 4333 4332
f 4337 4336 4335
f 4341 4340 4339
f 4349 4348 4347
f 4354 4353 4352
f 4361 4360 4359
f 4363 4367 4366
f 4366 4365 4364
f 4368 4377 4376
f 4368 4376 4375
f 4370 4369 4368
f 4373 4372 4371
f 4371 4370 4368
f 4368 4375 4374
f 4374 4373 4371
f 4455 4460 4459
f 4459 4458 4457
f 4457 4456 4455
f 4691 4696 4695
f 4695 4694 4693
f 4693 4692 4691
f 8067 8072 8071
f 8071 8070 8069
f 8069 8068 8067
f 11115 11120 11119
f 11119 11118 11117
f 11117 11116 11115
f 11163 11168 11167
f 11167 11166 11165
f 11165 11164 11163
usemtl material_5.002
f 84 82 85
f 224 222 221
f 228 226 225
f 357 355 358
f 361 359 362
f 365 363 366
f 370 368 367
f 375 373 371
f 379 377 380
f 387 384 383
f 393 391 390
f 396 394 397
f 401 399 398
f 406 404 403
f 411 409 408
f 415 413 416
f 420 418 417
f 424 422 425
f 428 426 429
f 733 731 734
f 916 914 913
f 932 930 929
f 990 988 987
f 995 993 992
f 1121 1119 1118
f 1125 1123 1126
f 1129 1127 1130
f 1133 1131 1134
f 1137 1135 1138
f 1141 1139 1142
f 1145 1143 1146
f 1149 1147 1150
f 1153 1151 1154
f 1157 1155 1158
f 1161 1159 1162
f 1165 1163 1166
f 1169 1167 1170
f 1225 1223 1222
f 1244 1242 1245
f 1248 1246 1249
f 1271 1269 1272
f 1297 1295 1298
f 1317 1315 1314
f 1359 1357 1360
f 1363 1361 1364
f 1367 1365 1368
f 1373 1371 1370
f 1378 1376 1375
f 1382 1381 1380
f 1385 1384 1383
f 1388 1386 1389
f 1392 1390 1393
f 1425 1423 1422
f 1431 1429 1428
f 1436 1434 1433
f 1442 1440 1439
f 1451 1449 1448
f 1456 1454 1453
f 1461 1459 1458
f 1466 1464 1463
f 1506 1505 1503
f 1510 1508 1511
f 1520 1518 1517
f 1524 1522 1525
f 1530 1528 1526
f 1534 1533 1532
f 1538 1537 1535
f 1542 1541 1540
f 1545 1543 1546
f 1578 1576 1579
f 1583 1582 1580
f 1588 1586 1585
f 1591 1589 1592
f 1662 1659 1658
f 1953 1950 1949
f 2176 2174 2177
f 2180 2178 2181
f 2184 2182 2185
f 2188 2186 2189
f 2192 2190 2193
f 2210 2208 2211
f 2214 2212 2215
f 2218 2216 2219
f 2222 2220 2223
f 2226 2224 2227
f 2439 2438 2436
f 2444 2442 2441
f 2496 2494 2493
f 2501 2499 2498
f 2506 2504 2503
f 2511 2509 2508
f 3131 3129 3128
f 3135 3133 3136
f 3172 3170 3173
f 3870 3868 3867
f 3875 3873 3872
f 3880 3878 3877
f 3884 3882 3885
f 3926 3924 3927
f 3930 3928 3931
f 3934 3932 3935
f 3938 3936 3939
f 4029 4027 4030
f 4034 4032 4031
f 4039 4037 4036
f 4044 4043 4041
f 4380 4378 4381
f 4489 4488 4487
f 4492 4491 4490
f 4556 4554 4557
f 4560 4558 4561
f 4564 4562 4565
f 4569 4567 4566
f 4576 4575 4571
f 4583 4581 4580
f 4588 4586 4585
f 4592 4590 4593
f 4597 4595 4594
f 4603 4601 4600
f 4606 4604 4607
f 4610 4608 4611
f 4614 4612 4615
f 4675 4674 4673
f 4678 4677 4676
f 4681 4679 4682
f 4845 4843 4846
f 5142 5140 5143
f 5154 5151 5149
f 5160 5158 5157
f 5169 5167 5166
f 5173 5171 5174
f 5187 5185 5188
f 5198 5196 5199
f 5209 5207 5206
f 5251 5250 5249
f 5254 5252 5255
f 5264 5262 5261
f 5270 5268 5267
f 5282 5280 5283
f 5286 5284 5287
f 5291 5289 5288
f 5295 5293 5296
f 5299 5297 5300
f 5303 5301 5304
f 5308 5306 5305
f 5312 5310 5313
f 5322 5321 5320
f 5325 5324 5323
f 5330 5328 5327
f 5334 5332 5335
f 5347 5345 5348
f 5351 5349 5352
f 5362 5359 5358
f 5370 5368 5371
f 5375 5373 5372
f 5401 5399 5402
f 5406 5404 5403
f 5410 5408 5411
f 5414 5412 5415
f 5507 5506 5505
f 5620 5618 5621
f 5624 5622 5625
f 5628 5626 5629
f 5632 5630 5633
f 5636 5634 5637
f 5640 5638 5641
f 5708 5706 5705
f 5714 5712 5711
f 5720 5718 5717
f 5724 5722 5725
f 5728 5726 5729
f 5732 5730 5733
f 5736 5734 5737
f 5740 5738 5741
f 5744 5742 5745
f 5775 5773 5772
f 5781 5779 5778
f 5787 5785 5784
f 5845 5843 5842
f 5850 5848 5847
f 6038 6036 6039
f 6042 6040 6043
f 6046 6044 6047
f 6050 6048 6051
f 6054 6052 6055
f 6058 6056 6059
f 6407 6405 6404
f 6413 6411 6410
f 6419 6417 6416
f 6425 6423 6422
f 6429 6427 6430
f 6433 6431 6434
f 6437 6435 6438
f 6441 6439 6442
f 6445 6443 6446
f 6449 6447 6450
f 6453 6451 6454
f 6457 6455 6458
f 6691 6689 6692
f 6697 6695 6694
f 6701 6699 6702
f 6707 6705 6704
f 6711 6709 6712
f 6715 6713 6716
f 6719 6717 6720
f 6723 6721 6724
f 6727 6725 6728
f 6731 6729 6732
f 6847 6845 6848
f 6853 6851 6850
f 6857 6855 6858
f 6863 6861 6860
f 6867 6865 6868
f 6871 6869 6872
f 6875 6873 6876
f 6879 6877 6880
f 6883 6881 6884
f 6887 6885 6888
f 7619 7617 7620
f 7639 7637 7640
f 7643 7641 7644
f 7666 7664 7663
f 7686 7684 7683
f 7691 7689 7692
f 7695 7693 7696
f 7731 7729 7732
f 7748 7746 7749
f 7752 7750 7753
f 7757 7755 7754
f 7762 7760 7763
f 7766 7764 7767
f 7807 7805 7808
f 7811 7809 7812
f 7815 7813 7816
f 7819 7817 7820
f 7897 7895 7898
f 7919 7917 7920
f 8031 8029 8032
f 8101 8099 8102
f 8150 8148 8151
f 8171 8169 8168
f 8175 8173 8172
f 8178 8176 8179
f 8183 8181 8180
f 8186 8184 8187
f 8195 8193 8192
f 8202 8200 8203
f 8206 8204 8207
f 8266 8264 8267
f 8270 8268 8271
f 8320 8318 8317
f 8326 8324 8323
f 8330 8328 8331
f 8335 8334 8332
f 8339 8337 8340
f 8344 8342 8341
f 8349 8347 8346
f 8354 8352 8351
f 8358 8356 8359
f 8363 8361 8360
f 8462 8460 8463
f 8468 8466 8465
f 8472 8470 8473
f 8478 8476 8475
f 8551 8549 8548
f 8556 8554 8553
f 8560 8558 8561
f 8613 8611 8610
f 8761 8759 8762
f 8811 8809 8812
f 8917 8915 8914
f 8925 8924 8921
f 8930 8928 8931
f 8935 8933 8932
f 8941 8939 8938
f 8945 8943 8942
f 8948 8946 8949
f 8952 8950 8953
f 8956 8954 8957
f 8961 8959 8958
f 8964 8962 8965
f 8968 8966 8969
f 8973 8971 8970
f 8976 8974 8977
f 8980 8978 8981
f 8984 8982 8985
f 8993 8991 8994
f 9019 9017 9020
f 9025 9023 9022
f 9029 9027 9030
f 9035 9033 9032
f 9043 9041 9044
f 9068 9066 9069
f 9074 9072 9071
f 9079 9077 9076
f 9084 9082 9081
f 9090 9088 9087
f 9094 9092 9095
f 9098 9096 9099
f 9106 9104 9107
f 9110 9108 9111
f 9130 9128 9131
f 9136 9134 9133
f 9160 9158 9161
f 9166 9164 9163
f 9179 9177 9176
f 9201 9199 9198
f 9213 9211 9214
f 9235 9233 9236
f 9239 9237 9240
f 9245 9243 9242
f 9249 9247 9250
f 9255 9253 9252
f 9284 9282 9281
f 9288 9286 9289
f 9306 9304 9307
f 9310 9308 9311
f 9318 9316 9319
f 9323 9321 9320
f 9327 9325 9328
f 9399 9398 9397
f 9402 9401 9400
f 9405 9403 9406
f 9409 9407 9410
f 9413 9411 9414
f 9417 9415 9418
f 9424 9421 9420
f 9429 9428 9427
f 9432 9431 9430
f 9439 9437 9440
f 9443 9441 9444
f 9448 9446 9445
f 9452 9450 9453
f 9457 9455 9454
f 9481 9479 9482
f 10162 10160 10159
f 10168 10166 10164
f 10218 10216 10215
f 10226 10223 10221
f 10253 10251 10254
f 10259 10257 10256
f 10263 10261 10264
f 10267 10265 10268
f 10275 10273 10276
f 10279 10277 10280
f 10361 10359 10358
f 10364 10362 10365
f 10424 10423 10422
f 10431 10430 10429
f 10460 10458 10461
f 10641 10639 10638
f 10645 10643 10642
f 10648 10646 10649
f 10652 10650 10653
f 10656 10654 10657
f 10660 10658 10661
f 10664 10662 10665
f 10668 10666 10669
f 10706 10704 10707
f 10710 10708 10711
f 10714 10712 10715
f 10718 10716 10719
f 10859 10857 10860
f 10863 10861 10864
f 10867 10865 10868
f 10871 10869 10872
f 10875 10873 10876
f 10879 10877 10880
f 10883 10881 10884
f 10887 10885 10888
f 10891 10889 10892
f 10895 10893 10896
f 10899 10897 10900
f 10903 10901 10904
f 10907 10905 10908
f 10911 10909 10912
f 10915 10913 10916
f 10919 10917 10920
f 10923 10921 10924
f 10927 10925 10928
f 10931 10929 10932
f 10935 10933 10936
f 10939 10937 10940
f 10943 10941 10944
f 10947 10945 10948
f 10951 10949 10952
f 10955 10953 10956
f 10959 10957 10960
f 10963 10961 10964
f 10967 10965 10968
f 11010 11008 11007
f 11014 11012 11011
f 11021 11020 11017
f 11248 11247 11245
f 11310 11308 11311
f 11322 11320 11323
f 11339 11337 11340
f 11344 11342 11341
f 11347 11345 11348
f 11351 11349 11352
f 11356 11354 11353
f 11359 11357 11360
f 11401 11399 11402
f 11405 11403 11406
f 11426 11424 11427
f 11431 11429 11428
f 11435 11433 11436
f 11440 11438 11437
f 11445 11443 11442
f 11450 11448 11447
f 11454 11452 11455
f 11459 11457 11456
f 11555 11553 11556
f 11561 11559 11558
f 11765 11763 11766
f 11771 11769 11768
f 11785 11783 11786
f 11791 11789 11788
f 11796 11794 11793
f 11801 11799 11798
f 11805 11803 11806
f 11810 11808 11807
f 11814 11812 11815
f 11824 11820 11819
f 11831 11829 11828
f 11839 11837 11840
f 11844 11843 11841
f 11852 11850 11853
f 11882 11880 11883
f 11886 11884 11887
f 11890 11889 11888
f 11893 11891 11894
f 11897 11895 11898
f 11906 11904 11907
f 11942 11940 11943
f 11956 11954 11957
f 11965 11963 11962
f 12009 12007 12010
f 12015 12013 12012
f 12019 12018 12017
f 12022 12020 12023
f 12034 12033 12032
f 12092 12090 12093
f 12096 12095 12094
f 12115 12113 12116
f 12147 12146 12144
f 12151 12149 12152
f 12155 12153 12156
f 12164 12162 12161
f 12168 12166 12165
f 12171 12169 12172
f 12175 12173 12176
f 12186 12184 12187
f 12195 12193 12192
f 12199 12197 12196
f 12202 12200 12203
f 12206 12204 12207
f 12266 12264 12267
f 12270 12268 12271
f 12278 12276 12279
f 12298 12296 12299
f 12302 12300 12303
f 12314 12312 12315
f 12325 12323 12326
f 12337 12335 12338
f 12350 12348 12351
f 12384 12382 12385
f 12390 12388 12387
f 12394 12392 12395
f 12399 12397 12396
f 12411 12410 12408
f 12425 12423 12422
f 12433 12431 12434
f 12449 12447 12450
f 12453 12451 12454
f 12457 12455 12458
f 12488 12486 12489
f 12501 12499 12498
f 12505 12503 12506
f 12509 12507 12510
f 12514 12512 12511
f 12518 12516 12519
f 12522 12520 12523
f 12558 12556 12559
f 12562 12560 12563
f 12574 12572 12571
f 12578 12576 12579
f 12583 12581 12580
f 12587 12585 12588
f 12607 12605 12608
f 12613 12611 12610
f 12637 12635 12638
f 12643 12641 12640
f 12916 12914 12917
f 12972 12970 12973
f 12987 12985 12988
f 12996 12994 12997
f 13009 13007 13006
f 13052 13050 13053
f 13056 13054 13057
f 13060 13058 13061
f 13064 13062 13065
f 13068 13066 13069
f 13072 13070 13073
f 13076 13074 13077
f 13080 13078 13081
f 13106 13104 13107
f 13146 13144 13147
f 13151 13149 13148
f 13154 13152 13155
f 13158 13156 13159
f 13162 13160 13163
f 13166 13164 13167
f 13170 13168 13171
f 13264 13262 13265
f 13287 13285 13288
f 14405 14403 14402
f 14412 14409 14408
f 14417 14415 14418
f 14423 14421 14420
f 14430 14427 14426
f 14435 14433 14436
f 14440 14438 14437
f 14444 14442 14445
f 14449 14448 14446
f 14453 14451 14454
f 14457 14455 14458
f 14461 14459 14462
f 14466 14464 14463
f 14470 14468 14471
f 14475 14474 14472
f 14479 14477 14480
f 14483 14481 14484
f 14487 14485 14488
f 84 83 82
f 224 223 222
f 228 227 226
f 357 356 355
f 361 360 359
f 365 364 363
f 370 369 368
f 371 376 375
f 375 374 373
f 373 372 371
f 379 378 377
f 381 389 388
f 387 386 385
f 381 388 387
f 382 381 387
f 387 385 384
f 383 382 387
f 393 392 391
f 396 395 394
f 398 402 401
f 401 400 399
f 403 407 406
f 406 405 404
f 408 412 411
f 411 410 409
f 415 414 413
f 417 421 420
f 420 419 418
f 424 423 422
f 428 427 426
f 733 732 731
f 913 917 916
f 916 915 914
f 928 933 932
f 932 931 930
f 929 928 932
f 987 991 990
f 990 989 988
f 992 996 995
f 995 994 993
f 1117 1122 1121
f 1121 1120 1119
f 1118 1117 1121
f 1125 1124 1123
f 1129 1128 1127
f 1133 1132 1131
f 1137 1136 1135
f 1141 1140 1139
f 1145 1144 1143
f 1149 1148 1147
f 1153 1152 1151
f 1157 1156 1155
f 1161 1160 1159
f 1165 1164 1163
f 1169 1168 1167
f 1221 1226 1225
f 1225 1224 1223
f 1222 1221 1225
f 1244 1243 1242
f 1248 1247 1246
f 1271 1270 1269
f 1297 1296 1295
f 1317 1316 1315
f 1359 1358 1357
f 1363 1362 1361
f 1367 1366 1365
f 1369 1374 1373
f 1373 1372 1371
f 1370 1369 1373
f 1375 1379 1378
f 1378 1377 1376
f 1388 1387 1386
f 1392 1391 1390
f 1422 1426 1425
f 1425 1424 1423
f 1427 1432 1431
f 1431 1430 1429
f 1428 1427 1431
f 1433 1437 1436
f 1436 1435 1434
f 1438 1443 1442
f 1442 1441 1440
f 1439 1438 1442
f 1448 1452 1451
f 1451 1450 1449
f 1453 1457 1456
f 1456 1455 1454
f 1458 1462 1461
f 1461 1460 1459
f 1463 1467 1466
f 1466 1465 1464
f 1503 1507 1506
f 1505 1504 1503
f 1510 1509 1508
f 1517 1521 1520
f 1520 1519 1518
f 1524 1523 1522
f 1526 1531 1530
f 1530 1529 1528
f 1528 1527 1526
f 1535 1539 1538
f 1537 1536 1535
f 1545 1544 1543
f 1578 1577 1576
f 1580 1584 1583
f 1582 1581 1580
f 1588 1587 1586
f 1591 1590 1589
f 1657 1664 1663
f 1662 1661 1660
f 1657 1663 1662
f 1658 1657 1662
f 1662 1660 1659
f 1948 1956 1955
f 1948 1955 1954
f 1949 1948 1954
f 1953 1952 1951
f 1949 1954 1953
f 1953 1951 1950
f 2176 2175 2174
f 2180 2179 2178
f 2184 2183 2182
f 2188 2187 2186
f 2192 2191 2190
f 2210 2209 2208
f 2214 2213 2212
f 2218 2217 2216
f 2222 2221 2220
f 2226 2225 2224
f 2436 2440 2439
f 2438 2437 2436
f 2441 2445 2444
f 2444 2443 2442
f 2493 2497 2496
f 2496 2495 2494
f 2498 2502 2501
f 2501 2500 2499
f 2503 2507 2506
f 2506 2505 2504
f 2508 2512 2511
f 2511 2510 2509
f 3128 3132 3131
f 3131 3130 3129
f 3135 3134 3133
f 3172 3171 3170
f 3867 3871 3870
f 3870 3869 3868
f 3872 3876 3875
f 3875 3874 3873
f 3877 3881 3880
f 3880 3879 3878
f 3884 3883 3882
f 3926 3925 3924
f 3930 3929 3928
f 3934 3933 3932
f 3938 3937 3936
f 4029 4028 4027
f 4031 4035 4034
f 4034 4033 4032
f 4036 4040 4039
f 4039 4038 4037
f 4041 4045 4044
f 4043 4042 4041
f 4380 4379 4378
f 4556 4555 4554
f 4560 4559 4558
f 4564 4563 4562
f 4566 4570 4569
f 4569 4568 4567
f 4571 4579 4578
f 4571 4578 4577
f 4573 4572 4571
f 4574 4573 4571
f 4571 4577 4576
f 4575 4574 4571
f 4580 4584 4583
f 4583 4582 4581
f 4585 4589 4588
f 4588 4587 4586
f 4592 4591 4590
f 4594 4599 4598
f 4597 4596 4595
f 4594 4598 4597
f 4603 4602 4601
f 4606 4605 4604
f 4610 4609 4608
f 4614 4613 4612
f 4681 4680 4679
f 4845 4844 4843
f 5142 5141 5140
f 5149 5156 5155
f 5154 5153 5152
f 5149 5155 5154
f 5151 5150 5149
f 5154 5152 5151
f 5157 5161 5160
f 5160 5159 5158
f 5166 5170 5169
f 5169 5168 5167
f 5173 5172 5171
f 5187 5186 5185
f 5198 5197 5196
f 5205 5210 5209
f 5209 5208 5207
f 5206 5205 5209
f 5254 5253 5252
f 5260 5265 5264
f 5264 5263 5262
f 5261 5260 5264
f 5266 5271 5270
f 5270 5269 5268
f 5267 5266 5270
f 5282 5281 5280
f 5286 5285 5284
f 5288 5292 5291
f 5291 5290 5289
f 5295 5294 5293
f 5299 5298 5297
f 5303 5302 5301
f 5305 5309 5308
f 5308 5307 5306
f 5312 5311 5310
f 5326 5331 5330
f 5330 5329 5328
f 5327 5326 5330
f 5334 5333 5332
f 5347 5346 5345
f 5351 5350 5349
f 5357 5364 5363
f 5362 5361 5360
f 5357 5363 5362
f 5358 5357 5362
f 5362 5360 5359
f 5370 5369 5368
f 5372 5376 5375
f 5375 5374 5373
f 5401 5400 5399
f 5403 5407 5406
f 5406 5405 5404
f 5410 5409 5408
f 5414 5413 5412
f 5620 5619 5618
f 5624 5623 5622
f 5628 5627 5626
f 5632 5631 5630
f 5636 5635 5634
f 5640 5639 5638
f 5704 5709 5708
f 5708 5707 5706
f 5705 5704 5708
f 5710 5715 5714
f 5714 5713 5712
f 5711 5710 5714
f 5716 5721 5720
f 5720 5719 5718
f 5717 5716 5720
f 5724 5723 5722
f 5728 5727 5726
f 5732 5731 5730
f 5736 5735 5734
f 5740 5739 5738
f 5744 5743 5742
f 5771 5776 5775
f 5775 5774 5773
f 5772 5771 5775
f 5777 5782 5781
f 5781 5780 5779
f 5778 5777 5781
f 5783 5788 5787
f 5787 5786 5785
f 5784 5783 5787
f 5842 5846 5845
f 5845 5844 5843
f 5847 5851 5850
f 5850 5849 5848
f 6038 6037 6036
f 6042 6041 6040
f 6046 6045 6044
f 6050 6049 6048
f 6054 6053 6052
f 6058 6057 6056
f 6403 6408 6407
f 6407 6406 6405
f 6404 6403 6407
f 6409 6414 6413
f 6413 6412 6411
f 6410 6409 6413
f 6415 6420 6419
f 6419 6418 6417
f 6416 6415 6419
f 6421 6426 6425
f 6425 6424 6423
f 6422 6421 6425
f 6429 6428 6427
f 6433 6432 6431
f 6437 6436 6435
f 6441 6440 6439
f 6445 6444 6443
f 6449 6448 6447
f 6453 6452 6451
f 6457 6456 6455
f 6691 6690 6689
f 6693 6698 6697
f 6697 6696 6695
f 6694 6693 6697
f 6701 6700 6699
f 6703 6708 6707
f 6707 6706 6705
f 6704 6703 6707
f 6711 6710 6709
f 6715 6714 6713
f 6719 6718 6717
f 6723 6722 6721
f 6727 6726 6725
f 6731 6730 6729
f 6847 6846 6845
f 6849 6854 6853
f 6853 6852 6851
f 6850 6849 6853
f 6857 6856 6855
f 6859 6864 6863
f 6863 6862 6861
f 6860 6859 6863
f 6867 6866 6865
f 6871 6870 6869
f 6875 6874 6873
f 6879 6878 6877
f 6883 6882 6881
f 6887 6886 6885
f 7619 7618 7617
f 7639 7638 7637
f 7643 7642 7641
f 7663 7668 7667
f 7666 7665 7664
f 7663 7667 7666
f 7683 7688 7687
f 7686 7685 7684
f 7683 7687 7686
f 7691 7690 7689
f 7695 7694 7693
f 7731 7730 7729
f 7748 7747 7746
f 7752 7751 7750
f 7754 7759 7758
f 7757 7756 7755
f 7754 7758 7757
f 7762 7761 7760
f 7766 7765 7764
f 7807 7806 7805
f 7811 7810 7809
f 7815 7814 7813
f 7819 7818 7817
f 7897 7896 7895
f 7919 7918 7917
f 8031 8030 8029
f 8101 8100 8099
f 8150 8149 8148
f 8171 8170 8169
f 8175 8174 8173
f 8178 8177 8176
f 8183 8182 8181
f 8186 8185 8184
f 8195 8194 8193
f 8202 8201 8200
f 8206 8205 8204
f 8266 8265 8264
f 8270 8269 8268
f 8317 8322 8321
f 8320 8319 8318
f 8317 8321 8320
f 8323 8327 8326
f 8326 8325 8324
f 8330 8329 8328
f 8332 8336 8335
f 8334 8333 8332
f 8339 8338 8337
f 8341 8345 8344
f 8344 8343 8342
f 8346 8350 8349
f 8349 8348 8347
f 8351 8355 8354
f 8354 8353 8352
f 8358 8357 8356
f 8360 8364 8363
f 8363 8362 8361
f 8462 8461 8460
f 8464 8469 8468
f 8468 8467 8466
f 8465 8464 8468
f 8472 8471 8470
f 8474 8479 8478
f 8478 8477 8476
f 8475 8474 8478
f 8548 8552 8551
f 8551 8550 8549
f 8553 8557 8556
f 8556 8555 8554
f 8560 8559 8558
f 8610 8615 8614
f 8613 8612 8611
f 8610 8614 8613
f 8761 8760 8759
f 8811 8810 8809
f 8914 8919 8918
f 8917 8916 8915
f 8914 8918 8917
f 8920 8927 8926
f 8920 8926 8925
f 8923 8922 8921
f 8921 8920 8925
f 8924 8923 8921
f 8930 8929 8928
f 8932 8937 8936
f 8935 8934 8933
f 8932 8936 8935
f 8941 8940 8939
f 8945 8944 8943
f 8948 8947 8946
f 8952 8951 8950
f 8956 8955 8954
f 8961 8960 8959
f 8964 8963 8962
f 8968 8967 8966
f 8973 8972 8971
f 8976 8975 8974
f 8980 8979 8978
f 8984 8983 8982
f 8993 8992 8991
f 9019 9018 9017
f 9021 9026 9025
f 9025 9024 9023
f 9022 9021 9025
f 9029 9028 9027
f 9031 9036 9035
f 9035 9034 9033
f 9032 9031 9035
f 9043 9042 9041
f 9068 9067 9066
f 9070 9075 9074
f 9074 9073 9072
f 9071 9070 9074
f 9076 9080 9079
f 9079 9078 9077
f 9081 9086 9085
f 9084 9083 9082
f 9081 9085 9084
f 9087 9091 9090
f 9090 9089 9088
f 9094 9093 9092
f 9098 9097 9096
f 9106 9105 9104
f 9110 9109 9108
f 9130 9129 9128
f 9132 9137 9136
f 9136 9135 9134
f 9133 9132 9136
f 9160 9159 9158
f 9162 9167 9166
f 9166 9165 9164
f 9163 9162 9166
f 9176 9180 9179
f 9179 9178 9177
f 9198 9202 9201
f 9201 9200 9199
f 9213 9212 9211
f 9235 9234 9233
f 9239 9238 9237
f 9241 9246 9245
f 9245 9244 9243
f 9242 9241 9245
f 9249 9248 9247
f 9251 9256 9255
f 9255 9254 9253
f 9252 9251 9255
f 9281 9285 9284
f 9284 9283 9282
f 9288 9287 9286
f 9306 9305 9304
f 9310 9309 9308
f 9318 9317 9316
f 9320 9324 9323
f 9323 9322 9321
f 9327 9326 9325
f 9405 9404 9403
f 9409 9408 9407
f 9413 9412 9411
f 9417 9416 9415
f 9419 9426 9425
f 9424 9423 9422
f 9419 9425 9424
f 9420 9419 9424
f 9424 9422 9421
f 9439 9438 9437
f 9443 9442 9441
f 9445 9449 9448
f 9448 9447 9446
f 9452 9451 9450
f 9454 9458 9457
f 9457 9456 9455
f 9481 9480 9479
f 10162 10161 10160
f 10163 10169 10168
f 10168 10167 10166
f 10166 10165 10164
f 10164 10163 10168
f 10215 10219 10218
f 10218 10217 10216
f 10220 10227 10226
f 10226 10225 10224
f 10223 10222 10221
f 10226 10224 10223
f 10221 10220 10226
f 10253 10252 10251
f 10255 10260 10259
f 10259 10258 10257
f 10256 10255 10259
f 10263 10262 10261
f 10267 10266 10265
f 10275 10274 10273
f 10279 10278 10277
f 10361 10360 10359
f 10364 10363 10362
f 10460 10459 10458
f 10641 10640 10639
f 10645 10644 10643
f 10648 10647 10646
f 10652 10651 10650
f 10656 10655 10654
f 10660 10659 10658
f 10664 10663 10662
f 10668 10667 10666
f 10706 10705 10704
f 10710 10709 10708
f 10714 10713 10712
f 10718 10717 10716
f 10859 10858 10857
f 10863 10862 10861
f 10867 10866 10865
f 10871 10870 10869
f 10875 10874 10873
f 10879 10878 10877
f 10883 10882 10881
f 10887 10886 10885
f 10891 10890 10889
f 10895 10894 10893
f 10899 10898 10897
f 10903 10902 10901
f 10907 10906 10905
f 10911 10910 10909
f 10915 10914 10913
f 10919 10918 10917
f 10923 10922 10921
f 10927 10926 10925
f 10931 10930 10929
f 10935 10934 10933
f 10939 10938 10937
f 10943 10942 10941
f 10947 10946 10945
f 10951 10950 10949
f 10955 10954 10953
f 10959 10958 10957
f 10963 10962 10961
f 10967 10966 10965
f 11010 11009 11008
f 11011 11015 11014
f 11014 11013 11012
f 11016 11023 11022
f 11016 11022 11021
f 11019 11018 11017
f 11017 11016 11021
f 11020 11019 11017
f 11245 11249 11248
f 11247 11246 11245
f 11310 11309 11308
f 11322 11321 11320
f 11339 11338 11337
f 11344 11343 11342
f 11347 11346 11345
f 11351 11350 11349
f 11356 11355 11354
f 11359 11358 11357
f 11401 11400 11399
f 11405 11404 11403
f 11426 11425 11424
f 11428 11432 11431
f 11431 11430 11429
f 11435 11434 11433
f 11437 11441 11440
f 11440 11439 11438
f 11442 11446 11445
f 11445 11444 11443
f 11447 11451 11450
f 11450 11449 11448
f 11454 11453 11452
f 11456 11460 11459
f 11459 11458 11457
f 11555 11554 11553
f 11557 11562 11561
f 11561 11560 11559
f 11558 11557 11561
f 11765 11764 11763
f 11767 11772 11771
f 11771 11770 11769
f 11768 11767 11771
f 11785 11784 11783
f 11787 11792 11791
f 11791 11790 11789
f 11788 11787 11791
f 11793 11797 11796
f 11796 11795 11794
f 11798 11802 11801
f 11801 11800 11799
f 11805 11804 11803
f 11807 11811 11810
f 11810 11809 11808
f 11814 11813 11812
f 11816 11827 11826
f 11816 11826 11825
f 11817 11816 11825
f 11824 11823 11822
f 11817 11825 11824
f 11818 11817 11824
f 11824 11822 11821
f 11824 11821 11820
f 11819 11818 11824
f 11828 11832 11831
f 11831 11830 11829
f 11839 11838 11837
f 11841 11845 11844
f 11843 11842 11841
f 11852 11851 11850
f 11882 11881 11880
f 11886 11885 11884
f 11893 11892 11891
f 11897 11896 11895
f 11906 11905 11904
f 11942 11941 11940
f 11956 11955 11954
f 11962 11966 11965
f 11965 11964 11963
f 12009 12008 12007
f 12011 12016 12015
f 12015 12014 12013
f 12012 12011 12015
f 12022 12021 12020
f 12092 12091 12090
f 12115 12114 12113
f 12144 12148 12147
f 12146 12145 12144
f 12151 12150 12149
f 12155 12154 12153
f 12164 12163 12162
f 12168 12167 12166
f 12171 12170 12169
f 12175 12174 12173
f 12186 12185 12184
f 12195 12194 12193
f 12199 12198 12197
f 12202 12201 12200
f 12206 12205 12204
f 12266 12265 12264
f 12270 12269 12268
f 12278 12277 12276
f 12298 12297 12296
f 12302 12301 12300
f 12314 12313 12312
f 12325 12324 12323
f 12337 12336 12335
f 12350 12349 12348
f 12384 12383 12382
f 12386 12391 12390
f 12390 12389 12388
f 12387 12386 12390
f 12394 12393 12392
f 12396 12401 12400
f 12399 12398 12397
f 12396 12400 12399
f 12408 12412 12411
f 12410 12409 12408
f 12422 12426 12425
f 12425 12424 12423
f 12433 12432 12431
f 12449 12448 12447
f 12453 12452 12451
f 12457 12456 12455
f 12488 12487 12486
f 12498 12502 12501
f 12501 12500 12499
f 12505 12504 12503
f 12509 12508 12507
f 12511 12515 12514
f 12514 12513 12512
f 12518 12517 12516
f 12522 12521 12520
f 12558 12557 12556
f 12562 12561 12560
f 12571 12575 12574
f 12574 12573 12572
f 12578 12577 12576
f 12580 12584 12583
f 12583 12582 12581
f 12587 12586 12585
f 12607 12606 12605
f 12609 12614 12613
f 12613 12612 12611
f 12610 12609 12613
f 12637 12636 12635
f 12639 12644 12643
f 12643 12642 12641
f 12640 12639 12643
f 12916 12915 12914
f 12972 12971 12970
f 12987 12986 12985
f 12996 12995 12994
f 13006 13011 13010
f 13009 13008 13007
f 13006 13010 13009
f 13052 13051 13050
f 13056 13055 13054
f 13060 13059 13058
f 13064 13063 13062
f 13068 13067 13066
f 13072 13071 13070
f 13076 13075 13074
f 13080 13079 13078
f 13106 13105 13104
f 13146 13145 13144
f 13151 13150 13149
f 13154 13153 13152
f 13158 13157 13156
f 13162 13161 13160
f 13166 13165 13164
f 13170 13169 13168
f 13264 13263 13262
f 13287 13286 13285
f 14401 14406 14405
f 14405 14404 14403
f 14402 14401 14405
f 14407 14414 14413
f 14412 14411 14410
f 14407 14413 14412
f 14408 14407 14412
f 14412 14410 14409
f 14417 14416 14415
f 14419 14424 14423
f 14423 14422 14421
f 14420 14419 14423
f 14425 14432 14431
f 14430 14429 14428
f 14425 14431 14430
f 14426 14425 14430
f 14430 14428 14427
f 14435 14434 14433
f 14437 14441 14440
f 14440 14439 14438
f 14444 14443 14442
f 14446 14450 14449
f 14448 14447 14446
f 14453 14452 14451
f 14457 14456 14455
f 14461 14460 14459
f 14463 14467 14466
f 14466 14465 14464
f 14470 14469 14468
f 14472 14476 14475
f 14474 14473 14472
f 14479 14478 14477
f 14483 14482 14481
f 14487 14486 14485
usemtl material_6.002
f 89 87 86
f 163 161 160
f 217 215 213
f 723 719 716
f 967 965 964
f 1000 998 997
f 1005 1003 1002
f 1013 1010 1008
f 1632 1628 1627
f 2158 2154 2151
f 2235 2231 2230
f 2249 2247 2245
f 2317 2315 2313
f 3245 3243 3241
f 3249 3247 3250
f 3256 3254 3252
f 3262 3260 3258
f 3269 3267 3265
f 3274 3273 3271
f 3282 3279 3277
f 3976 3974 3977
f 3981 3979 3978
f 4257 4255 4253
f 4501 4499 4498
f 5059 5057 5056
f 5549 5546 5544
f 5833 5832 5831
f 6906 6904 6903
f 6981 6978 6977
f 7624 7623 7621
f 7889 7887 7890
f 7991 7989 7987
f 9608 9605 9603
f 9693 9690 9689
f 11068 11066 11064
f 11131 11129 11132
f 11253 11252 11250
f 12934 12932 12931
f 13233 13231 13234
f 13388 13386 13383
f 86 90 89
f 89 88 87
f 160 164 163
f 163 162 161
f 213 220 219
f 213 219 218
f 215 214 213
f 217 216 215
f 213 218 217
f 716 726 725
f 725 724 723
f 723 722 721
f 723 721 720
f 716 725 723
f 718 717 716
f 723 720 719
f 719 718 716
f 964 968 967
f 967 966 965
f 997 1001 1000
f 1000 999 998
f 1002 1006 1005
f 1005 1004 1003
f 1007 1014 1013
f 1013 1012 1011
f 1010 1009 1008
f 1013 1011 1010
f 1008 1007 1013
f 1626 1633 1632
f 1632 1631 1630
f 1632 1630 1629
f 1627 1626 1632
f 1632 1629 1628
f 2150 2159 2158
f 2158 2157 2156
f 2158 2156 2155
f 2151 2150 2158
f 2153 2152 2151
f 2158 2155 2154
f 2154 2153 2151
f 2228 2236 2235
f 2235 2234 2233
f 2235 2233 2232
f 2229 2228 2235
f 2230 2229 2235
f 2235 2232 2231
f 2245 2251 2250
f 2249 2248 2247
f 2245 2250 2249
f 2247 2246 2245
f 2313 2318 2317
f 2317 2316 2315
f 2315 2314 2313
f 3240 3246 3245
f 3245 3244 3243
f 3243 3242 3241
f 3241 3240 3245
f 3249 3248 3247
f 3251 3257 3256
f 3256 3255 3254
f 3254 3253 3252
f 3252 3251 3256
f 3258 3264 3263
f 3262 3261 3260
f 3258 3263 3262
f 3260 3259 3258
f 3265 3270 3269
f 3269 3268 3267
f 3267 3266 3265
f 3271 3275 3274
f 3273 3272 3271
f 3276 3283 3282
f 3282 3281 3280
f 3279 3278 3277
f 3282 3280 3279
f 3277 3276 3282
f 3976 3975 3974
f 3978 3982 3981
f 3981 3980 3979
f 4252 4258 4257
f 4257 4256 4255
f 4255 4254 4253
f 4253 4252 4257
f 4496 4505 4504
f 4496 4504 4503
f 4497 4496 4503
f 4497 4503 4502
f 4498 4497 4502
f 4501 4500 4499
f 4498 4502 4501
f 5056 5061 5060
f 5059 5058 5057
f 5056 5060 5059
f 5544 5552 5551
f 5544 5551 5550
f 5546 5545 5544
f 5548 5547 5546
f 5544 5550 5549
f 5549 5548 5546
f 6903 6908 6907
f 6906 6905 6904
f 6903 6907 6906
f 6977 6983 6982
f 6981 6980 6979
f 6977 6982 6981
f 6981 6979 6978
f 7621 7625 7624
f 7623 7622 7621
f 7889 7888 7887
f 7987 7992 7991
f 7991 7990 7989
f 7989 7988 7987
f 9602 9609 9608
f 9608 9607 9606
f 9605 9604 9603
f 9608 9606 9605
f 9603 9602 9608
f 9689 9695 9694
f 9693 9692 9691
f 9689 9694 9693
f 9693 9691 9690
f 11064 11069 11068
f 11068 11067 11066
f 11066 11065 11064
f 11131 11130 11129
f 11250 11254 11253
f 11252 11251 11250
f 12931 12935 12934
f 12934 12933 12932
f 13233 13232 13231
f 13382 13391 13390
f 13382 13390 13389
f 13385 13384 13383
f 13383 13382 13389
f 13388 13387 13386
f 13383 13389 13388
f 13386 13385 13383
usemtl material_7.002
f 167 165 168
f 171 169 172
f 175 173 176
f 179 177 180
f 183 181 184
f 187 185 188
f 294 293 292
f 306 305 304
f 313 311 314
f 317 315 318
f 321 319 322
f 326 324 323
f 2680 2678 2677
f 2685 2683 2682
f 2710 2708 2707
f 2715 2713 2712
f 2871 2869 2872
f 2876 2874 2873
f 3365 3363 3366
f 3370 3368 3367
f 3376 3374 3372
f 3415 3413 3416
f 3420 3418 3417
f 3425 3423 3422
f 4618 4616 4619
f 4623 4622 4620
f 4725 4723 4726
f 4729 4727 4730
f 4733 4731 4734
f 4737 4735 4738
f 4741 4739 4742
f 4745 4743 4746
f 5977 5975 5978
f 5982 5980 5979
f 5994 5992 5995
f 5999 5997 5996
f 6129 6127 6130
f 6133 6131 6134
f 6198 6196 6199
f 6202 6200 6203
f 6206 6204 6207
f 6210 6208 6211
f 6214 6212 6215
f 6218 6216 6219
f 6291 6290 6288
f 6295 6293 6296
f 6300 6299 6297
f 6304 6302 6305
f 7451 7449 7452
f 7456 7454 7453
f 7476 7475 7474
f 7480 7478 7477
f 7483 7482 7481
f 7487 7485 7484
f 7491 7489 7492
f 7496 7494 7493
f 7500 7498 7497
f 7505 7503 7502
f 7510 7508 7507
f 7515 7513 7512
f 7546 7544 7543
f 7550 7549 7548
f 7555 7553 7551
f 7562 7560 7558
f 7566 7565 7564
f 7570 7568 7567
f 7575 7573 7572
f 7578 7576 7579
f 7857 7855 7858
f 7861 7859 7862
f 7953 7951 7954
f 7958 7957 7955
f 7962 7960 7963
f 7966 7964 7967
f 7979 7977 7980
f 7984 7982 7981
f 8088 8086 8089
f 8093 8091 8090
f 8220 8218 8221
f 8226 8224 8223
f 8230 8228 8231
f 8235 8233 8232
f 8385 8383 8386
f 8391 8389 8388
f 8395 8393 8396
f 8400 8398 8397
f 10477 10475 10478
f 10482 10480 10479
f 10488 10486 10485
f 10493 10491 10490
f 10498 10496 10495
f 10503 10501 10500
f 10508 10506 10505
f 10513 10511 10510
f 10518 10516 10515
f 10529 10527 10526
f 10534 10532 10531
f 10538 10536 10539
f 10543 10541 10540
f 10548 10546 10545
f 10554 10552 10551
f 10559 10557 10556
f 10564 10562 10561
f 10570 10567 10566
f 11026 11024 11027
f 11035 11033 11032
f 11044 11042 11045
f 11050 11047 11046
f 11057 11054 11053
f 11078 11076 11079
f 11084 11082 11081
f 11141 11139 11142
f 11239 11237 11240
f 11326 11324 11327
f 11330 11328 11331
f 11335 11334 11332
f 11363 11361 11364
f 11367 11365 11368
f 11483 11481 11484
f 11488 11486 11485
f 11492 11490 11493
f 11497 11495 11494
f 12215 12213 12216
f 12220 12218 12217
f 12224 12222 12225
f 12229 12227 12226
f 12717 12715 12718
f 12722 12720 12719
f 12727 12725 12724
f 12732 12730 12729
f 12757 12755 12754
f 12763 12761 12760
f 12767 12765 12768
f 12773 12771 12769
f 12778 12776 12775
f 12782 12781 12780
f 12785 12784 12783
f 12789 12787 12786
f 12793 12791 12794
f 12799 12797 12795
f 12824 12822 12825
f 12829 12827 12826
f 12848 12847 12846
f 12852 12850 12849
f 12858 12856 12855
f 12862 12861 12860
f 12865 12863 12866
f 12871 12869 12868
f 12878 12876 12874
f 12883 12881 12880
f 12887 12886 12885
f 12892 12890 12889
f 12897 12895 12894
f 12946 12944 12947
f 12950 12948 12951
f 167 166 165
f 171 170 169
f 175 174 173
f 179 178 177
f 183 182 181
f 187 186 185
f 313 312 311
f 317 316 315
f 321 320 319
f 323 327 326
f 326 325 324
f 2677 2681 2680
f 2680 2679 2678
f 2682 2686 2685
f 2685 2684 2683
f 2707 2711 2710
f 2710 2709 2708
f 2712 2716 2715
f 2715 2714 2713
f 2871 2870 2869
f 2873 2877 2876
f 2876 2875 2874
f 3365 3364 3363
f 3367 3371 3370
f 3370 3369 3368
f 3372 3377 3376
f 3376 3375 3374
f 3374 3373 3372
f 3415 3414 3413
f 3417 3421 3420
f 3420 3419 3418
f 3422 3426 3425
f 3425 3424 3423
f 4618 4617 4616
f 4620 4624 4623
f 4622 4621 4620
f 4725 4724 4723
f 4729 4728 4727
f 4733 4732 4731
f 4737 4736 4735
f 4741 4740 4739
f 4745 4744 4743
f 5977 5976 5975
f 5979 5983 5982
f 5982 5981 5980
f 5994 5993 5992
f 5996 6000 5999
f 5999 5998 5997
f 6129 6128 6127
f 6133 6132 6131
f 6198 6197 6196
f 6202 6201 6200
f 6206 6205 6204
f 6210 6209 6208
f 6214 6213 6212
f 6218 6217 6216
f 6288 6292 6291
f 6290 6289 6288
f 6295 6294 6293
f 6297 6301 6300
f 6299 6298 6297
f 6304 6303 6302
f 7451 7450 7449
f 7453 7457 7456
f 7456 7455 7454
f 7480 7479 7478
f 7484 7488 7487
f 7487 7486 7485
f 7491 7490 7489
f 7496 7495 7494
f 7497 7501 7500
f 7500 7499 7498
f 7505 7504 7503
f 7506 7511 7510
f 7510 7509 7508
f 7507 7506 7510
f 7515 7514 7513
f 7542 7547 7546
f 7546 7545 7544
f 7543 7542 7546
f 7551 7556 7555
f 7555 7554 7553
f 7553 7552 7551
f 7557 7563 7562
f 7562 7561 7560
f 7560 7559 7558
f 7558 7557 7562
f 7567 7571 7570
f 7570 7569 7568
f 7575 7574 7573
f 7578 7577 7576
f 7857 7856 7855
f 7861 7860 7859
f 7953 7952 7951
f 7955 7959 7958
f 7957 7956 7955
f 7962 7961 7960
f 7966 7965 7964
f 7979 7978 7977
f 7981 7986 7985
f 7984 7983 7982
f 7981 7985 7984
f 8088 8087 8086
f 8090 8094 8093
f 8093 8092 8091
f 8220 8219 8218
f 8222 8227 8226
f 8226 8225 8224
f 8223 8222 8226
f 8230 8229 8228
f 8232 8236 8235
f 8235 8234 8233
f 8385 8384 8383
f 8387 8392 8391
f 8391 8390 8389
f 8388 8387 8391
f 8395 8394 8393
f 8397 8401 8400
f 8400 8399 8398
f 10477 10476 10475
f 10479 10483 10482
f 10482 10481 10480
f 10484 10489 10488
f 10488 10487 10486
f 10485 10484 10488
f 10490 10494 10493
f 10493 10492 10491
f 10495 10499 10498
f 10498 10497 10496
f 10500 10504 10503
f 10503 10502 10501
f 10505 10509 10508
f 10508 10507 10506
f 10510 10514 10513
f 10513 10512 10511
f 10515 10519 10518
f 10518 10517 10516
f 10525 10530 10529
f 10529 10528 10527
f 10526 10525 10529
f 10531 10535 10534
f 10534 10533 10532
f 10538 10537 10536
f 10540 10544 10543
f 10543 10542 10541
f 10545 10549 10548
f 10548 10547 10546
f 10550 10555 10554
f 10554 10553 10552
f 10551 10550 10554
f 10556 10560 10559
f 10559 10558 10557
f 10561 10565 10564
f 10564 10563 10562
f 10566 10572 10571
f 10570 10569 10568
f 10566 10571 10570
f 10570 10568 10567
f 11026 11025 11024
f 11032 11037 11036
f 11035 11034 11033
f 11032 11036 11035
f 11044 11043 11042
f 11046 11052 11051
f 11050 11049 11048
f 11046 11051 11050
f 11050 11048 11047
f 11053 11059 11058
f 11057 11056 11055
f 11053 11058 11057
f 11057 11055 11054
f 11078 11077 11076
f 11080 11085 11084
f 11084 11083 11082
f 11081 11080 11084
f 11141 11140 11139
f 11239 11238 11237
f 11326 11325 11324
f 11330 11329 11328
f 11332 11336 11335
f 11334 11333 11332
f 11363 11362 11361
f 11367 11366 11365
f 11483 11482 11481
f 11485 11489 11488
f 11488 11487 11486
f 11492 11491 11490
f 11494 11499 11498
f 11497 11496 11495
f 11494 11498 11497
f 12215 12214 12213
f 12217 12221 12220
f 12220 12219 12218
f 12224 12223 12222
f 12226 12231 12230
f 12229 12228 12227
f 12226 12230 12229
f 12717 12716 12715
f 12719 12723 12722
f 12722 12721 12720
f 12724 12728 12727
f 12727 12726 12725
f 12729 12733 12732
f 12732 12731 12730
f 12754 12758 12757
f 12757 12756 12755
f 12759 12764 12763
f 12763 12762 12761
f 12760 12759 12763
f 12767 12766 12765
f 12769 12774 12773
f 12773 12772 12771
f 12771 12770 12769
f 12775 12779 12778
f 12778 12777 12776
f 12786 12790 12789
f 12789 12788 12787
f 12793 12792 12791
f 12795 12800 12799
f 12799 12798 12797
f 12797 12796 12795
f 12824 12823 12822
f 12826 12831 12830
f 12829 12828 12827
f 12826 12830 12829
f 12849 12854 12853
f 12852 12851 12850
f 12849 12853 12852
f 12855 12859 12858
f 12858 12857 12856
f 12865 12864 12863
f 12867 12872 12871
f 12871 12870 12869
f 12868 12867 12871
f 12873 12879 12878
f 12878 12877 12876
f 12876 12875 12874
f 12874 12873 12878
f 12880 12884 12883
f 12883 12882 12881
f 12888 12893 12892
f 12892 12891 12890
f 12889 12888 12892
f 12894 12898 12897
f 12897 12896 12895
f 12946 12945 12944
f 12950 12949 12948
usemtl material_8.002
f 191 189 192
f 195 193 196
f 199 197 200
f 203 201 204
f 207 205 208
f 211 209 212
f 330 328 331
f 334 332 335
f 338 336 339
f 342 340 343
f 1053 1051 1050
f 1058 1056 1055
f 1063 1061 1060
f 1067 1065 1068
f 1072 1070 1069
f 1077 1075 1074
f 1082 1080 1083
f 1086 1084 1087
f 1090 1088 1091
f 1174 1173 1171
f 1179 1177 1176
f 1184 1182 1181
f 1188 1186 1189
f 1192 1190 1193
f 1196 1194 1197
f 1200 1198 1201
f 1205 1203 1202
f 1211 1209 1208
f 1236 1234 1237
f 1240 1238 1241
f 1252 1250 1253
f 1257 1256 1254
f 1262 1261 1259
f 1267 1265 1264
f 1323 1321 1324
f 1328 1326 1325
f 1341 1339 1342
f 1345 1343 1346
f 1350 1348 1347
f 1355 1353 1352
f 2662 2660 2663
f 2666 2664 2667
f 2671 2669 2668
f 2675 2673 2672
f 2689 2687 2690
f 2694 2692 2691
f 2700 2698 2697
f 2705 2703 2702
f 2763 2761 2764
f 2767 2765 2768
f 2900 2898 2897
f 2903 2901 2904
f 3069 3067 3066
f 3072 3070 3073
f 3077 3075 3074
f 3080 3078 3081
f 3085 3083 3082
f 3088 3086 3089
f 3345 3343 3346
f 3350 3348 3347
f 3355 3354 3352
f 3453 3451 3454
f 3457 3455 3458
f 3461 3459 3462
f 3491 3490 3488
f 3495 3493 3496
f 3499 3497 3500
f 3527 3525 3528
f 3531 3529 3532
f 3535 3533 3536
f 3894 3892 3895
f 3899 3897 3896
f 3904 3902 3901
f 3908 3906 3909
f 3913 3911 3910
f 3918 3916 3915
f 3942 3940 3943
f 3947 3945 3944
f 3952 3950 3949
f 3964 3962 3965
f 3968 3966 3969
f 3972 3970 3973
f 4632 4630 4629
f 4638 4636 4635
f 4757 4755 4758
f 4761 4759 4762
f 4765 4763 4766
f 4769 4767 4770
f 4773 4771 4774
f 4777 4775 4778
f 4781 4779 4782
f 4785 4783 4786
f 4789 4787 4790
f 4797 4795 4798
f 4801 4799 4802
f 4805 4803 4806
f 4821 4819 4822
f 4825 4823 4826
f 4829 4827 4830
f 4833 4831 4834
f 4837 4835 4838
f 4841 4839 4842
f 5147 5145 5144
f 5194 5192 5195
f 5258 5256 5259
f 5339 5337 5336
f 5343 5341 5344
f 5355 5353 5356
f 5572 5570 5569
f 5577 5575 5574
f 5582 5580 5583
f 5586 5584 5587
f 5591 5590 5588
f 5595 5593 5596
f 5599 5597 5600
f 5603 5601 5604
f 5607 5605 5608
f 5612 5610 5609
f 5616 5614 5617
f 5670 5668 5667
f 5675 5673 5672
f 5693 5691 5694
f 5698 5696 5695
f 5702 5700 5703
f 5791 5789 5792
f 5796 5794 5793
f 5801 5799 5798
f 5819 5817 5820
f 5824 5822 5821
f 5829 5827 5826
f 5941 5939 5938
f 5957 5955 5958
f 5961 5959 5962
f 5966 5964 5963
f 5973 5971 5970
f 5989 5987 5985
f 6003 6001 6004
f 6009 6006 6005
f 6120 6118 6121
f 6125 6123 6122
f 6138 6137 6135
f 6151 6148 6147
f 6176 6174 6173
f 6183 6180 6179
f 6188 6186 6185
f 6193 6191 6190
f 6222 6220 6223
f 6227 6225 6224
f 6231 6229 6232
f 6239 6237 6240
f 6244 6242 6241
f 6248 6246 6249
f 6274 6272 6270
f 6282 6280 6278
f 6373 6371 6370
f 6379 6376 6375
f 6384 6382 6385
f 6389 6387 6386
f 6482 6479 6478
f 6489 6487 6484
f 6495 6493 6496
f 6499 6497 6500
f 6504 6502 6501
f 6620 6618 6621
f 6625 6623 6622
f 6671 6669 6668
f 6675 6673 6676
f 6679 6677 6680
f 6752 6749 6748
f 6791 6788 6787
f 6795 6793 6796
f 6799 6797 6800
f 6835 6833 6832
f 6899 6898 6896
f 7439 7437 7440
f 7443 7441 7444
f 7447 7445 7448
f 7518 7516 7519
f 7523 7521 7520
f 7528 7526 7525
f 7531 7529 7532
f 7536 7534 7533
f 7540 7538 7541
f 7582 7580 7583
f 7586 7584 7587
f 7590 7588 7591
f 7599 7598 7596
f 7635 7633 7632
f 7656 7654 7653
f 7735 7733 7736
f 7739 7737 7740
f 7744 7742 7741
f 7771 7770 7768
f 7823 7821 7824
f 7827 7825 7828
f 7831 7829 7832
f 7849 7847 7850
f 7853 7851 7854
f 7871 7869 7868
f 7876 7874 7873
f 7885 7883 7882
f 7901 7899 7902
f 7905 7903 7906
f 7932 7930 7929
f 7971 7970 7968
f 7975 7973 7976
f 8097 8095 8098
f 8190 8188 8191
f 8211 8210 8208
f 8216 8215 8213
f 8256 8254 8257
f 8262 8260 8259
f 8405 8404 8402
f 8409 8407 8410
f 8414 8413 8411
f 8419 8418 8416
f 8428 8426 8429
f 8432 8430 8433
f 8436 8434 8437
f 8440 8438 8441
f 8444 8442 8445
f 8448 8446 8449
f 8569 8567 8566
f 9170 9168 9171
f 9174 9172 9175
f 9209 9207 9210
f 10523 10521 10520
f 10584 10582 10585
f 10612 10610 10609
f 10698 10696 10695
f 10728 10726 10725
f 10782 10780 10783
f 10789 10786 10785
f 10796 10795 10792
f 10830 10828 10831
f 10834 10832 10835
f 10839 10837 10836
f 10987 10985 10988
f 10992 10990 10989
f 11000 10997 10995
f 11371 11369 11372
f 11376 11374 11373
f 11382 11381 11379
f 11465 11463 11462
f 11471 11469 11467
f 11504 11502 11501
f 12159 12157 12160
f 12234 12232 12235
f 12239 12238 12236
f 12243 12241 12244
f 12249 12247 12245
f 12258 12256 12259
f 12262 12260 12263
f 12358 12356 12359
f 12362 12360 12363
f 12366 12364 12367
f 12370 12368 12371
f 12437 12435 12438
f 12647 12645 12648
f 12651 12649 12652
f 12694 12692 12695
f 12699 12697 12696
f 12703 12701 12704
f 12708 12706 12705
f 12713 12712 12710
f 12803 12801 12804
f 12807 12805 12808
f 12812 12810 12809
f 12816 12814 12817
f 12820 12818 12821
f 12902 12901 12899
f 12907 12906 12904
f 12912 12910 12909
f 12938 12936 12939
f 12942 12940 12943
f 12960 12958 12957
f 12964 12962 12965
f 12968 12966 12969
f 13042 13040 13039
f 13110 13108 13111
f 13193 13191 13194
f 13197 13195 13198
f 13201 13199 13202
f 13224 13222 13221
f 13229 13227 13226
f 13242 13240 13243
f 13252 13250 13249
f 13256 13254 13257
f 13277 13275 13274
f 13291 13289 13292
f 13295 13293 13296
f 191 190 189
f 195 194 193
f 199 198 197
f 203 202 201
f 207 206 205
f 211 210 209
f 330 329 328
f 334 333 332
f 338 337 336
f 342 341 340
f 1050 1054 1053
f 1053 1052 1051
f 1055 1059 1058
f 1058 1057 1056
f 1060 1064 1063
f 1063 1062 1061
f 1067 1066 1065
f 1069 1073 1072
f 1072 1071 1070
f 1074 1079 1078
f 1077 1076 1075
f 1074 1078 1077
f 1082 1081 1080
f 1086 1085 1084
f 1090 1089 1088
f 1171 1175 1174
f 1173 1172 1171
f 1176 1180 1179
f 1179 1178 1177
f 1181 1185 1184
f 1184 1183 1182
f 1188 1187 1186
f 1192 1191 1190
f 1196 1195 1194
f 1200 1199 1198
f 1202 1206 1205
f 1205 1204 1203
f 1207 1212 1211
f 1211 1210 1209
f 1208 1207 1211
f 1236 1235 1234
f 1240 1239 1238
f 1252 1251 1250
f 1254 1258 1257
f 1256 1255 1254
f 1259 1263 1262
f 1261 1260 1259
f 1264 1268 1267
f 1267 1266 1265
f 1323 1322 1321
f 1325 1329 1328
f 1328 1327 1326
f 1341 1340 1339
f 1345 1344 1343
f 1347 1351 1350
f 1350 1349 1348
f 1352 1356 1355
f 1355 1354 1353
f 2662 2661 2660
f 2666 2665 2664
f 2671 2670 2669
f 2672 2676 2675
f 2675 2674 2673
f 2689 2688 2687
f 2691 2696 2695
f 2694 2693 2692
f 2691 2695 2694
f 2697 2701 2700
f 2700 2699 2698
f 2702 2706 2705
f 2705 2704 2703
f 2763 2762 2761
f 2767 2766 2765
f 2900 2899 2898
f 2903 2902 2901
f 3069 3068 3067
f 3072 3071 3070
f 3077 3076 3075
f 3080 3079 3078
f 3085 3084 3083
f 3088 3087 3086
f 3345 3344 3343
f 3347 3351 3350
f 3350 3349 3348
f 3352 3356 3355
f 3354 3353 3352
f 3453 3452 3451
f 3457 3456 3455
f 3461 3460 3459
f 3488 3492 3491
f 3490 3489 3488
f 3495 3494 3493
f 3499 3498 3497
f 3527 3526 3525
f 3531 3530 3529
f 3535 3534 3533
f 3894 3893 3892
f 3896 3900 3899
f 3899 3898 3897
f 3901 3905 3904
f 3904 3903 3902
f 3908 3907 3906
f 3910 3914 3913
f 3913 3912 3911
f 3915 3919 3918
f 3918 3917 3916
f 3942 3941 3940
f 3944 3948 3947
f 3947 3946 3945
f 3949 3953 3952
f 3952 3951 3950
f 3964 3963 3962
f 3968 3967 3966
f 3972 3971 3970
f 4629 4634 4633
f 4632 4631 4630
f 4629 4633 4632
f 4635 4640 4639
f 4638 4637 4636
f 4635 4639 4638
f 4757 4756 4755
f 4761 4760 4759
f 4765 4764 4763
f 4769 4768 4767
f 4773 4772 4771
f 4777 4776 4775
f 4781 4780 4779
f 4785 4784 4783
f 4789 4788 4787
f 4797 4796 4795
f 4801 4800 4799
f 4805 4804 4803
f 4821 4820 4819
f 4825 4824 4823
f 4829 4828 4827
f 4833 4832 4831
f 4837 4836 4835
f 4841 4840 4839
f 5144 5148 5147
f 5147 5146 5145
f 5194 5193 5192
f 5258 5257 5256
f 5336 5340 5339
f 5339 5338 5337
f 5343 5342 5341
f 5355 5354 5353
f 5569 5573 5572
f 5572 5571 5570
f 5574 5579 5578
f 5577 5576 5575
f 5574 5578 5577
f 5582 5581 5580
f 5586 5585 5584
f 5588 5592 5591
f 5590 5589 5588
f 5595 5594 5593
f 5599 5598 5597
f 5603 5602 5601
f 5607 5606 5605
f 5609 5613 5612
f 5612 5611 5610
f 5616 5615 5614
f 5667 5671 5670
f 5670 5669 5668
f 5672 5676 5675
f 5675 5674 5673
f 5693 5692 5691
f 5695 5699 5698
f 5698 5697 5696
f 5702 5701 5700
f 5791 5790 5789
f 5793 5797 5796
f 5796 5795 5794
f 5798 5802 5801
f 5801 5800 5799
f 5819 5818 5817
f 5821 5825 5824
f 5824 5823 5822
f 5826 5830 5829
f 5829 5828 5827
f 5938 5942 5941
f 5941 5940 5939
f 5957 5956 5955
f 5961 5960 5959
f 5963 5968 5967
f 5966 5965 5964
f 5963 5967 5966
f 5969 5974 5973
f 5973 5972 5971
f 5970 5969 5973
f 5984 5991 5990
f 5989 5988 5987
f 5984 5990 5989
f 5987 5986 5985
f 5985 5984 5989
f 6003 6002 6001
f 6005 6011 6010
f 6009 6008 6007
f 6005 6010 6009
f 6009 6007 6006
f 6120 6119 6118
f 6122 6126 6125
f 6125 6124 6123
f 6135 6141 6140
f 6135 6140 6139
f 6137 6136 6135
f 6135 6139 6138
f 6146 6152 6151
f 6151 6150 6149
f 6151 6149 6148
f 6147 6146 6151
f 6173 6177 6176
f 6176 6175 6174
f 6178 6184 6183
f 6183 6182 6181
f 6183 6181 6180
f 6179 6178 6183
f 6185 6189 6188
f 6188 6187 6186
f 6190 6195 6194
f 6193 6192 6191
f 6190 6194 6193
f 6222 6221 6220
f 6224 6228 6227
f 6227 6226 6225
f 6231 6230 6229
f 6239 6238 6237
f 6241 6245 6244
f 6244 6243 6242
f 6248 6247 6246
f 6270 6276 6275
f 6274 6273 6272
f 6270 6275 6274
f 6272 6271 6270
f 6277 6283 6282
f 6282 6281 6280
f 6280 6279 6278
f 6278 6277 6282
f 6370 6374 6373
f 6373 6372 6371
f 6375 6381 6380
f 6379 6378 6377
f 6375 6380 6379
f 6379 6377 6376
f 6384 6383 6382
f 6386 6390 6389
f 6389 6388 6387
f 6477 6483 6482
f 6482 6481 6480
f 6482 6480 6479
f 6478 6477 6482
f 6484 6492 6491
f 6484 6491 6490
f 6486 6485 6484
f 6489 6488 6487
f 6487 6486 6484
f 6484 6490 6489
f 6495 6494 6493
f 6499 6498 6497
f 6501 6506 6505
f 6504 6503 6502
f 6501 6505 6504
f 6620 6619 6618
f 6622 6626 6625
f 6625 6624 6623
f 6668 6672 6671
f 6671 6670 6669
f 6675 6674 6673
f 6679 6678 6677
f 6746 6754 6753
f 6752 6751 6750
f 6746 6753 6752
f 6747 6746 6752
f 6752 6750 6749
f 6748 6747 6752
f 6786 6792 6791
f 6791 6790 6789
f 6791 6789 6788
f 6787 6786 6791
f 6795 6794 6793
f 6799 6798 6797
f 6832 6836 6835
f 6835 6834 6833
f 6896 6902 6901
f 6896 6901 6900
f 6898 6897 6896
f 6896 6900 6899
f 7439 7438 7437
f 7443 7442 7441
f 7447 7446 7445
f 7518 7517 7516
f 7520 7524 7523
f 7523 7522 7521
f 7528 7527 7526
f 7531 7530 7529
f 7533 7537 7536
f 7536 7535 7534
f 7540 7539 7538
f 7582 7581 7580
f 7586 7585 7584
f 7590 7589 7588
f 7596 7600 7599
f 7598 7597 7596
f 7632 7636 7635
f 7635 7634 7633
f 7653 7657 7656
f 7656 7655 7654
f 7735 7734 7733
f 7739 7738 7737
f 7741 7745 7744
f 7744 7743 7742
f 7768 7772 7771
f 7770 7769 7768
f 7823 7822 7821
f 7827 7826 7825
f 7831 7830 7829
f 7849 7848 7847
f 7853 7852 7851
f 7868 7872 7871
f 7871 7870 7869
f 7873 7877 7876
f 7876 7875 7874
f 7882 7886 7885
f 7885 7884 7883
f 7901 7900 7899
f 7905 7904 7903
f 7929 7933 7932
f 7932 7931 7930
f 7968 7972 7971
f 7970 7969 7968
f 7975 7974 7973
f 8097 8096 8095
f 8190 8189 8188
f 8208 8212 8211
f 8210 8209 8208
f 8213 8217 8216
f 8215 8214 8213
f 8256 8255 8254
f 8258 8263 8262
f 8262 8261 8260
f 8259 8258 8262
f 8402 8406 8405
f 8404 8403 8402
f 8409 8408 8407
f 8411 8415 8414
f 8413 8412 8411
f 8416 8420 8419
f 8418 8417 8416
f 8428 8427 8426
f 8432 8431 8430
f 8436 8435 8434
f 8440 8439 8438
f 8444 8443 8442
f 8448 8447 8446
f 8566 8570 8569
f 8569 8568 8567
f 9170 9169 9168
f 9174 9173 9172
f 9209 9208 9207
f 10520 10524 10523
f 10523 10522 10521
f 10584 10583 10582
f 10608 10613 10612
f 10612 10611 10610
f 10609 10608 10612
f 10695 10699 10698
f 10698 10697 10696
f 10725 10730 10729
f 10728 10727 10726
f 10725 10729 10728
f 10782 10781 10780
f 10784 10790 10789
f 10789 10788 10787
f 10789 10787 10786
f 10785 10784 10789
f 10791 10798 10797
f 10791 10797 10796
f 10794 10793 10792
f 10792 10791 10796
f 10795 10794 10792
f 10830 10829 10828
f 10834 10833 10832
f 10836 10840 10839
f 10839 10838 10837
f 10987 10986 10985
f 10989 10994 10993
f 10992 10991 10990
f 10989 10993 10992
f 10995 11002 11001
f 11000 10999 10998
f 10995 11001 11000
f 10997 10996 10995
f 11000 10998 10997
f 11371 11370 11369
f 11373 11378 11377
f 11376 11375 11374
f 11373 11377 11376
f 11379 11383 11382
f 11381 11380 11379
f 11461 11466 11465
f 11465 11464 11463
f 11462 11461 11465
f 11467 11472 11471
f 11471 11470 11469
f 11469 11468 11467
f 11500 11505 11504
f 11504 11503 11502
f 11501 11500 11504
f 12159 12158 12157
f 12234 12233 12232
f 12236 12240 12239
f 12238 12237 12236
f 12243 12242 12241
f 12245 12250 12249
f 12249 12248 12247
f 12247 12246 12245
f 12258 12257 12256
f 12262 12261 12260
f 12358 12357 12356
f 12362 12361 12360
f 12366 12365 12364
f 12370 12369 12368
f 12437 12436 12435
f 12647 12646 12645
f 12651 12650 12649
f 12694 12693 12692
f 12696 12700 12699
f 12699 12698 12697
f 12703 12702 12701
f 12705 12709 12708
f 12708 12707 12706
f 12710 12714 12713
f 12712 12711 12710
f 12803 12802 12801
f 12807 12806 12805
f 12809 12813 12812
f 12812 12811 12810
f 12816 12815 12814
f 12820 12819 12818
f 12899 12903 12902
f 12901 12900 12899
f 12904 12908 12907
f 12906 12905 12904
f 12909 12913 12912
f 12912 12911 12910
f 12938 12937 12936
f 12942 12941 12940
f 12957 12961 12960
f 12960 12959 12958
f 12964 12963 12962
f 12968 12967 12966
f 13039 13043 13042
f 13042 13041 13040
f 13110 13109 13108
f 13193 13192 13191
f 13197 13196 13195
f 13201 13200 13199
f 13221 13225 13224
f 13224 13223 13222
f 13226 13230 13229
f 13229 13228 13227
f 13242 13241 13240
f 13249 13253 13252
f 13252 13251 13250
f 13256 13255 13254
f 13274 13278 13277
f 13277 13276 13275
f 13291 13290 13289
f 13295 13294 13293
usemtl material_9.002
f 582 580 583
f 596 594 597
f 612 610 613
f 624 622 625
f 4345 4343 4346
f 4357 4355 4358
f 582 581 580
f 596 595 594
f 612 611 610
f 624 623 622
f 4345 4344 4343
f 4357 4356 4355
usemtl material_10.002
f 737 735 738
f 743 741 740
f 1275 1273 1276
f 1549 1547 1550
f 1555 1553 1552
f 1668 1666 1665
f 1674 1672 1671
f 1680 1678 1677
f 2400 2398 2397
f 2404 2402 2405
f 2408 2406 2409
f 2413 2412 2410
f 2418 2416 2415
f 2423 2421 2420
f 2427 2425 2428
f 2433 2431 2429
f 2516 2514 2513
f 2522 2521 2519
f 2526 2524 2527
f 2530 2528 2531
f 2534 2532 2535
f 2538 2536 2539
f 2542 2540 2543
f 2546 2544 2547
f 2550 2548 2551
f 2555 2553 2552
f 2560 2558 2557
f 2565 2563 2562
f 2572 2569 2568
f 2578 2576 2574
f 3306 3305 3303
f 3310 3308 3311
f 3315 3314 3312
f 3320 3318 3317
f 3325 3324 3322
f 3330 3328 3327
f 3335 3333 3332
f 3340 3338 3337
f 4849 4847 4850
f 4855 4853 4852
f 4861 4859 4858
f 4866 4864 4863
f 4870 4868 4871
f 4875 4874 4872
f 4880 4878 4877
f 4885 4883 4882
f 5064 5062 5065
f 5069 5067 5066
f 5078 5077 5073
f 5084 5082 5081
f 5092 5089 5087
f 5099 5097 5096
f 5104 5102 5101
f 5110 5108 5107
f 5114 5112 5115
f 5119 5117 5116
f 5124 5122 5125
f 5130 5128 5127
f 5134 5132 5135
f 5138 5136 5139
f 5855 5854 5852
f 5860 5858 5857
f 5865 5863 5862
f 5871 5869 5867
f 5876 5874 5873
f 5883 5881 5880
f 737 736 735
f 739 744 743
f 743 742 741
f 740 739 743
f 1275 1274 1273
f 1549 1548 1547
f 1551 1556 1555
f 1555 1554 1553
f 1552 1551 1555
f 1665 1669 1668
f 1668 1667 1666
f 1670 1675 1674
f 1674 1673 1672
f 1671 1670 1674
f 1676 1681 1680
f 1680 1679 1678
f 1677 1676 1680
f 2397 2401 2400
f 2400 2399 2398
f 2404 2403 2402
f 2408 2407 2406
f 2410 2414 2413
f 2412 2411 2410
f 2415 2419 2418
f 2418 2417 2416
f 2420 2424 2423
f 2423 2422 2421
f 2427 2426 2425
f 2429 2435 2434
f 2433 2432 2431
f 2429 2434 2433
f 2431 2430 2429
f 2513 2518 2517
f 2516 2515 2514
f 2513 2517 2516
f 2519 2523 2522
f 2521 2520 2519
f 2526 2525 2524
f 2530 2529 2528
f 2534 2533 2532
f 2538 2537 2536
f 2542 2541 2540
f 2546 2545 2544
f 2550 2549 2548
f 2552 2556 2555
f 2555 2554 2553
f 2557 2561 2560
f 2560 2559 2558
f 2562 2566 2565
f 2565 2564 2563
f 2567 2573 2572
f 2572 2571 2570
f 2572 2570 2569
f 2568 2567 2572
f 2574 2579 2578
f 2578 2577 2576
f 2576 2575 2574
f 3303 3307 3306
f 3305 3304 3303
f 3310 3309 3308
f 3312 3316 3315
f 3314 3313 3312
f 3317 3321 3320
f 3320 3319 3318
f 3322 3326 3325
f 3324 3323 3322
f 3327 3331 3330
f 3330 3329 3328
f 3332 3336 3335
f 3335 3334 3333
f 3337 3342 3341
f 3340 3339 3338
f 3337 3341 3340
f 4849 4848 4847
f 4851 4856 4855
f 4855 4854 4853
f 4852 4851 4855
f 4857 4862 4861
f 4861 4860 4859
f 4858 4857 4861
f 4863 4867 4866
f 4866 4865 4864
f 4870 4869 4868
f 4872 4876 4875
f 4874 4873 4872
f 4877 4881 4880
f 4880 4879 4878
f 4882 4887 4886
f 4885 4884 4883
f 4882 4886 4885
f 5064 5063 5062
f 5066 5070 5069
f 5069 5068 5067
f 5071 5080 5079
f 5071 5079 5078
f 5073 5072 5071
f 5075 5074 5073
f 5076 5075 5073
f 5073 5071 5078
f 5077 5076 5073
f 5081 5086 5085
f 5084 5083 5082
f 5081 5085 5084
f 5087 5094 5093
f 5092 5091 5090
f 5087 5093 5092
f 5089 5088 5087
f 5092 5090 5089
f 5095 5100 5099
f 5099 5098 5097
f 5096 5095 5099
f 5101 5105 5104
f 5104 5103 5102
f 5106 5111 5110
f 5110 5109 5108
f 5107 5106 5110
f 5114 5113 5112
f 5116 5121 5120
f 5119 5118 5117
f 5116 5120 5119
f 5124 5123 5122
f 5126 5131 5130
f 5130 5129 5128
f 5127 5126 5130
f 5134 5133 5132
f 5138 5137 5136
f 5852 5856 5855
f 5854 5853 5852
f 5857 5861 5860
f 5860 5859 5858
f 5862 5866 5865
f 5865 5864 5863
f 5867 5872 5871
f 5871 5870 5869
f 5869 5868 5867
f 5873 5878 5877
f 5876 5875 5874
f 5873 5877 5876
f 5879 5884 5883
f 5883 5882 5881
f 5880 5879 5883
usemtl material_11.002
f 756 754 757
f 776 773 772
f 780 778 781
f 785 783 782
f 790 788 787
f 1396 1394 1397
f 1722 1720 1723
f 1728 1726 1725
f 1734 1732 1731
f 1754 1752 1755
f 1758 1756 1759
f 1762 1760 1763
f 1766 1764 1767
f 1771 1769 1768
f 1778 1777 1774
f 1784 1783 1781
f 1789 1787 1786
f 1794 1792 1791
f 1800 1798 1796
f 1804 1802 1805
f 1809 1808 1806
f 1815 1813 1816
f 1819 1817 1820
f 2077 2075 2078
f 2083 2081 2080
f 2089 2087 2086
f 2387 2386 2385
f 2391 2389 2388
f 2395 2393 2392
f 2583 2581 2580
f 2587 2585 2584
f 2590 2589 2588
f 2593 2591 2594
f 2600 2599 2596
f 2607 2605 2604
f 3168 3166 3169
f 4007 4005 4008
f 4013 4011 4010
f 4019 4017 4016
f 4025 4023 4022
f 4920 4918 4921
f 4926 4924 4923
f 4932 4930 4929
f 6066 6064 6067
f 6072 6070 6068
f 6078 6075 6074
f 6084 6083 6081
f 6091 6090 6088
f 6095 6093 6096
f 6099 6097 6100
f 6986 6984 6987
f 6991 6989 6988
f 6995 6993 6992
f 7331 7329 7332
f 7335 7333 7336
f 7340 7338 7337
f 9612 9610 9613
f 9616 9614 9617
f 9623 9621 9619
f 9628 9626 9625
f 9633 9631 9630
f 9637 9635 9638
f 9642 9640 9639
f 9646 9644 9647
f 9651 9650 9648
f 9658 9655 9653
f 756 755 754
f 771 777 776
f 776 775 774
f 776 774 773
f 772 771 776
f 780 779 778
f 782 786 785
f 785 784 783
f 787 792 791
f 790 789 788
f 787 791 790
f 1396 1395 1394
f 1722 1721 1720
f 1724 1729 1728
f 1728 1727 1726
f 1725 1724 1728
f 1730 1735 1734
f 1734 1733 1732
f 1731 1730 1734
f 1754 1753 1752
f 1758 1757 1756
f 1762 1761 1760
f 1766 1765 1764
f 1768 1772 1771
f 1771 1770 1769
f 1773 1780 1779
f 1773 1779 1778
f 1776 1775 1774
f 1774 1773 1778
f 1777 1776 1774
f 1781 1785 1784
f 1783 1782 1781
f 1786 1790 1789
f 1789 1788 1787
f 1791 1795 1794
f 1794 1793 1792
f 1796 1801 1800
f 1800 1799 1798
f 1798 1797 1796
f 1804 1803 1802
f 1806 1812 1811
f 1806 1811 1810
f 1808 1807 1806
f 1806 1810 1809
f 1815 1814 1813
f 1819 1818 1817
f 2077 2076 2075
f 2079 2084 2083
f 2083 2082 2081
f 2080 2079 2083
f 2085 2090 2089
f 2089 2088 2087
f 2086 2085 2089
f 2391 2390 2389
f 2392 2396 2395
f 2395 2394 2393
f 2583 2582 2581
f 2587 2586 2585
f 2593 2592 2591
f 2595 2602 2601
f 2595 2601 2600
f 2598 2597 2596
f 2596 2595 2600
f 2599 2598 2596
f 2603 2608 2607
f 2607 2606 2605
f 2604 2603 2607
f 3168 3167 3166
f 4007 4006 4005
f 4009 4014 4013
f 4013 4012 4011
f 4010 4009 4013
f 4015 4020 4019
f 4019 4018 4017
f 4016 4015 4019
f 4021 4026 4025
f 4025 4024 4023
f 4022 4021 4025
f 4920 4919 4918
f 4922 4927 4926
f 4926 4925 4924
f 4923 4922 4926
f 4928 4933 4932
f 4932 4931 4930
f 4929 4928 4932
f 6066 6065 6064
f 6068 6073 6072
f 6072 6071 6070
f 6070 6069 6068
f 6074 6080 6079
f 6078 6077 6076
f 6074 6079 6078
f 6078 6076 6075
f 6081 6087 6086
f 6081 6086 6085
f 6083 6082 6081
f 6081 6085 6084
f 6088 6092 6091
f 6090 6089 6088
f 6095 6094 6093
f 6099 6098 6097
f 6986 6985 6984
f 6991 6990 6989
f 6995 6994 6993
f 7331 7330 7329
f 7335 7334 7333
f 7340 7339 7338
f 9612 9611 9610
f 9616 9615 9614
f 9618 9624 9623
f 9623 9622 9621
f 9621 9620 9619
f 9619 9618 9623
f 9625 9629 9628
f 9628 9627 9626
f 9630 9634 9633
f 9633 9632 9631
f 9637 9636 9635
f 9639 9643 9642
f 9642 9641 9640
f 9646 9645 9644
f 9648 9652 9651
f 9650 9649 9648
f 9653 9659 9658
f 9658 9657 9656
f 9655 9654 9653
f 9658 9656 9655
usemtl material_12.002
f 875 873 876
f 880 878 877
f 7073 7072 7071
f 7183 7181 7184
f 7187 7185 7188
f 8122 8120 8123
f 8146 8144 8147
f 8154 8152 8155
f 8159 8157 8156
f 8166 8164 8167
f 8646 8644 8647
f 8650 8648 8651
f 8662 8661 8660
f 8743 8741 8744
f 8747 8745 8748
f 8815 8813 8816
f 8819 8817 8820
f 8832 8830 8829
f 8837 8835 8834
f 8845 8843 8846
f 8849 8847 8850
f 8854 8852 8851
f 8863 8861 8860
f 8867 8865 8868
f 8871 8869 8872
f 10014 10012 10015
f 10107 10105 10108
f 10111 10109 10112
f 10115 10113 10116
f 10119 10117 10120
f 10295 10293 10296
f 10345 10343 10346
f 10382 10380 10379
f 10389 10387 10390
f 10393 10391 10394
f 875 874 873
f 877 881 880
f 880 879 878
f 7183 7182 7181
f 7187 7186 7185
f 8122 8121 8120
f 8146 8145 8144
f 8154 8153 8152
f 8159 8158 8157
f 8166 8165 8164
f 8646 8645 8644
f 8650 8649 8648
f 8743 8742 8741
f 8747 8746 8745
f 8815 8814 8813
f 8819 8818 8817
f 8829 8833 8832
f 8832 8831 8830
f 8834 8838 8837
f 8837 8836 8835
f 8845 8844 8843
f 8849 8848 8847
f 8851 8855 8854
f 8854 8853 8852
f 8860 8864 8863
f 8863 8862 8861
f 8867 8866 8865
f 8871 8870 8869
f 10014 10013 10012
f 10107 10106 10105
f 10111 10110 10109
f 10115 10114 10113
f 10119 10118 10117
f 10295 10294 10293
f 10345 10344 10343
f 10382 10381 10380
f 10389 10388 10387
f 10393 10392 10391
usemtl material_13.002
f 884 882 885
f 4643 4641 4644
f 4749 4747 4750
f 6155 6153 6156
f 6252 6250 6253
f 6286 6284 6287
f 7431 7429 7432
f 7435 7433 7436
f 9314 9312 9315
f 9331 9329 9332
f 9435 9433 9436
f 11475 11473 11476
f 11479 11477 11480
f 11960 11958 11961
f 11977 11975 11978
f 12062 12060 12063
f 12690 12688 12691
f 884 883 882
f 4643 4642 4641
f 4749 4748 4747
f 6155 6154 6153
f 6252 6251 6250
f 6286 6285 6284
f 7431 7430 7429
f 7435 7434 7433
f 9314 9313 9312
f 9331 9330 9329
f 9435 9434 9433
f 11475 11474 11473
f 11479 11478 11477
f 11960 11959 11958
f 11977 11976 11975
f 12062 12061 12060
f 12690 12689 12688
usemtl material_14.002
f 948 946 949
f 953 951 950
f 1400 1398 1401
f 1974 1973 1971
f 1979 1977 1976
f 1984 1982 1981
f 1989 1988 1986
f 1993 1991 1994
f 1997 1995 1998
f 948 947 946
f 950 954 953
f 953 952 951
f 1400 1399 1398
f 1971 1975 1974
f 1973 1972 1971
f 1976 1980 1979
f 1979 1978 1977
f 1981 1985 1984
f 1984 1983 1982
f 1986 1990 1989
f 1988 1987 1986
f 1993 1992 1991
f 1997 1996 1995
usemtl material_15.002
f 1017 1015 1018
f 1024 1021 1020
f 1028 1026 1029
f 1035 1032 1031
f 1280 1278 1277
f 1287 1285 1284
f 1293 1291 1290
f 3111 3109 3112
f 3122 3117 3116
f 3139 3137 3140
f 3144 3143 3141
f 3152 3150 3149
f 3156 3154 3157
f 3161 3159 3158
f 3182 3181 3179
f 3287 3285 3284
f 3292 3290 3289
f 3297 3295 3294
f 3301 3299 3302
f 4067 4065 4068
f 4073 4071 4070
f 4079 4077 4076
f 4085 4083 4082
f 5214 5213 5211
f 5219 5217 5216
f 5680 5678 5677
f 5689 5685 5684
f 5806 5804 5803
f 5813 5812 5809
f 5946 5944 5943
f 5952 5950 5948
f 6103 6101 6104
f 6109 6106 6105
f 6352 6348 6347
f 6464 6463 6460
f 6654 6651 6650
f 6783 6780 6779
f 6817 6815 6813
f 6893 6890 6889
f 7661 7659 7658
f 7700 7698 7697
f 7705 7704 7703
f 7711 7709 7707
f 7715 7714 7713
f 7718 7716 7719
f 7727 7723 7721
f 7866 7864 7863
f 7880 7878 7881
f 7893 7891 7894
f 7915 7913 7916
f 8084 8082 8081
f 8424 8422 8421
f 8483 8481 8480
f 8564 8562 8565
f 9125 9123 9122
f 9205 9203 9206
f 9664 9662 9661
f 9670 9667 9666
f 10588 10586 10589
f 10594 10592 10590
f 10598 10596 10599
f 10723 10722 10720
f 10844 10842 10841
f 10853 10852 10849
f 10973 10971 10970
f 10982 10978 10977
f 12190 12188 12191
f 12254 12252 12251
f 12406 12404 12403
f 12429 12427 12430
f 12603 12601 12599
f 12955 12953 12952
f 12977 12975 12974
f 12983 12981 12979
f 12992 12990 12989
f 13000 12999 12998
f 13004 13002 13001
f 13014 13013 13012
f 13027 13025 13023
f 13087 13085 13083
f 13091 13090 13089
f 13094 13093 13092
f 13102 13098 13096
f 13219 13217 13220
f 13238 13237 13235
f 13247 13246 13244
f 13260 13258 13261
f 13282 13281 13279
f 1017 1016 1015
f 1019 1025 1024
f 1024 1023 1022
f 1024 1022 1021
f 1020 1019 1024
f 1028 1027 1026
f 1030 1036 1035
f 1035 1034 1033
f 1035 1033 1032
f 1031 1030 1035
f 1277 1282 1281
f 1280 1279 1278
f 1277 1281 1280
f 1283 1288 1287
f 1287 1286 1285
f 1284 1283 1287
f 1289 1294 1293
f 1293 1292 1291
f 1290 1289 1293
f 3111 3110 3109
f 3113 3123 3122
f 3122 3121 3120
f 3119 3118 3117
f 3122 3120 3119
f 3114 3113 3122
f 3115 3114 3122
f 3122 3119 3117
f 3116 3115 3122
f 3139 3138 3137
f 3141 3147 3146
f 3141 3146 3145
f 3143 3142 3141
f 3141 3145 3144
f 3148 3153 3152
f 3152 3151 3150
f 3149 3148 3152
f 3156 3155 3154
f 3161 3160 3159
f 3179 3183 3182
f 3181 3180 3179
f 3284 3288 3287
f 3287 3286 3285
f 3289 3293 3292
f 3292 3291 3290
f 3294 3298 3297
f 3297 3296 3295
f 3301 3300 3299
f 4067 4066 4065
f 4069 4074 4073
f 4073 4072 4071
f 4070 4069 4073
f 4075 4080 4079
f 4079 4078 4077
f 4076 4075 4079
f 4081 4086 4085
f 4085 4084 4083
f 4082 4081 4085
f 5211 5215 5214
f 5213 5212 5211
f 5216 5220 5219
f 5219 5218 5217
f 5677 5681 5680
f 5680 5679 5678
f 5682 5690 5689
f 5689 5688 5687
f 5689 5687 5686
f 5683 5682 5689
f 5684 5683 5689
f 5689 5686 5685
f 5803 5807 5806
f 5806 5805 5804
f 5808 5816 5815
f 5808 5815 5814
f 5811 5810 5809
f 5809 5808 5814
f 5809 5814 5813
f 5812 5811 5809
f 5943 5947 5946
f 5946 5945 5944
f 5948 5954 5953
f 5952 5951 5950
f 5948 5953 5952
f 5950 5949 5948
f 6103 6102 6101
f 6105 6111 6110
f 6109 6108 6107
f 6105 6110 6109
f 6109 6107 6106
f 6346 6353 6352
f 6352 6351 6350
f 6352 6350 6349
f 6347 6346 6352
f 6352 6349 6348
f 6459 6466 6465
f 6459 6465 6464
f 6462 6461 6460
f 6460 6459 6464
f 6463 6462 6460
f 6649 6655 6654
f 6654 6653 6652
f 6654 6652 6651
f 6650 6649 6654
f 6779 6785 6784
f 6783 6782 6781
f 6779 6784 6783
f 6783 6781 6780
f 6813 6819 6818
f 6817 6816 6815
f 6813 6818 6817
f 6815 6814 6813
f 6889 6895 6894
f 6893 6892 6891
f 6889 6894 6893
f 6893 6891 6890
f 7658 7662 7661
f 7661 7660 7659
f 7697 7702 7701
f 7700 7699 7698
f 7697 7701 7700
f 7706 7712 7711
f 7711 7710 7709
f 7709 7708 7707
f 7707 7706 7711
f 7718 7717 7716
f 7720 7728 7727
f 7727 7726 7725
f 7725 7724 7723
f 7723 7722 7721
f 7721 7720 7727
f 7727 7725 7723
f 7863 7867 7866
f 7866 7865 7864
f 7880 7879 7878
f 7893 7892 7891
f 7915 7914 7913
f 8081 8085 8084
f 8084 8083 8082
f 8421 8425 8424
f 8424 8423 8422
f 8480 8485 8484
f 8483 8482 8481
f 8480 8484 8483
f 8564 8563 8562
f 9122 9127 9126
f 9125 9124 9123
f 9122 9126 9125
f 9205 9204 9203
f 9660 9665 9664
f 9664 9663 9662
f 9661 9660 9664
f 9666 9672 9671
f 9670 9669 9668
f 9666 9671 9670
f 9670 9668 9667
f 10588 10587 10586
f 10590 10595 10594
f 10594 10593 10592
f 10592 10591 10590
f 10598 10597 10596
f 10720 10724 10723
f 10722 10721 10720
f 10841 10846 10845
f 10844 10843 10842
f 10841 10845 10844
f 10847 10856 10855
f 10847 10855 10854
f 10848 10847 10854
f 10848 10854 10853
f 10851 10850 10849
f 10849 10848 10853
f 10852 10851 10849
f 10969 10974 10973
f 10973 10972 10971
f 10970 10969 10973
f 10975 10984 10983
f 10982 10981 10980
f 10975 10983 10982
f 10976 10975 10982
f 10982 10980 10979
f 10982 10979 10978
f 10977 10976 10982
f 12190 12189 12188
f 12251 12255 12254
f 12254 12253 12252
f 12402 12407 12406
f 12406 12405 12404
f 12403 12402 12406
f 12429 12428 12427
f 12599 12604 12603
f 12603 12602 12601
f 12601 12600 12599
f 12952 12956 12955
f 12955 12954 12953
f 12974 12978 12977
f 12977 12976 12975
f 12979 12984 12983
f 12983 12982 12981
f 12981 12980 12979
f 12989 12993 12992
f 12992 12991 12990
f 13001 13005 13004
f 13004 13003 13002
f 13023 13028 13027
f 13027 13026 13025
f 13025 13024 13023
f 13082 13088 13087
f 13087 13086 13085
f 13085 13084 13083
f 13083 13082 13087
f 13095 13103 13102
f 13102 13101 13100
f 13100 13099 13098
f 13098 13097 13096
f 13096 13095 13102
f 13102 13100 13098
f 13219 13218 13217
f 13235 13239 13238
f 13237 13236 13235
f 13244 13248 13247
f 13246 13245 13244
f 13260 13259 13258
f 13279 13284 13283
f 13279 13283 13282
f 13281 13280 13279
usemtl material_16.002
f 1040 1038 1037
f 1044 1042 1045
f 1048 1046 1049
f 1095 1093 1092
f 1099 1097 1100
f 1103 1101 1104
f 1216 1214 1213
f 1301 1299 1302
f 1308 1305 1303
f 1312 1310 1313
f 1410 1408 1411
f 1414 1412 1415
f 1420 1418 1416
f 1471 1470 1468
f 1475 1474 1473
f 1480 1478 1476
f 1498 1496 1495
f 4251 4250 4249
f 4627 4625 4628
f 4647 4645 4648
f 4652 4650 4649
f 4655 4653 4656
f 4660 4658 4657
f 4753 4751 4754
f 4793 4791 4794
f 4809 4807 4810
f 4814 4812 4811
f 4818 4816 4815
f 5191 5190 5189
f 5223 5221 5224
f 5227 5225 5228
f 5243 5241 5244
f 5247 5245 5248
f 5317 5316 5314
f 5367 5366 5365
f 5644 5642 5645
f 5648 5646 5649
f 5652 5650 5653
f 5656 5654 5657
f 5661 5659 5658
f 5665 5663 5666
f 5748 5746 5749
f 5752 5750 5753
f 5756 5754 5757
f 5760 5758 5761
f 5765 5763 5762
f 5769 5767 5770
f 6114 6113 6112
f 6117 6116 6115
f 6144 6142 6145
f 6159 6157 6160
f 6164 6162 6161
f 6168 6166 6165
f 6171 6169 6172
f 6235 6233 6236
f 6256 6254 6257
f 6261 6259 6258
f 6265 6263 6262
f 6268 6266 6269
f 6308 6306 6309
f 6312 6310 6313
f 6316 6314 6317
f 6321 6319 6318
f 6332 6330 6333
f 6336 6334 6337
f 6340 6338 6341
f 6344 6342 6345
f 6356 6354 6357
f 6360 6358 6361
f 6364 6362 6365
f 6368 6366 6369
f 6633 6632 6631
f 6636 6635 6634
f 6639 6637 6640
f 6643 6641 6644
f 6647 6645 6648
f 6658 6656 6659
f 6662 6660 6663
f 6666 6664 6667
f 6803 6801 6804
f 6807 6805 6808
f 6811 6809 6812
f 6822 6820 6823
f 6826 6824 6827
f 6830 6828 6831
f 7460 7458 7461
f 7465 7463 7462
f 7469 7467 7466
f 7472 7470 7473
f 7595 7593 7592
f 7603 7601 7604
f 7607 7605 7608
f 7611 7609 7612
f 7616 7614 7613
f 7629 7628 7626
f 7647 7645 7648
f 7651 7649 7652
f 7677 7675 7678
f 7681 7679 7682
f 8367 8365 8368
f 8371 8369 8372
f 8997 8995 8998
f 9001 8999 9002
f 9039 9037 9040
f 9231 9229 9232
f 9270 9268 9267
f 9275 9273 9272
f 10576 10574 10573
f 10580 10578 10581
f 10602 10601 10600
f 10606 10605 10603
f 10672 10670 10673
f 10677 10676 10674
f 10692 10691 10689
f 10733 10731 10734
f 10737 10735 10738
f 10741 10739 10742
f 10745 10743 10746
f 10750 10748 10747
f 10754 10752 10755
f 10758 10756 10759
f 10801 10799 10802
f 10805 10803 10806
f 10809 10807 10810
f 10813 10811 10814
f 10818 10816 10815
f 10822 10820 10823
f 10826 10824 10827
f 11508 11506 11509
f 11512 11510 11513
f 11516 11514 11517
f 11521 11519 11518
f 11525 11523 11526
f 11530 11528 11527
f 11534 11532 11535
f 11538 11536 11539
f 11542 11540 11543
f 11546 11544 11547
f 12099 12097 12100
f 12274 12272 12275
f 12286 12284 12287
f 12306 12304 12307
f 12310 12308 12311
f 12445 12443 12446
f 12466 12464 12463
f 12471 12469 12468
f 12736 12734 12737
f 12740 12738 12741
f 12744 12742 12745
f 12748 12746 12749
f 12752 12750 12753
f 12834 12832 12835
f 12838 12837 12836
f 12841 12839 12842
f 12845 12844 12843
f 12920 12918 12921
f 12924 12922 12925
f 12929 12928 12926
f 13017 13016 13015
f 13021 13020 13018
f 13031 13029 13032
f 13037 13035 13034
f 13174 13172 13175
f 13180 13178 13176
f 14379 14377 14380
f 14383 14381 14384
f 14387 14385 14388
f 14391 14389 14392
f 14395 14393 14396
f 14399 14397 14400
f 14492 14491 14489
f 14496 14494 14497
f 14501 14499 14498
f 14505 14503 14506
f 14509 14507 14510
f 14513 14511 14514
f 14518 14516 14515
f 14522 14520 14523
f 14527 14526 14524
f 14531 14529 14532
f 14535 14533 14536
f 14539 14537 14540
f 1037 1041 1040
f 1040 1039 1038
f 1044 1043 1042
f 1048 1047 1046
f 1092 1096 1095
f 1095 1094 1093
f 1099 1098 1097
f 1103 1102 1101
f 1216 1215 1214
f 1301 1300 1299
f 1303 1309 1308
f 1308 1307 1306
f 1305 1304 1303
f 1308 1306 1305
f 1312 1311 1310
f 1410 1409 1408
f 1414 1413 1412
f 1416 1421 1420
f 1420 1419 1418
f 1418 1417 1416
f 1468 1472 1471
f 1470 1469 1468
f 1476 1482 1481
f 1480 1479 1478
f 1476 1481 1480
f 1478 1477 1476
f 1498 1497 1496
f 4627 4626 4625
f 4647 4646 4645
f 4652 4651 4650
f 4655 4654 4653
f 4660 4659 4658
f 4753 4752 4751
f 4793 4792 4791
f 4809 4808 4807
f 4814 4813 4812
f 4818 4817 4816
f 5223 5222 5221
f 5227 5226 5225
f 5243 5242 5241
f 5247 5246 5245
f 5314 5319 5318
f 5314 5318 5317
f 5316 5315 5314
f 5644 5643 5642
f 5648 5647 5646
f 5652 5651 5650
f 5656 5655 5654
f 5658 5662 5661
f 5661 5660 5659
f 5665 5664 5663
f 5748 5747 5746
f 5752 5751 5750
f 5756 5755 5754
f 5760 5759 5758
f 5762 5766 5765
f 5765 5764 5763
f 5769 5768 5767
f 6144 6143 6142
f 6159 6158 6157
f 6164 6163 6162
f 6168 6167 6166
f 6171 6170 6169
f 6235 6234 6233
f 6256 6255 6254
f 6261 6260 6259
f 6265 6264 6263
f 6268 6267 6266
f 6308 6307 6306
f 6312 6311 6310
f 6316 6315 6314
f 6321 6320 6319
f 6332 6331 6330
f 6336 6335 6334
f 6340 6339 6338
f 6344 6343 6342
f 6356 6355 6354
f 6360 6359 6358
f 6364 6363 6362
f 6368 6367 6366
f 6639 6638 6637
f 6643 6642 6641
f 6647 6646 6645
f 6658 6657 6656
f 6662 6661 6660
f 6666 6665 6664
f 6803 6802 6801
f 6807 6806 6805
f 6811 6810 6809
f 6822 6821 6820
f 6826 6825 6824
f 6830 6829 6828
f 7460 7459 7458
f 7465 7464 7463
f 7469 7468 7467
f 7472 7471 7470
f 7595 7594 7593
f 7603 7602 7601
f 7607 7606 7605
f 7611 7610 7609
f 7616 7615 7614
f 7626 7631 7630
f 7626 7630 7629
f 7628 7627 7626
f 7647 7646 7645
f 7651 7650 7649
f 7677 7676 7675
f 7681 7680 7679
f 8367 8366 8365
f 8371 8370 8369
f 8997 8996 8995
f 9001 9000 8999
f 9039 9038 9037
f 9231 9230 9229
f 9267 9271 9270
f 9270 9269 9268
f 9272 9276 9275
f 9275 9274 9273
f 10573 10577 10576
f 10576 10575 10574
f 10580 10579 10578
f 10603 10607 10606
f 10605 10604 10603
f 10672 10671 10670
f 10674 10680 10679
f 10674 10679 10678
f 10676 10675 10674
f 10674 10678 10677
f 10689 10694 10693
f 10689 10693 10692
f 10691 10690 10689
f 10733 10732 10731
f 10737 10736 10735
f 10741 10740 10739
f 10745 10744 10743
f 10747 10751 10750
f 10750 10749 10748
f 10754 10753 10752
f 10758 10757 10756
f 10801 10800 10799
f 10805 10804 10803
f 10809 10808 10807
f 10813 10812 10811
f 10815 10819 10818
f 10818 10817 10816
f 10822 10821 10820
f 10826 10825 10824
f 11508 11507 11506
f 11512 11511 11510
f 11516 11515 11514
f 11518 11522 11521
f 11521 11520 11519
f 11525 11524 11523
f 11527 11531 11530
f 11530 11529 11528
f 11534 11533 11532
f 11538 11537 11536
f 11542 11541 11540
f 11546 11545 11544
f 12099 12098 12097
f 12274 12273 12272
f 12286 12285 12284
f 12306 12305 12304
f 12310 12309 12308
f 12445 12444 12443
f 12463 12467 12466
f 12466 12465 12464
f 12468 12472 12471
f 12471 12470 12469
f 12736 12735 12734
f 12740 12739 12738
f 12744 12743 12742
f 12748 12747 12746
f 12752 12751 12750
f 12834 12833 12832
f 12841 12840 12839
f 12920 12919 12918
f 12924 12923 12922
f 12926 12930 12929
f 12928 12927 12926
f 13018 13022 13021
f 13020 13019 13018
f 13031 13030 13029
f 13033 13038 13037
f 13037 13036 13035
f 13034 13033 13037
f 13174 13173 13172
f 13176 13182 13181
f 13180 13179 13178
f 13176 13181 13180
f 13178 13177 13176
f 14379 14378 14377
f 14383 14382 14381
f 14387 14386 14385
f 14391 14390 14389
f 14395 14394 14393
f 14399 14398 14397
f 14489 14493 14492
f 14491 14490 14489
f 14496 14495 14494
f 14498 14502 14501
f 14501 14500 14499
f 14505 14504 14503
f 14509 14508 14507
f 14513 14512 14511
f 14515 14519 14518
f 14518 14517 14516
f 14522 14521 14520
f 14524 14528 14527
f 14526 14525 14524
f 14531 14530 14529
f 14535 14534 14533
f 14539 14538 14537
usemtl material_17.002
f 1110 1107 1106
f 1115 1113 1116
f 1406 1404 1403
f 1446 1444 1447
f 2164 2162 2161
f 2171 2168 2167
f 2198 2196 2195
f 2205 2202 2201
f 5231 5229 5232
f 5238 5235 5234
f 5277 5274 5273
f 5558 5555 5554
f 5566 5563 5562
f 6014 6012 6015
f 6018 6016 6019
f 6022 6020 6023
f 6026 6024 6027
f 6030 6028 6031
f 6035 6033 6032
f 6393 6391 6394
f 6400 6397 6396
f 6686 6683 6682
f 6842 6839 6838
f 7427 7425 7428
f 7672 7670 7669
f 7775 7773 7776
f 7779 7777 7780
f 7783 7781 7784
f 7787 7785 7788
f 7792 7790 7789
f 7796 7794 7793
f 7800 7798 7797
f 7804 7802 7801
f 7835 7834 7833
f 7839 7837 7836
f 7842 7841 7840
f 7845 7843 7846
f 7909 7908 7907
f 7912 7911 7910
f 7923 7921 7924
f 7927 7925 7928
f 8375 8373 8376
f 8381 8379 8378
f 8452 8450 8453
f 8457 8455 8454
f 8488 8486 8489
f 8494 8492 8491
f 9009 9007 9010
f 9015 9013 9012
f 9140 9138 9141
f 9146 9144 9143
f 9150 9148 9151
f 9156 9154 9153
f 9221 9219 9222
f 9227 9225 9224
f 9259 9257 9260
f 9265 9263 9262
f 10616 10614 10617
f 10620 10618 10621
f 10624 10622 10625
f 10629 10627 10626
f 10633 10631 10630
f 10637 10635 10634
f 10702 10700 10703
f 10762 10760 10763
f 10769 10766 10765
f 10777 10774 10773
f 11005 11003 11006
f 11565 11563 11566
f 11571 11569 11568
f 11775 11773 11776
f 11781 11779 11778
f 11872 11870 11873
f 11878 11876 11875
f 11902 11900 11899
f 11969 11967 11970
f 12103 12101 12104
f 12110 12107 12106
f 12294 12292 12295
f 12374 12372 12375
f 12380 12378 12377
f 12441 12439 12442
f 12461 12459 12462
f 12617 12615 12618
f 12623 12621 12620
f 12627 12625 12628
f 12633 12631 12630
f 13047 13045 13044
f 13115 13113 13112
f 13119 13117 13116
f 13123 13121 13120
f 13127 13125 13124
f 13130 13128 13131
f 13134 13132 13135
f 13138 13136 13139
f 13142 13140 13143
f 13205 13203 13206
f 13209 13208 13207
f 13213 13211 13210
f 13216 13215 13214
f 13268 13266 13269
f 13272 13270 13273
f 13299 13298 13297
f 13302 13301 13300
f 1105 1112 1111
f 1110 1109 1108
f 1105 1111 1110
f 1106 1105 1110
f 1110 1108 1107
f 1115 1114 1113
f 1402 1407 1406
f 1406 1405 1404
f 1403 1402 1406
f 1446 1445 1444
f 2160 2165 2164
f 2164 2163 2162
f 2161 2160 2164
f 2166 2173 2172
f 2171 2170 2169
f 2166 2172 2171
f 2167 2166 2171
f 2171 2169 2168
f 2194 2199 2198
f 2198 2197 2196
f 2195 2194 2198
f 2200 2207 2206
f 2205 2204 2203
f 2200 2206 2205
f 2201 2200 2205
f 2205 2203 2202
f 5231 5230 5229
f 5233 5240 5239
f 5238 5237 5236
f 5233 5239 5238
f 5234 5233 5238
f 5238 5236 5235
f 5272 5279 5278
f 5277 5276 5275
f 5272 5278 5277
f 5273 5272 5277
f 5277 5275 5274
f 5553 5560 5559
f 5558 5557 5556
f 5553 5559 5558
f 5554 5553 5558
f 5558 5556 5555
f 5561 5568 5567
f 5566 5565 5564
f 5561 5567 5566
f 5562 5561 5566
f 5566 5564 5563
f 6014 6013 6012
f 6018 6017 6016
f 6022 6021 6020
f 6026 6025 6024
f 6030 6029 6028
f 6035 6034 6033
f 6393 6392 6391
f 6395 6402 6401
f 6400 6399 6398
f 6395 6401 6400
f 6396 6395 6400
f 6400 6398 6397
f 6681 6688 6687
f 6686 6685 6684
f 6681 6687 6686
f 6682 6681 6686
f 6686 6684 6683
f 6837 6844 6843
f 6842 6841 6840
f 6837 6843 6842
f 6838 6837 6842
f 6842 6840 6839
f 7427 7426 7425
f 7669 7674 7673
f 7672 7671 7670
f 7669 7673 7672
f 7775 7774 7773
f 7779 7778 7777
f 7783 7782 7781
f 7787 7786 7785
f 7792 7791 7790
f 7796 7795 7794
f 7800 7799 7798
f 7804 7803 7802
f 7839 7838 7837
f 7845 7844 7843
f 7923 7922 7921
f 7927 7926 7925
f 8375 8374 8373
f 8377 8382 8381
f 8381 8380 8379
f 8378 8377 8381
f 8452 8451 8450
f 8454 8459 8458
f 8457 8456 8455
f 8454 8458 8457
f 8488 8487 8486
f 8490 8495 8494
f 8494 8493 8492
f 8491 8490 8494
f 9009 9008 9007
f 9011 9016 9015
f 9015 9014 9013
f 9012 9011 9015
f 9140 9139 9138
f 9142 9147 9146
f 9146 9145 9144
f 9143 9142 9146
f 9150 9149 9148
f 9152 9157 9156
f 9156 9155 9154
f 9153 9152 9156
f 9221 9220 9219
f 9223 9228 9227
f 9227 9226 9225
f 9224 9223 9227
f 9259 9258 9257
f 9261 9266 9265
f 9265 9264 9263
f 9262 9261 9265
f 10616 10615 10614
f 10620 10619 10618
f 10624 10623 10622
f 10629 10628 10627
f 10633 10632 10631
f 10637 10636 10635
f 10702 10701 10700
f 10762 10761 10760
f 10764 10771 10770
f 10769 10768 10767
f 10764 10770 10769
f 10765 10764 10769
f 10769 10767 10766
f 10772 10779 10778
f 10777 10776 10775
f 10772 10778 10777
f 10773 10772 10777
f 10777 10775 10774
f 11005 11004 11003
f 11565 11564 11563
f 11567 11572 11571
f 11571 11570 11569
f 11568 11567 11571
f 11775 11774 11773
f 11777 11782 11781
f 11781 11780 11779
f 11778 11777 11781
f 11872 11871 11870
f 11874 11879 11878
f 11878 11877 11876
f 11875 11874 11878
f 11899 11903 11902
f 11902 11901 11900
f 11969 11968 11967
f 12103 12102 12101
f 12105 12112 12111
f 12110 12109 12108
f 12105 12111 12110
f 12106 12105 12110
f 12110 12108 12107
f 12294 12293 12292
f 12374 12373 12372
f 12376 12381 12380
f 12380 12379 12378
f 12377 12376 12380
f 12441 12440 12439
f 12461 12460 12459
f 12617 12616 12615
f 12619 12624 12623
f 12623 12622 12621
f 12620 12619 12623
f 12627 12626 12625
f 12629 12634 12633
f 12633 12632 12631
f 12630 12629 12633
f 13044 13049 13048
f 13047 13046 13045
f 13044 13048 13047
f 13115 13114 13113
f 13119 13118 13117
f 13123 13122 13121
f 13127 13126 13125
f 13130 13129 13128
f 13134 13133 13132
f 13138 13137 13136
f 13142 13141 13140
f 13205 13204 13203
f 13213 13212 13211
f 13268 13267 13266
f 13272 13271 13270
usemtl material_18.002
f 1485 1483 1486
f 1489 1487 1490
f 9005 9003 9006
f 9217 9215 9218
f 9279 9277 9280
f 10683 10681 10684
f 10687 10685 10688
f 12290 12288 12291
f 12475 12473 12476
f 12479 12477 12480
f 13185 13183 13186
f 13189 13187 13190
f 1485 1484 1483
f 1489 1488 1487
f 9005 9004 9003
f 9217 9216 9215
f 9279 9278 9277
f 10683 10682 10681
f 10687 10686 10685
f 12290 12289 12288
f 12475 12474 12473
f 12479 12478 12477
f 13185 13184 13183
f 13189 13188 13187
usemtl material_19.002
f 1595 1593 1596
f 2239 2237 2240
f 4238 4236 4239
f 4242 4240 4243
f 8065 8063 8066
f 8841 8839 8842
f 8858 8856 8859
f 11113 11111 11114
f 11161 11159 11162
f 1595 1594 1593
f 2239 2238 2237
f 4238 4237 4236
f 4242 4241 4240
f 8065 8064 8063
f 8841 8840 8839
f 8858 8857 8856
f 11113 11112 11111
f 11161 11160 11159
usemtl material_20.002
f 1873 1871 1874
f 1909 1907 1910
f 1927 1925 1928
f 7236 7234 7237
f 7244 7242 7245
f 7248 7246 7249
f 1873 1872 1871
f 1909 1908 1907
f 1927 1926 1925
f 7236 7235 7234
f 7244 7243 7242
f 7248 7247 7246
usemtl material_21.002
f 1877 1875 1878
f 1913 1911 1914
f 1918 1916 1915
f 7240 7238 7241
f 7260 7258 7261
f 7268 7266 7269
f 1877 1876 1875
f 1913 1912 1911
f 1915 1919 1918
f 1918 1917 1916
f 7240 7239 7238
f 7260 7259 7258
f 7268 7267 7266
usemtl material_22.002
f 1889 1887 1890
f 1931 1929 1932
f 7210 7208 7211
f 7256 7254 7257
f 1889 1888 1887
f 1931 1930 1929
f 7210 7209 7208
f 7256 7255 7254
usemtl material_23.002
f 1894 1892 1891
f 1923 1921 1920
f 7272 7270 7273
f 7276 7274 7277
f 1891 1895 1894
f 1894 1893 1892
f 1920 1924 1923
f 1923 1922 1921
f 7272 7271 7270
f 7276 7275 7274
usemtl material_24.002
f 2483 2481 2484
f 2625 2623 2626
f 2629 2627 2630
f 2633 2631 2634
f 2637 2635 2638
f 2721 2719 2718
f 2727 2725 2724
f 2733 2731 2730
f 2739 2737 2736
f 2743 2741 2744
f 2747 2745 2748
f 2751 2749 2752
f 2755 2753 2756
f 2759 2757 2760
f 2771 2769 2772
f 2775 2773 2776
f 2779 2777 2780
f 2784 2782 2781
f 2791 2789 2788
f 2795 2793 2796
f 2799 2797 2800
f 2804 2802 2801
f 2811 2809 2808
f 2815 2813 2816
f 2819 2817 2820
f 2824 2822 2821
f 2831 2829 2828
f 2835 2833 2836
f 2839 2837 2840
f 2844 2842 2841
f 2851 2849 2848
f 2959 2957 2960
f 2964 2963 2961
f 2970 2969 2967
f 2975 2973 2976
f 2979 2977 2980
f 2983 2981 2984
f 2987 2985 2988
f 2991 2989 2992
f 2995 2993 2996
f 2999 2997 3000
f 3003 3001 3004
f 3007 3005 3008
f 3012 3011 3009
f 3017 3015 3018
f 3021 3019 3022
f 3025 3023 3026
f 3029 3027 3030
f 3034 3033 3031
f 3039 3037 3040
f 3043 3041 3044
f 3047 3045 3048
f 3387 3385 3384
f 3393 3391 3390
f 3399 3397 3396
f 3405 3403 3402
f 3411 3409 3408
f 3470 3468 3471
f 3474 3472 3475
f 3478 3476 3479
f 3482 3480 3483
f 3486 3484 3487
f 3507 3505 3508
f 3511 3509 3512
f 3515 3513 3516
f 3519 3517 3520
f 3523 3521 3524
f 3543 3541 3544
f 3547 3545 3548
f 3551 3549 3552
f 3555 3553 3556
f 3559 3557 3560
f 3563 3561 3564
f 3568 3566 3565
f 3575 3573 3572
f 3595 3593 3596
f 3600 3599 3597
f 3605 3603 3606
f 3609 3607 3610
f 3613 3611 3614
f 3617 3615 3618
f 3621 3619 3622
f 3625 3623 3626
f 3630 3628 3627
f 3637 3635 3634
f 3657 3655 3658
f 3662 3661 3659
f 3667 3665 3668
f 3671 3669 3672
f 3675 3673 3676
f 3679 3677 3680
f 3683 3681 3684
f 3688 3686 3685
f 3695 3693 3692
f 3715 3713 3716
f 3720 3719 3717
f 3725 3723 3726
f 3729 3727 3730
f 3733 3731 3734
f 3737 3735 3738
f 3741 3739 3742
f 3745 3743 3746
f 3749 3747 3750
f 3754 3752 3751
f 3761 3759 3758
f 3781 3779 3782
f 3786 3785 3783
f 3791 3789 3792
f 3795 3793 3796
f 3801 3799 3798
f 3806 3804 3803
f 3811 3809 3812
f 3815 3813 3816
f 3835 3833 3836
f 3840 3839 3837
f 3845 3843 3846
f 3849 3847 3850
f 2483 2482 2481
f 2625 2624 2623
f 2629 2628 2627
f 2633 2632 2631
f 2637 2636 2635
f 2717 2722 2721
f 2721 2720 2719
f 2718 2717 2721
f 2723 2728 2727
f 2727 2726 2725
f 2724 2723 2727
f 2729 2734 2733
f 2733 2732 2731
f 2730 2729 2733
f 2735 2740 2739
f 2739 2738 2737
f 2736 2735 2739
f 2743 2742 2741
f 2747 2746 2745
f 2751 2750 2749
f 2755 2754 2753
f 2759 2758 2757
f 2771 2770 2769
f 2775 2774 2773
f 2779 2778 2777
f 2781 2786 2785
f 2784 2783 2782
f 2781 2785 2784
f 2787 2792 2791
f 2791 2790 2789
f 2788 2787 2791
f 2795 2794 2793
f 2799 2798 2797
f 2801 2806 2805
f 2804 2803 2802
f 2801 2805 2804
f 2807 2812 2811
f 2811 2810 2809
f 2808 2807 2811
f 2815 2814 2813
f 2819 2818 2817
f 2821 2826 2825
f 2824 2823 2822
f 2821 2825 2824
f 2827 2832 2831
f 2831 2830 2829
f 2828 2827 2831
f 2835 2834 2833
f 2839 2838 2837
f 2841 2846 2845
f 2844 2843 2842
f 2841 2845 2844
f 2847 2852 2851
f 2851 2850 2849
f 2848 2847 2851
f 2959 2958 2957
f 2961 2966 2965
f 2961 2965 2964
f 2963 2962 2961
f 2967 2972 2971
f 2967 2971 2970
f 2969 2968 2967
f 2975 2974 2973
f 2979 2978 2977
f 2983 2982 2981
f 2987 2986 2985
f 2991 2990 2989
f 2995 2994 2993
f 2999 2998 2997
f 3003 3002 3001
f 3007 3006 3005
f 3009 3014 3013
f 3009 3013 3012
f 3011 3010 3009
f 3017 3016 3015
f 3021 3020 3019
f 3025 3024 3023
f 3029 3028 3027
f 3031 3036 3035
f 3031 3035 3034
f 3033 3032 3031
f 3039 3038 3037
f 3043 3042 3041
f 3047 3046 3045
f 3383 3388 3387
f 3387 3386 3385
f 3384 3383 3387
f 3389 3394 3393
f 3393 3392 3391
f 3390 3389 3393
f 3395 3400 3399
f 3399 3398 3397
f 3396 3395 3399
f 3401 3406 3405
f 3405 3404 3403
f 3402 3401 3405
f 3407 3412 3411
f 3411 3410 3409
f 3408 3407 3411
f 3470 3469 3468
f 3474 3473 3472
f 3478 3477 3476
f 3482 3481 3480
f 3486 3485 3484
f 3507 3506 3505
f 3511 3510 3509
f 3515 3514 3513
f 3519 3518 3517
f 3523 3522 3521
f 3543 3542 3541
f 3547 3546 3545
f 3551 3550 3549
f 3555 3554 3553
f 3559 3558 3557
f 3563 3562 3561
f 3565 3570 3569
f 3568 3567 3566
f 3565 3569 3568
f 3571 3576 3575
f 3575 3574 3573
f 3572 3571 3575
f 3595 3594 3593
f 3597 3602 3601
f 3597 3601 3600
f 3599 3598 3597
f 3605 3604 3603
f 3609 3608 3607
f 3613 3612 3611
f 3617 3616 3615
f 3621 3620 3619
f 3625 3624 3623
f 3627 3632 3631
f 3630 3629 3628
f 3627 3631 3630
f 3633 3638 3637
f 3637 3636 3635
f 3634 3633 3637
f 3657 3656 3655
f 3659 3664 3663
f 3659 3663 3662
f 3661 3660 3659
f 3667 3666 3665
f 3671 3670 3669
f 3675 3674 3673
f 3679 3678 3677
f 3683 3682 3681
f 3685 3690 3689
f 3688 3687 3686
f 3685 3689 3688
f 3691 3696 3695
f 3695 3694 3693
f 3692 3691 3695
f 3715 3714 3713
f 3717 3722 3721
f 3717 3721 3720
f 3719 3718 3717
f 3725 3724 3723
f 3729 3728 3727
f 3733 3732 3731
f 3737 3736 3735
f 3741 3740 3739
f 3745 3744 3743
f 3749 3748 3747
f 3751 3756 3755
f 3754 3753 3752
f 3751 3755 3754
f 3757 3762 3761
f 3761 3760 3759
f 3758 3757 3761
f 3781 3780 3779
f 3783 3788 3787
f 3783 3787 3786
f 3785 3784 3783
f 3791 3790 3789
f 3795 3794 3793
f 3797 3802 3801
f 3801 3800 3799
f 3798 3797 3801
f 3803 3808 3807
f 3806 3805 3804
f 3803 3807 3806
f 3811 3810 3809
f 3815 3814 3813
f 3835 3834 3833
f 3837 3842 3841
f 3837 3841 3840
f 3839 3838 3837
f 3845 3844 3843
f 3849 3848 3847
usemtl material_25.002
f 5392 5390 5393
f 5397 5395 5394
f 5418 5416 5419
f 5423 5421 5420
f 5428 5427 5425
f 5433 5431 5430
f 5437 5435 5438
f 5441 5439 5442
f 5446 5444 5443
f 5450 5448 5451
f 5455 5453 5452
f 5460 5459 5457
f 5464 5462 5465
f 5469 5468 5466
f 5475 5474 5472
f 5481 5479 5478
f 5487 5485 5484
f 5493 5490 5489
f 5498 5496 5499
f 5503 5501 5500
f 14226 14224 14227
f 14231 14229 14228
f 14244 14242 14245
f 14260 14259 14258
f 14263 14262 14261
f 14266 14265 14264
f 14269 14268 14267
f 14272 14271 14270
f 14275 14274 14273
f 14278 14277 14276
f 14281 14280 14279
f 14285 14284 14282
f 14290 14289 14287
f 14295 14294 14292
f 14301 14300 14298
f 14307 14304 14303
f 14314 14311 14310
f 14321 14319 14318
f 14327 14324 14323
f 5392 5391 5390
f 5394 5398 5397
f 5397 5396 5395
f 5418 5417 5416
f 5420 5424 5423
f 5423 5422 5421
f 5425 5429 5428
f 5427 5426 5425
f 5430 5434 5433
f 5433 5432 5431
f 5437 5436 5435
f 5441 5440 5439
f 5443 5447 5446
f 5446 5445 5444
f 5450 5449 5448
f 5452 5456 5455
f 5455 5454 5453
f 5457 5461 5460
f 5459 5458 5457
f 5464 5463 5462
f 5466 5471 5470
f 5466 5470 5469
f 5468 5467 5466
f 5472 5477 5476
f 5472 5476 5475
f 5474 5473 5472
f 5478 5483 5482
f 5481 5480 5479
f 5478 5482 5481
f 5484 5488 5487
f 5487 5486 5485
f 5489 5495 5494
f 5493 5492 5491
f 5489 5494 5493
f 5493 5491 5490
f 5498 5497 5496
f 5500 5504 5503
f 5503 5502 5501
f 14226 14225 14224
f 14228 14232 14231
f 14231 14230 14229
f 14244 14243 14242
f 14282 14286 14285
f 14284 14283 14282
f 14287 14291 14290
f 14289 14288 14287
f 14292 14297 14296
f 14292 14296 14295
f 14294 14293 14292
f 14298 14302 14301
f 14300 14299 14298
f 14303 14309 14308
f 14307 14306 14305
f 14303 14308 14307
f 14307 14305 14304
f 14310 14316 14315
f 14314 14313 14312
f 14310 14315 14314
f 14314 14312 14311
f 14317 14322 14321
f 14321 14320 14319
f 14318 14317 14321
f 14323 14329 14328
f 14327 14326 14325
f 14323 14328 14327
f 14327 14325 14324
usemtl material_26.002
f 6324 6322 6325
f 6328 6326 6329
f 6470 6468 6467
f 6475 6473 6472
f 6524 6522 6521
f 6527 6525 6528
f 6531 6529 6532
f 6535 6533 6536
f 6543 6541 6544
f 6547 6545 6548
f 6558 6556 6559
f 6564 6562 6560
f 6568 6567 6566
f 6572 6570 6569
f 6575 6574 6573
f 6578 6576 6579
f 6582 6581 6580
f 6586 6584 6583
f 6590 6588 6587
f 6594 6592 6591
f 6597 6595 6598
f 6601 6599 6602
f 6605 6604 6603
f 6616 6614 6617
f 6629 6627 6630
f 6769 6767 6770
f 6773 6771 6774
f 6777 6775 6778
f 6324 6323 6322
f 6328 6327 6326
f 6467 6471 6470
f 6470 6469 6468
f 6472 6476 6475
f 6475 6474 6473
f 6524 6523 6522
f 6527 6526 6525
f 6531 6530 6529
f 6535 6534 6533
f 6543 6542 6541
f 6547 6546 6545
f 6558 6557 6556
f 6560 6565 6564
f 6564 6563 6562
f 6562 6561 6560
f 6572 6571 6570
f 6578 6577 6576
f 6586 6585 6584
f 6590 6589 6588
f 6594 6593 6592
f 6597 6596 6595
f 6601 6600 6599
f 6616 6615 6614
f 6629 6628 6627
f 6769 6768 6767
f 6773 6772 6771
f 6777 6776 6775
usemtl material_27.002
f 6509 6507 6510
f 6515 6513 6511
f 6519 6517 6520
f 6608 6606 6609
f 6612 6610 6613
f 6736 6734 6733
f 6740 6738 6741
f 6744 6742 6745
f 6757 6755 6758
f 6761 6759 6762
f 6765 6763 6766
f 6509 6508 6507
f 6511 6516 6515
f 6515 6514 6513
f 6513 6512 6511
f 6519 6518 6517
f 6608 6607 6606
f 6612 6611 6610
f 6733 6737 6736
f 6736 6735 6734
f 6740 6739 6738
f 6744 6743 6742
f 6757 6756 6755
f 6761 6760 6759
f 6765 6764 6763
usemtl material_28.002
f 6539 6537 6540
f 7949 7947 7950
f 9102 9100 9103
f 11030 11028 11031
f 11040 11038 11041
f 11835 11833 11836
f 11848 11846 11849
f 6539 6538 6537
f 7949 7948 7947
f 9102 9101 9100
f 11030 11029 11028
f 11040 11039 11038
f 11835 11834 11833
f 11848 11847 11846
usemtl material_29.002
f 6554 6552 6550
f 14547 14543 14541
f 14557 14553 14551
f 14564 14562 14561
f 14568 14566 14565
f 14572 14570 14569
f 14576 14574 14573
f 14579 14577 14580
f 14584 14582 14581
f 14587 14585 14588
f 14591 14589 14592
f 14595 14593 14596
f 14599 14597 14600
f 6549 6555 6554
f 6554 6553 6552
f 6552 6551 6550
f 6550 6549 6554
f 14541 14550 14549
f 14549 14548 14547
f 14547 14546 14545
f 14545 14544 14543
f 14543 14542 14541
f 14541 14549 14547
f 14547 14545 14543
f 14551 14560 14559
f 14559 14558 14557
f 14557 14556 14555
f 14555 14554 14553
f 14553 14552 14551
f 14551 14559 14557
f 14557 14555 14553
f 14564 14563 14562
f 14568 14567 14566
f 14572 14571 14570
f 14576 14575 14574
f 14579 14578 14577
f 14584 14583 14582
f 14587 14586 14585
f 14591 14590 14589
f 14595 14594 14593
f 14599 14598 14597
usemtl material_30.002
f 6959 6957 6960
f 7053 7051 7054
f 7057 7055 7058
f 7061 7059 7062
f 7065 7063 7066
f 7076 7074 7077
f 7088 7086 7089
f 7096 7094 7097
f 7112 7110 7113
f 7116 7114 7117
f 7120 7118 7121
f 7192 7190 7189
f 7343 7341 7344
f 7373 7371 7374
f 7377 7375 7378
f 7381 7379 7382
f 8654 8652 8655
f 8667 8665 8663
f 8672 8670 8669
f 9735 9734 9732
f 9766 9764 9767
f 9770 9768 9771
f 9774 9772 9775
f 9778 9776 9779
f 9795 9793 9796
f 9799 9797 9800
f 9803 9801 9804
f 9807 9805 9808
f 9811 9809 9812
f 9831 9829 9832
f 9843 9841 9844
f 9847 9845 9848
f 9851 9849 9852
f 9855 9853 9856
f 9859 9857 9860
f 9863 9861 9864
f 9871 9869 9872
f 9875 9873 9876
f 9883 9881 9884
f 9887 9885 9888
f 9891 9889 9892
f 9895 9893 9896
f 9905 9904 9902
f 9950 9948 9951
f 9954 9952 9955
f 9958 9956 9959
f 9966 9964 9967
f 9970 9968 9971
f 9974 9972 9975
f 9978 9976 9979
f 9982 9980 9983
f 9986 9984 9987
f 9990 9988 9991
f 10010 10008 10011
f 10019 10017 10016
f 10022 10020 10023
f 10308 10306 10309
f 11614 11612 11615
f 11618 11616 11619
f 11622 11620 11623
f 11626 11624 11627
f 11630 11628 11631
f 11635 11634 11632
f 11639 11637 11640
f 11663 11660 11659
f 11667 11665 11668
f 11671 11669 11672
f 11675 11673 11676
f 11679 11677 11680
f 11704 11702 11705
f 11708 11706 11709
f 11712 11710 11713
f 11720 11718 11721
f 11724 11722 11725
f 11728 11726 11729
f 11732 11730 11733
f 11736 11734 11737
f 11744 11742 11745
f 11752 11750 11753
f 11756 11754 11757
f 6959 6958 6957
f 7053 7052 7051
f 7057 7056 7055
f 7061 7060 7059
f 7065 7064 7063
f 7076 7075 7074
f 7088 7087 7086
f 7096 7095 7094
f 7112 7111 7110
f 7116 7115 7114
f 7120 7119 7118
f 7189 7194 7193
f 7192 7191 7190
f 7189 7193 7192
f 7343 7342 7341
f 7373 7372 7371
f 7377 7376 7375
f 7381 7380 7379
f 8654 8653 8652
f 8663 8668 8667
f 8667 8666 8665
f 8665 8664 8663
f 8672 8671 8670
f 9732 9736 9735
f 9734 9733 9732
f 9766 9765 9764
f 9770 9769 9768
f 9774 9773 9772
f 9778 9777 9776
f 9795 9794 9793
f 9799 9798 9797
f 9803 9802 9801
f 9807 9806 9805
f 9811 9810 9809
f 9831 9830 9829
f 9843 9842 9841
f 9847 9846 9845
f 9851 9850 9849
f 9855 9854 9853
f 9859 9858 9857
f 9863 9862 9861
f 9871 9870 9869
f 9875 9874 9873
f 9883 9882 9881
f 9887 9886 9885
f 9891 9890 9889
f 9895 9894 9893
f 9902 9907 9906
f 9902 9906 9905
f 9904 9903 9902
f 9950 9949 9948
f 9954 9953 9952
f 9958 9957 9956
f 9966 9965 9964
f 9970 9969 9968
f 9974 9973 9972
f 9978 9977 9976
f 9982 9981 9980
f 9986 9985 9984
f 9990 9989 9988
f 10010 10009 10008
f 10019 10018 10017
f 10022 10021 10020
f 10308 10307 10306
f 11614 11613 11612
f 11618 11617 11616
f 11622 11621 11620
f 11626 11625 11624
f 11630 11629 11628
f 11632 11636 11635
f 11634 11633 11632
f 11639 11638 11637
f 11658 11664 11663
f 11663 11662 11661
f 11663 11661 11660
f 11659 11658 11663
f 11667 11666 11665
f 11671 11670 11669
f 11675 11674 11673
f 11679 11678 11677
f 11704 11703 11702
f 11708 11707 11706
f 11712 11711 11710
f 11720 11719 11718
f 11724 11723 11722
f 11728 11727 11726
f 11732 11731 11730
f 11736 11735 11734
f 11744 11743 11742
f 11752 11751 11750
f 11756 11755 11754
usemtl material_31.002
f 7021 7019 7022
f 7026 7024 7023
f 7031 7029 7028
f 7036 7035 7033
f 8676 8674 8673
f 8680 8678 8681
f 8756 8755 8753
f 9753 9751 9754
f 9757 9755 9758
f 9762 9760 9759
f 11597 11595 11598
f 7021 7020 7019
f 7023 7027 7026
f 7026 7025 7024
f 7028 7032 7031
f 7031 7030 7029
f 7033 7037 7036
f 7035 7034 7033
f 8673 8677 8676
f 8676 8675 8674
f 8680 8679 8678
f 8753 8758 8757
f 8753 8757 8756
f 8755 8754 8753
f 9753 9752 9751
f 9757 9756 9755
f 9759 9763 9762
f 9762 9761 9760
f 11597 11596 11595
usemtl material_32.002
f 7044 7042 7045
f 7300 7298 7301
f 7312 7310 7313
f 7359 7357 7360
f 9782 9780 9783
f 9928 9926 9929
f 9932 9930 9933
f 10157 10155 10158
f 10199 10197 10200
f 11601 11599 11602
f 11683 11681 11684
f 11687 11685 11688
f 7044 7043 7042
f 7300 7299 7298
f 7312 7311 7310
f 7359 7358 7357
f 9782 9781 9780
f 9928 9927 9926
f 9932 9931 9930
f 10157 10156 10155
f 10199 10198 10197
f 11601 11600 11599
f 11683 11682 11681
f 11687 11686 11685
usemtl material_33.002
f 7049 7047 7046
f 7937 7936 7934
f 7941 7939 7942
f 9786 9784 9787
f 9791 9789 9788
f 9936 9934 9937
f 9941 9939 9938
f 9946 9944 9943
f 10320 10318 10321
f 11605 11603 11606
f 11610 11608 11607
f 11692 11690 11689
f 11696 11694 11697
f 11700 11698 11701
f 7046 7050 7049
f 7049 7048 7047
f 7934 7938 7937
f 7936 7935 7934
f 7941 7940 7939
f 9786 9785 9784
f 9788 9792 9791
f 9791 9790 9789
f 9936 9935 9934
f 9938 9942 9941
f 9941 9940 9939
f 9943 9947 9946
f 9946 9945 9944
f 10320 10319 10318
f 11605 11604 11603
f 11607 11611 11610
f 11610 11609 11608
f 11689 11693 11692
f 11692 11691 11690
f 11696 11695 11694
f 11700 11699 11698
usemtl material_34.002
f 7069 7067 7070
f 9962 9960 9963
f 11716 11714 11717
f 7069 7068 7067
f 9962 9961 9960
f 11716 11715 11714
usemtl material_35.002
f 7080 7078 7081
f 7100 7098 7101
f 7108 7106 7109
f 7128 7126 7129
f 8694 8693 8691
f 8751 8749 8752
f 9815 9813 9816
f 9819 9817 9820
f 9823 9821 9824
f 9827 9825 9828
f 9998 9996 9999
f 10002 10000 10003
f 10035 10033 10032
f 10123 10121 10124
f 11748 11746 11749
f 7080 7079 7078
f 7100 7099 7098
f 7108 7107 7106
f 7128 7127 7126
f 8691 8695 8694
f 8693 8692 8691
f 8751 8750 8749
f 9815 9814 9813
f 9819 9818 9817
f 9823 9822 9821
f 9827 9826 9825
f 9998 9997 9996
f 10002 10001 10000
f 10032 10036 10035
f 10035 10034 10033
f 10123 10122 10121
f 11748 11747 11746
usemtl material_36.002
f 7084 7082 7085
f 7124 7122 7125
f 8658 8656 8659
f 8685 8683 8682
f 8689 8687 8690
f 8698 8696 8699
f 9675 9673 9676
f 10006 10004 10007
f 10030 10028 10031
f 10039 10037 10040
f 7084 7083 7082
f 7124 7123 7122
f 8658 8657 8656
f 8682 8686 8685
f 8685 8684 8683
f 8689 8688 8687
f 8698 8697 8696
f 9675 9674 9673
f 10006 10005 10004
f 10030 10029 10028
f 10039 10038 10037
usemtl material_37.002
f 7092 7090 7093
f 9835 9833 9836
f 9839 9837 9840
f 9867 9865 9868
f 9879 9877 9880
f 11740 11738 11741
f 7092 7091 7090
f 9835 9834 9833
f 9839 9838 9837
f 9867 9866 9865
f 9879 9878 9877
f 11740 11739 11738
usemtl material_38.002
f 7104 7102 7105
f 7104 7103 7102
usemtl material_39.002
f 7132 7131 7130
f 7136 7134 7133
f 7141 7139 7138
f 7145 7143 7142
f 7149 7147 7150
f 7154 7152 7151
f 7157 7155 7158
f 7162 7160 7159
f 7167 7165 7164
f 7171 7169 7172
f 7175 7174 7173
f 7179 7178 7176
f 8703 8701 8700
f 8707 8705 8704
f 8710 8709 8708
f 8713 8711 8714
f 8717 8716 8715
f 8721 8720 8718
f 8726 8724 8723
f 8730 8728 8731
f 8734 8732 8735
f 8739 8738 8736
f 10027 10025 10024
f 10043 10041 10044
f 10048 10046 10045
f 10052 10050 10049
f 10055 10053 10056
f 10059 10057 10060
f 10063 10061 10064
f 10067 10065 10068
f 10071 10069 10072
f 10076 10074 10073
f 10083 10081 10080
f 10087 10085 10088
f 10091 10089 10092
f 10096 10095 10093
f 10102 10101 10099
f 7133 7137 7136
f 7136 7135 7134
f 7141 7140 7139
f 7142 7146 7145
f 7145 7144 7143
f 7149 7148 7147
f 7154 7153 7152
f 7157 7156 7155
f 7159 7163 7162
f 7162 7161 7160
f 7164 7168 7167
f 7167 7166 7165
f 7171 7170 7169
f 7176 7180 7179
f 7178 7177 7176
f 8703 8702 8701
f 8707 8706 8705
f 8713 8712 8711
f 8718 8722 8721
f 8720 8719 8718
f 8723 8727 8726
f 8726 8725 8724
f 8730 8729 8728
f 8734 8733 8732
f 8736 8740 8739
f 8738 8737 8736
f 10027 10026 10025
f 10043 10042 10041
f 10048 10047 10046
f 10052 10051 10050
f 10055 10054 10053
f 10059 10058 10057
f 10063 10062 10061
f 10067 10066 10065
f 10071 10070 10069
f 10073 10078 10077
f 10076 10075 10074
f 10073 10077 10076
f 10079 10084 10083
f 10083 10082 10081
f 10080 10079 10083
f 10087 10086 10085
f 10091 10090 10089
f 10093 10098 10097
f 10093 10097 10096
f 10095 10094 10093
f 10099 10104 10103
f 10099 10103 10102
f 10101 10100 10099
usemtl material_40.002
f 8162 8160 8163
f 8823 8821 8824
f 8827 8825 8828
f 10385 10383 10386
f 8162 8161 8160
f 8823 8822 8821
f 8827 8826 8825
f 10385 10384 10383
usemtl material_41.002
f 8573 8571 8574
f 8573 8572 8571
usemtl material_42.002
f 8765 8763 8766
f 8770 8768 8767
f 8775 8774 8772
f 8780 8778 8777
f 8786 8784 8783
f 8792 8790 8788
f 8797 8795 8794
f 8803 8801 8800
f 8807 8805 8808
f 8876 8875 8873
f 8881 8879 8878
f 8886 8884 8883
f 8892 8890 8888
f 8897 8895 8894
f 8903 8901 8900
f 8907 8905 8908
f 8912 8910 8909
f 10203 10201 10204
f 10207 10205 10208
f 10212 10211 10209
f 10231 10229 10228
f 10235 10233 10236
f 10240 10238 10237
f 10244 10242 10245
f 10249 10247 10246
f 10271 10269 10272
f 10284 10283 10281
f 10290 10287 10286
f 10351 10349 10348
f 10356 10354 10353
f 10369 10367 10366
f 10373 10371 10374
f 10377 10375 10378
f 10402 10401 10399
f 10407 10405 10408
f 10412 10410 10409
f 10420 10418 10416
f 10427 10425 10428
f 10434 10432 10435
f 10455 10453 10452
f 8765 8764 8763
f 8767 8771 8770
f 8770 8769 8768
f 8772 8776 8775
f 8774 8773 8772
f 8777 8781 8780
f 8780 8779 8778
f 8782 8787 8786
f 8786 8785 8784
f 8783 8782 8786
f 8788 8793 8792
f 8792 8791 8790
f 8790 8789 8788
f 8794 8798 8797
f 8797 8796 8795
f 8799 8804 8803
f 8803 8802 8801
f 8800 8799 8803
f 8807 8806 8805
f 8873 8877 8876
f 8875 8874 8873
f 8878 8882 8881
f 8881 8880 8879
f 8883 8887 8886
f 8886 8885 8884
f 8888 8893 8892
f 8892 8891 8890
f 8890 8889 8888
f 8894 8898 8897
f 8897 8896 8895
f 8899 8904 8903
f 8903 8902 8901
f 8900 8899 8903
f 8907 8906 8905
f 8909 8913 8912
f 8912 8911 8910
f 10203 10202 10201
f 10207 10206 10205
f 10209 10214 10213
f 10209 10213 10212
f 10211 10210 10209
f 10228 10232 10231
f 10231 10230 10229
f 10235 10234 10233
f 10237 10241 10240
f 10240 10239 10238
f 10244 10243 10242
f 10246 10250 10249
f 10249 10248 10247
f 10271 10270 10269
f 10281 10285 10284
f 10283 10282 10281
f 10286 10292 10291
f 10290 10289 10288
f 10286 10291 10290
f 10290 10288 10287
f 10347 10352 10351
f 10351 10350 10349
f 10348 10347 10351
f 10353 10357 10356
f 10356 10355 10354
f 10366 10370 10369
f 10369 10368 10367
f 10373 10372 10371
f 10377 10376 10375
f 10399 10404 10403
f 10399 10403 10402
f 10401 10400 10399
f 10407 10406 10405
f 10409 10414 10413
f 10412 10411 10410
f 10409 10413 10412
f 10415 10421 10420
f 10420 10419 10418
f 10418 10417 10416
f 10416 10415 10420
f 10427 10426 10425
f 10434 10433 10432
f 10452 10457 10456
f 10455 10454 10453
f 10452 10456 10455
usemtl material_43.002
f 9294 9292 9290
f 9335 9333 9336
f 9339 9337 9340
f 9343 9341 9344
f 9347 9345 9348
f 9351 9349 9352
f 9355 9353 9356
f 9359 9357 9360
f 9363 9361 9364
f 9367 9365 9368
f 9371 9369 9372
f 9375 9373 9376
f 9379 9377 9380
f 9383 9381 9384
f 9387 9385 9388
f 9391 9389 9392
f 9395 9393 9396
f 11910 11908 11911
f 11914 11912 11915
f 11918 11916 11919
f 11922 11920 11923
f 11926 11924 11927
f 11930 11928 11931
f 11934 11932 11935
f 11938 11936 11939
f 11973 11971 11974
f 11981 11979 11982
f 11985 11983 11986
f 11989 11987 11990
f 11993 11991 11994
f 11997 11995 11998
f 12001 11999 12002
f 12005 12003 12006
f 12494 12492 12490
f 12526 12524 12527
f 12530 12528 12531
f 12534 12532 12535
f 12538 12536 12539
f 12542 12540 12543
f 12546 12544 12547
f 12550 12548 12551
f 12554 12552 12555
f 9290 9297 9296
f 9296 9295 9294
f 9294 9293 9292
f 9292 9291 9290
f 9290 9296 9294
f 9335 9334 9333
f 9339 9338 9337
f 9343 9342 9341
f 9347 9346 9345
f 9351 9350 9349
f 9355 9354 9353
f 9359 9358 9357
f 9363 9362 9361
f 9367 9366 9365
f 9371 9370 9369
f 9375 9374 9373
f 9379 9378 9377
f 9383 9382 9381
f 9387 9386 9385
f 9391 9390 9389
f 9395 9394 9393
f 11910 11909 11908
f 11914 11913 11912
f 11918 11917 11916
f 11922 11921 11920
f 11926 11925 11924
f 11930 11929 11928
f 11934 11933 11932
f 11938 11937 11936
f 11973 11972 11971
f 11981 11980 11979
f 11985 11984 11983
f 11989 11988 11987
f 11993 11992 11991
f 11997 11996 11995
f 12001 12000 11999
f 12005 12004 12003
f 12490 12497 12496
f 12496 12495 12494
f 12494 12493 12492
f 12492 12491 12490
f 12490 12496 12494
f 12526 12525 12524
f 12530 12529 12528
f 12534 12533 12532
f 12538 12537 12536
f 12542 12541 12540
f 12546 12545 12544
f 12550 12549 12548
f 12554 12553 12552
usemtl material_44.002
f 9749 9747 9750
f 9910 9908 9911
f 9915 9913 9912
f 9920 9918 9917
f 10312 10310 10313
f 10316 10314 10317
f 11551 11550 11548
f 11576 11574 11573
f 9749 9748 9747
f 9910 9909 9908
f 9912 9916 9915
f 9915 9914 9913
f 9917 9921 9920
f 9920 9919 9918
f 10312 10311 10310
f 10316 10315 10314
f 11548 11552 11551
f 11550 11549 11548
f 11573 11577 11576
f 11576 11575 11574
usemtl material_45.002
f 9994 9992 9995
f 9994 9993 9992
usemtl material_46.002
f 13930 13928 13931
f 13934 13932 13935
f 13938 13936 13939
f 13943 13942 13940
f 13947 13945 13948
f 13952 13950 13949
f 13957 13955 13958
f 13961 13959 13962
f 13965 13963 13966
f 13970 13968 13967
f 14202 14200 14203
f 14206 14204 14207
f 14210 14208 14211
f 14214 14212 14215
f 14218 14216 14219
f 14222 14220 14223
f 13930 13929 13928
f 13934 13933 13932
f 13938 13937 13936
f 13940 13944 13943
f 13942 13941 13940
f 13947 13946 13945
f 13949 13954 13953
f 13952 13951 13950
f 13949 13953 13952
f 13957 13956 13955
f 13961 13960 13959
f 13965 13964 13963
f 13967 13971 13970
f 13970 13969 13968
f 14202 14201 14200
f 14206 14205 14204
f 14210 14209 14208
f 14214 14213 14212
f 14218 14217 14216
f 14222 14221 14220
usemtl material_47.002
f 13975 13973 13972
f 13978 13976 13979
f 13982 13980 13983
f 13986 13984 13987
f 13993 13992 13989
f 14001 13998 13997
f 14007 14006 14004
f 14012 14010 14009
f 14017 14015 14014
f 14022 14020 14019
f 14026 14024 14027
f 14030 14028 14031
f 14034 14032 14035
f 14038 14036 14039
f 14042 14040 14043
f 14047 14046 14044
f 14051 14049 14052
f 14055 14053 14056
f 14059 14057 14060
f 14063 14061 14064
f 14067 14065 14068
f 14072 14070 14069
f 14078 14076 14075
f 14084 14082 14081
f 14089 14087 14086
f 14094 14093 14091
f 13975 13974 13973
f 13978 13977 13976
f 13982 13981 13980
f 13986 13985 13984
f 13988 13995 13994
f 13988 13994 13993
f 13991 13990 13989
f 13989 13988 13993
f 13992 13991 13989
f 13996 14003 14002
f 14001 14000 13999
f 13996 14002 14001
f 13997 13996 14001
f 14001 13999 13998
f 14004 14008 14007
f 14006 14005 14004
f 14009 14013 14012
f 14012 14011 14010
f 14014 14018 14017
f 14017 14016 14015
f 14019 14023 14022
f 14022 14021 14020
f 14026 14025 14024
f 14030 14029 14028
f 14034 14033 14032
f 14038 14037 14036
f 14042 14041 14040
f 14044 14048 14047
f 14046 14045 14044
f 14051 14050 14049
f 14055 14054 14053
f 14059 14058 14057
f 14063 14062 14061
f 14067 14066 14065
f 14069 14074 14073
f 14072 14071 14070
f 14069 14073 14072
f 14075 14079 14078
f 14078 14077 14076
f 14080 14085 14084
f 14084 14083 14082
f 14081 14080 14084
f 14086 14090 14089
f 14089 14088 14087
f 14091 14095 14094
f 14093 14092 14091
usemtl material_48.002
f 14098 14096 14099
f 14102 14100 14103
f 14106 14104 14107
f 14110 14108 14111
f 14114 14112 14115
f 14118 14116 14119
f 14122 14120 14123
f 14126 14124 14127
f 14130 14128 14131
f 14134 14132 14135
f 14138 14136 14139
f 14142 14140 14143
f 14146 14144 14147
f 14150 14148 14151
f 14154 14152 14155
f 14159 14157 14156
f 14166 14164 14163
f 14170 14168 14171
f 14175 14173 14172
f 14180 14178 14177
f 14184 14182 14185
f 14189 14187 14186
f 14194 14192 14191
f 14198 14196 14199
f 14098 14097 14096
f 14102 14101 14100
f 14106 14105 14104
f 14110 14109 14108
f 14114 14113 14112
f 14118 14117 14116
f 14122 14121 14120
f 14126 14125 14124
f 14130 14129 14128
f 14134 14133 14132
f 14138 14137 14136
f 14142 14141 14140
f 14146 14145 14144
f 14150 14149 14148
f 14154 14153 14152
f 14156 14161 14160
f 14159 14158 14157
f 14156 14160 14159
f 14162 14167 14166
f 14166 14165 14164
f 14163 14162 14166
f 14170 14169 14168
f 14172 14176 14175
f 14175 14174 14173
f 14177 14181 14180
f 14180 14179 14178
f 14184 14183 14182
f 14186 14190 14189
f 14189 14188 14187
f 14191 14195 14194
f 14194 14193 14192
f 14198 14197 14196
usemtl material_49.002
f 14236 14234 14233
f 14240 14238 14241
f 14233 14237 14236
f 14236 14235 14234
f 14240 14239 14238
usemtl material_50.002
f 14248 14246 14249
f 14252 14250 14253
f 14256 14254 14257
f 14332 14330 14333
f 14338 14336 14334
f 14342 14340 14343
f 14348 14346 14344
f 14352 14350 14353
f 14248 14247 14246
f 14252 14251 14250
f 14256 14255 14254
f 14332 14331 14330
f 14334 14339 14338
f 14338 14337 14336
f 14336 14335 14334
f 14342 14341 14340
f 14344 14349 14348
f 14348 14347 14346
f 14346 14345 14344
f 14352 14351 14350
usemtl material_51.002
f 14357 14355 14354
f 14362 14360 14359
f 14366 14364 14367
f 14371 14369 14368
f 14375 14373 14376
f 14354 14358 14357
f 14357 14356 14355
f 14359 14363 14362
f 14362 14361 14360
f 14366 14365 14364
f 14368 14372 14371
f 14371 14370 14369
f 14375 14374 14373
usemtl material_52.002
f 14604 14602 14601
f 14609 14607 14606
f 14622 14619 14618
f 14635 14633 14630
f 14643 14641 14640
f 14647 14645 14644
f 14652 14650 14649
f 14657 14656 14654
f 14664 14662 14661
f 14672 14669 14667
f 14861 14859 14858
f 14868 14867 14864
f 14874 14872 14875
f 14879 14877 14876
f 14882 14880 14883
f 14886 14885 14884
f 14889 14888 14887
f 14892 14891 14890
f 14897 14895 14893
f 14901 14900 14899
f 14905 14903 14902
f 14911 14909 14912
f 14935 14933 14932
f 14948 14947 14945
f 15084 15082 15081
f 15104 15102 15105
f 15168 15166 15165
f 15176 15174 15177
f 15285 15283 15282
f 15293 15290 15288
f 15299 15297 15296
f 15305 15303 15301
f 15310 15308 15311
f 15319 15315 15313
f 15326 15324 15322
f 15331 15329 15328
f 15339 15336 15334
f 15345 15343 15342
f 15352 15350 15348
f 15356 15354 15357
f 15365 15361 15359
f 15371 15369 15367
f 15439 15438 15437
f 15442 15441 15440
f 15651 15649 15647
f 15656 15655 15653
f 15662 15659 15658
f 15668 15666 15665
f 15672 15670 15673
f 15678 15676 15674
f 15685 15683 15681
f 15689 15687 15690
f 15694 15693 15691
f 15702 15700 15698
f 15707 15706 15705
f 15777 15775 15773
f 15782 15781 15779
f 15786 15784 15787
f 15791 15790 15788
f 15797 15794 15793
f 15804 15802 15800
f 15810 15808 15806
f 15815 15813 15816
f 15821 15818 15817
f 15826 15825 15824
f 15832 15830 15828
f 14601 14605 14604
f 14604 14603 14602
f 14606 14610 14609
f 14609 14608 14607
f 14617 14623 14622
f 14622 14621 14620
f 14622 14620 14619
f 14618 14617 14622
f 14630 14639 14638
f 14637 14636 14635
f 14630 14638 14637
f 14632 14631 14630
f 14635 14634 14633
f 14633 14632 14630
f 14630 14637 14635
f 14643 14642 14641
f 14644 14648 14647
f 14647 14646 14645
f 14649 14653 14652
f 14652 14651 14650
f 14654 14660 14659
f 14654 14659 14658
f 14656 14655 14654
f 14654 14658 14657
f 14661 14665 14664
f 14664 14663 14662
f 14666 14673 14672
f 14672 14671 14670
f 14669 14668 14667
f 14672 14670 14669
f 14667 14666 14672
f 14858 14862 14861
f 14861 14860 14859
f 14863 14871 14870
f 14863 14870 14869
f 14866 14865 14864
f 14864 14863 14869
f 14864 14869 14868
f 14867 14866 14864
f 14874 14873 14872
f 14879 14878 14877
f 14882 14881 14880
f 14893 14898 14897
f 14897 14896 14895
f 14895 14894 14893
f 14905 14904 14903
f 14911 14910 14909
f 14932 14936 14935
f 14935 14934 14933
f 14945 14949 14948
f 14947 14946 14945
f 15084 15083 15082
f 15104 15103 15102
f 15165 15169 15168
f 15168 15167 15166
f 15176 15175 15174
f 15285 15284 15283
f 15286 15295 15294
f 15293 15292 15291
f 15286 15294 15293
f 15288 15287 15286
f 15290 15289 15288
f 15293 15291 15290
f 15288 15286 15293
f 15296 15300 15299
f 15299 15298 15297
f 15301 15307 15306
f 15305 15304 15303
f 15301 15306 15305
f 15303 15302 15301
f 15310 15309 15308
f 15312 15320 15319
f 15319 15318 15317
f 15317 15316 15315
f 15315 15314 15313
f 15313 15312 15319
f 15319 15317 15315
f 15321 15327 15326
f 15326 15325 15324
f 15324 15323 15322
f 15322 15321 15326
f 15331 15330 15329
f 15332 15341 15340
f 15339 15338 15337
f 15332 15340 15339
f 15334 15333 15332
f 15336 15335 15334
f 15339 15337 15336
f 15334 15332 15339
f 15342 15346 15345
f 15345 15344 15343
f 15347 15353 15352
f 15352 15351 15350
f 15350 15349 15348
f 15348 15347 15352
f 15356 15355 15354
f 15358 15366 15365
f 15365 15364 15363
f 15363 15362 15361
f 15361 15360 15359
f 15359 15358 15365
f 15365 15363 15361
f 15367 15373 15372
f 15371 15370 15369
f 15367 15372 15371
f 15369 15368 15367
f 15647 15652 15651
f 15651 15650 15649
f 15649 15648 15647
f 15653 15657 15656
f 15655 15654 15653
f 15658 15664 15663
f 15662 15661 15660
f 15658 15663 15662
f 15662 15660 15659
f 15665 15669 15668
f 15668 15667 15666
f 15672 15671 15670
f 15674 15679 15678
f 15678 15677 15676
f 15676 15675 15674
f 15680 15686 15685
f 15685 15684 15683
f 15683 15682 15681
f 15681 15680 15685
f 15689 15688 15687
f 15691 15697 15696
f 15691 15696 15695
f 15693 15692 15691
f 15691 15695 15694
f 15698 15704 15703
f 15702 15701 15700
f 15698 15703 15702
f 15700 15699 15698
f 15773 15778 15777
f 15777 15776 15775
f 15775 15774 15773
f 15779 15783 15782
f 15781 15780 15779
f 15786 15785 15784
f 15788 15792 15791
f 15790 15789 15788
f 15793 15799 15798
f 15797 15796 15795
f 15793 15798 15797
f 15797 15795 15794
f 15800 15805 15804
f 15804 15803 15802
f 15802 15801 15800
f 15806 15812 15811
f 15810 15809 15808
f 15806 15811 15810
f 15808 15807 15806
f 15815 15814 15813
f 15817 15823 15822
f 15821 15820 15819
f 15817 15822 15821
f 15821 15819 15818
f 15827 15833 15832
f 15832 15831 15830
f 15830 15829 15828
f 15828 15827 15832
usemtl material_53.002
f 14615 14613 14611
f 14628 14626 14625
f 14676 14674 14677
f 14680 14678 14681
f 14687 14685 14683
f 14691 14689 14692
f 14698 14696 14694
f 14702 14700 14703
f 14706 14704 14707
f 14710 14708 14711
f 14722 14720 14723
f 14726 14724 14727
f 14730 14728 14731
f 14734 14732 14735
f 14739 14737 14736
f 14743 14741 14744
f 14748 14747 14745
f 14752 14750 14753
f 14757 14755 14754
f 14764 14761 14760
f 14769 14767 14766
f 14773 14771 14774
f 14802 14800 14799
f 14807 14806 14804
f 14814 14812 14811
f 14818 14816 14819
f 14823 14821 14820
f 14828 14826 14825
f 14833 14831 14834
f 14838 14837 14835
f 14844 14842 14841
f 14848 14847 14846
f 14851 14849 14852
f 14856 14854 14853
f 14908 14907 14906
f 14915 14914 14913
f 14926 14924 14927
f 14930 14928 14931
f 14939 14937 14940
f 14943 14941 14944
f 14978 14976 14979
f 14983 14981 14980
f 14988 14986 14985
f 15005 15003 15002
f 15009 15007 15006
f 15014 15012 15011
f 15019 15017 15016
f 15032 15030 15029
f 15053 15051 15054
f 15062 15060 15059
f 15079 15077 15080
f 15087 15085 15088
f 15091 15089 15092
f 15096 15095 15093
f 15100 15098 15101
f 15108 15106 15109
f 15126 15124 15123
f 15131 15129 15128
f 15135 15133 15136
f 15147 15145 15148
f 15155 15153 15156
f 15159 15157 15160
f 15163 15161 15164
f 15172 15170 15173
f 15188 15186 15189
f 15192 15190 15193
f 15198 15196 15195
f 15202 15200 15203
f 15218 15216 15215
f 15222 15220 15223
f 15228 15226 15225
f 15232 15230 15233
f 15236 15234 15237
f 15240 15238 15241
f 15246 15244 15243
f 15250 15248 15251
f 15266 15264 15263
f 15270 15268 15271
f 15276 15274 15273
f 15280 15278 15281
f 14611 14616 14615
f 14615 14614 14613
f 14613 14612 14611
f 14624 14629 14628
f 14628 14627 14626
f 14625 14624 14628
f 14676 14675 14674
f 14680 14679 14678
f 14682 14688 14687
f 14687 14686 14685
f 14685 14684 14683
f 14683 14682 14687
f 14691 14690 14689
f 14693 14699 14698
f 14698 14697 14696
f 14696 14695 14694
f 14694 14693 14698
f 14702 14701 14700
f 14706 14705 14704
f 14710 14709 14708
f 14722 14721 14720
f 14726 14725 14724
f 14730 14729 14728
f 14734 14733 14732
f 14736 14740 14739
f 14739 14738 14737
f 14743 14742 14741
f 14745 14749 14748
f 14747 14746 14745
f 14752 14751 14750
f 14754 14758 14757
f 14757 14756 14755
f 14759 14765 14764
f 14764 14763 14762
f 14764 14762 14761
f 14760 14759 14764
f 14766 14770 14769
f 14769 14768 14767
f 14773 14772 14771
f 14799 14803 14802
f 14802 14801 14800
f 14804 14810 14809
f 14804 14809 14808
f 14806 14805 14804
f 14804 14808 14807
f 14811 14815 14814
f 14814 14813 14812
f 14818 14817 14816
f 14820 14824 14823
f 14823 14822 14821
f 14825 14830 14829
f 14828 14827 14826
f 14825 14829 14828
f 14833 14832 14831
f 14835 14839 14838
f 14837 14836 14835
f 14840 14845 14844
f 14844 14843 14842
f 14841 14840 14844
f 14851 14850 14849
f 14853 14857 14856
f 14856 14855 14854
f 14926 14925 14924
f 14930 14929 14928
f 14939 14938 14937
f 14943 14942 14941
f 14978 14977 14976
f 14980 14984 14983
f 14983 14982 14981
f 14985 14989 14988
f 14988 14987 14986
f 15005 15004 15003
f 15006 15010 15009
f 15009 15008 15007
f 15011 15015 15014
f 15014 15013 15012
f 15019 15018 15017
f 15029 15034 15033
f 15032 15031 15030
f 15029 15033 15032
f 15053 15052 15051
f 15059 15064 15063
f 15062 15061 15060
f 15059 15063 15062
f 15079 15078 15077
f 15087 15086 15085
f 15091 15090 15089
f 15093 15097 15096
f 15095 15094 15093
f 15100 15099 15098
f 15108 15107 15106
f 15123 15127 15126
f 15126 15125 15124
f 15128 15132 15131
f 15131 15130 15129
f 15135 15134 15133
f 15147 15146 15145
f 15155 15154 15153
f 15159 15158 15157
f 15163 15162 15161
f 15172 15171 15170
f 15188 15187 15186
f 15192 15191 15190
f 15194 15199 15198
f 15198 15197 15196
f 15195 15194 15198
f 15202 15201 15200
f 15214 15219 15218
f 15218 15217 15216
f 15215 15214 15218
f 15222 15221 15220
f 15224 15229 15228
f 15228 15227 15226
f 15225 15224 15228
f 15232 15231 15230
f 15236 15235 15234
f 15240 15239 15238
f 15242 15247 15246
f 15246 15245 15244
f 15243 15242 15246
f 15250 15249 15248
f 15262 15267 15266
f 15266 15265 15264
f 15263 15262 15266
f 15270 15269 15268
f 15272 15277 15276
f 15276 15275 15274
f 15273 15272 15276
f 15280 15279 15278
usemtl material_54.002
f 14714 14712 14715
f 14718 14716 14719
f 14922 14918 14917
f 14992 14990 14993
f 14996 14994 14997
f 15139 15137 15140
f 16744 16743 16741
f 16749 16747 16750
f 14714 14713 14712
f 14718 14717 14716
f 14916 14923 14922
f 14922 14921 14920
f 14922 14920 14919
f 14917 14916 14922
f 14922 14919 14918
f 14992 14991 14990
f 14996 14995 14994
f 15139 15138 15137
f 16741 16746 16745
f 16741 16745 16744
f 16743 16742 16741
f 16749 16748 16747
usemtl material_55.002
f 14778 14776 14775
f 14783 14782 14780
f 14790 14788 14787
f 14797 14794 14793
f 15000 14998 15001
f 15022 15020 15023
f 15027 15025 15024
f 15112 15110 15113
f 15116 15114 15117
f 15121 15119 15118
f 15143 15141 15144
f 15151 15149 15152
f 15597 15595 15598
f 15601 15599 15602
f 15605 15603 15606
f 15609 15607 15610
f 15613 15611 15614
f 15624 15619 15618
f 15629 15628 15626
f 15636 15635 15631
f 15645 15643 15642
f 15910 15906 15905
f 16302 16300 16299
f 16306 16304 16303
f 16310 16308 16307
f 16315 16313 16312
f 16320 16318 16317
f 16324 16322 16325
f 16329 16327 16326
f 16334 16332 16331
f 16401 16399 16402
f 16405 16403 16406
f 16409 16407 16410
f 16425 16423 16426
f 16438 16436 16439
f 16454 16452 16455
f 16529 16528 16524
f 16607 16605 16608
f 16735 16733 16736
f 16739 16737 16740
f 16827 16825 16824
f 16835 16833 16836
f 16855 16853 16856
f 16871 16869 16872
f 14775 14779 14778
f 14778 14777 14776
f 14780 14786 14785
f 14780 14785 14784
f 14782 14781 14780
f 14780 14784 14783
f 14787 14791 14790
f 14790 14789 14788
f 14792 14798 14797
f 14797 14796 14795
f 14797 14795 14794
f 14793 14792 14797
f 15000 14999 14998
f 15022 15021 15020
f 15024 15028 15027
f 15027 15026 15025
f 15112 15111 15110
f 15116 15115 15114
f 15118 15122 15121
f 15121 15120 15119
f 15143 15142 15141
f 15151 15150 15149
f 15597 15596 15595
f 15601 15600 15599
f 15605 15604 15603
f 15609 15608 15607
f 15613 15612 15611
f 15615 15625 15624
f 15624 15623 15622
f 15624 15622 15621
f 15616 15615 15624
f 15617 15616 15624
f 15624 15621 15620
f 15624 15620 15619
f 15618 15617 15624
f 15626 15630 15629
f 15628 15627 15626
f 15631 15641 15640
f 15631 15640 15639
f 15633 15632 15631
f 15634 15633 15631
f 15631 15639 15638
f 15631 15638 15637
f 15635 15634 15631
f 15631 15637 15636
f 15642 15646 15645
f 15645 15644 15643
f 15903 15912 15911
f 15910 15909 15908
f 15903 15911 15910
f 15904 15903 15910
f 15910 15908 15907
f 15910 15907 15906
f 15905 15904 15910
f 16302 16301 16300
f 16306 16305 16304
f 16307 16311 16310
f 16310 16309 16308
f 16312 16316 16315
f 16315 16314 16313
f 16317 16321 16320
f 16320 16319 16318
f 16324 16323 16322
f 16326 16330 16329
f 16329 16328 16327
f 16334 16333 16332
f 16401 16400 16399
f 16405 16404 16403
f 16409 16408 16407
f 16425 16424 16423
f 16438 16437 16436
f 16454 16453 16452
f 16524 16532 16531
f 16524 16531 16530
f 16526 16525 16524
f 16527 16526 16524
f 16524 16530 16529
f 16528 16527 16524
f 16607 16606 16605
f 16735 16734 16733
f 16739 16738 16737
f 16824 16828 16827
f 16827 16826 16825
f 16835 16834 16833
f 16855 16854 16853
f 16871 16870 16869
usemtl material_56.002
f 14952 14950 14953
f 14956 14954 14957
f 15180 15178 15181
f 15184 15182 15185
f 15710 15709 15708
f 15715 15713 15712
f 15727 15725 15728
f 15745 15743 15746
f 15749 15747 15750
f 15753 15751 15754
f 15757 15755 15758
f 15761 15759 15762
f 15765 15763 15766
f 15769 15768 15767
f 15836 15834 15837
f 15840 15838 15841
f 15844 15842 15845
f 15921 15919 15922
f 15929 15927 15930
f 16414 16412 16411
f 16418 16416 16415
f 16421 16419 16422
f 16434 16432 16435
f 16447 16445 16444
f 16450 16448 16451
f 16755 16753 16752
f 16767 16765 16768
f 16780 16778 16781
f 16784 16782 16785
f 16793 16791 16794
f 16797 16795 16798
f 16801 16799 16802
f 16805 16803 16806
f 16809 16807 16810
f 16813 16811 16814
f 16818 16816 16815
f 16823 16821 16820
f 16831 16829 16832
f 16840 16838 16837
f 16844 16842 16841
f 16847 16845 16848
f 16852 16850 16849
f 16859 16857 16860
f 16863 16861 16864
f 16867 16865 16868
f 14952 14951 14950
f 14956 14955 14954
f 15180 15179 15178
f 15184 15183 15182
f 15711 15716 15715
f 15715 15714 15713
f 15712 15711 15715
f 15727 15726 15725
f 15745 15744 15743
f 15749 15748 15747
f 15753 15752 15751
f 15757 15756 15755
f 15761 15760 15759
f 15765 15764 15763
f 15836 15835 15834
f 15840 15839 15838
f 15844 15843 15842
f 15921 15920 15919
f 15929 15928 15927
f 16414 16413 16412
f 16418 16417 16416
f 16421 16420 16419
f 16434 16433 16432
f 16447 16446 16445
f 16450 16449 16448
f 16751 16756 16755
f 16755 16754 16753
f 16752 16751 16755
f 16767 16766 16765
f 16780 16779 16778
f 16784 16783 16782
f 16793 16792 16791
f 16797 16796 16795
f 16801 16800 16799
f 16805 16804 16803
f 16809 16808 16807
f 16813 16812 16811
f 16815 16819 16818
f 16818 16817 16816
f 16823 16822 16821
f 16831 16830 16829
f 16840 16839 16838
f 16844 16843 16842
f 16847 16846 16845
f 16852 16851 16850
f 16859 16858 16857
f 16863 16862 16861
f 16867 16866 16865
usemtl material_57.002
f 14960 14958 14961
f 14965 14963 14962
f 14970 14968 14967
f 14974 14972 14975
f 15037 15035 15038
f 15041 15039 15042
f 15045 15043 15046
f 15049 15047 15050
f 15057 15055 15058
f 15067 15065 15068
f 15071 15069 15072
f 15075 15073 15076
f 16345 16343 16346
f 16349 16347 16350
f 16354 16352 16351
f 16359 16357 16356
f 16364 16362 16361
f 16369 16367 16366
f 16373 16371 16370
f 16377 16375 16378
f 16611 16609 16612
f 16615 16613 16616
f 16619 16617 16620
f 16623 16621 16624
f 16627 16625 16628
f 16631 16629 16632
f 16635 16633 16636
f 16639 16637 16640
f 16659 16657 16660
f 16663 16661 16664
f 16677 16675 16678
f 16681 16679 16682
f 16685 16683 16686
f 16689 16687 16690
f 16707 16705 16708
f 16711 16709 16712
f 14960 14959 14958
f 14962 14966 14965
f 14965 14964 14963
f 14967 14971 14970
f 14970 14969 14968
f 14974 14973 14972
f 15037 15036 15035
f 15041 15040 15039
f 15045 15044 15043
f 15049 15048 15047
f 15057 15056 15055
f 15067 15066 15065
f 15071 15070 15069
f 15075 15074 15073
f 16345 16344 16343
f 16349 16348 16347
f 16351 16355 16354
f 16354 16353 16352
f 16356 16360 16359
f 16359 16358 16357
f 16361 16365 16364
f 16364 16363 16362
f 16369 16368 16367
f 16370 16374 16373
f 16373 16372 16371
f 16377 16376 16375
f 16611 16610 16609
f 16615 16614 16613
f 16619 16618 16617
f 16623 16622 16621
f 16627 16626 16625
f 16631 16630 16629
f 16635 16634 16633
f 16639 16638 16637
f 16659 16658 16657
f 16663 16662 16661
f 16677 16676 16675
f 16681 16680 16679
f 16685 16684 16683
f 16689 16688 16687
f 16707 16706 16705
f 16711 16710 16709
usemtl material_58.002
f 15208 15206 15205
f 15212 15210 15213
f 15256 15254 15253
f 15260 15258 15261
f 15879 15877 15876
f 15883 15881 15884
f 16281 16279 16278
f 16285 16283 16286
f 15204 15209 15208
f 15208 15207 15206
f 15205 15204 15208
f 15212 15211 15210
f 15252 15257 15256
f 15256 15255 15254
f 15253 15252 15256
f 15260 15259 15258
f 15875 15880 15879
f 15879 15878 15877
f 15876 15875 15879
f 15883 15882 15881
f 16277 16282 16281
f 16281 16280 16279
f 16278 16277 16281
f 16285 16284 16283
usemtl material_59.002
f 15376 15374 15377
f 15515 15514 15512
f 15550 15548 15551
f 15917 15915 15914
f 16340 16339 16336
f 16386 16384 16383
f 16389 16387 16390
f 16393 16391 16394
f 16397 16395 16398
f 16475 16473 16472
f 16479 16477 16476
f 16482 16480 16483
f 16490 16488 16491
f 16497 16494 16493
f 16502 16500 16503
f 16506 16504 16507
f 16510 16508 16511
f 16517 16514 16513
f 16522 16520 16523
f 16536 16535 16533
f 16541 16539 16538
f 16561 16559 16558
f 16565 16563 16566
f 16575 16574 16572
f 16579 16577 16580
f 16594 16593 16591
f 16598 16596 16599
f 16603 16601 16600
f 15376 15375 15374
f 15512 15518 15517
f 15512 15517 15516
f 15514 15513 15512
f 15512 15516 15515
f 15550 15549 15548
f 15913 15918 15917
f 15917 15916 15915
f 15914 15913 15917
f 16335 16342 16341
f 16335 16341 16340
f 16338 16337 16336
f 16336 16335 16340
f 16339 16338 16336
f 16386 16385 16384
f 16389 16388 16387
f 16393 16392 16391
f 16397 16396 16395
f 16475 16474 16473
f 16479 16478 16477
f 16482 16481 16480
f 16490 16489 16488
f 16492 16499 16498
f 16497 16496 16495
f 16492 16498 16497
f 16493 16492 16497
f 16497 16495 16494
f 16502 16501 16500
f 16506 16505 16504
f 16510 16509 16508
f 16512 16519 16518
f 16517 16516 16515
f 16512 16518 16517
f 16513 16512 16517
f 16517 16515 16514
f 16522 16521 16520
f 16533 16537 16536
f 16535 16534 16533
f 16541 16540 16539
f 16558 16562 16561
f 16561 16560 16559
f 16565 16564 16563
f 16572 16576 16575
f 16574 16573 16572
f 16579 16578 16577
f 16591 16595 16594
f 16593 16592 16591
f 16598 16597 16596
f 16600 16604 16603
f 16603 16602 16601
usemtl material_60.002
f 15381 15379 15378
f 16722 16720 16718
f 16727 16725 16724
f 16731 16729 16732
f 15378 15383 15382
f 15381 15380 15379
f 15378 15382 15381
f 16717 16723 16722
f 16722 16721 16720
f 16720 16719 16718
f 16718 16717 16722
f 16724 16728 16727
f 16727 16726 16725
f 16731 16730 16729
usemtl material_61.002
f 15387 15385 15384
f 15393 15391 15390
f 15848 15846 15849
f 15852 15850 15853
f 15856 15854 15857
f 15860 15858 15861
f 15866 15863 15862
f 15873 15871 15870
f 15888 15886 15885
f 15893 15891 15890
f 15949 15947 15950
f 15953 15951 15954
f 15957 15955 15958
f 15961 15959 15962
f 15965 15963 15966
f 15970 15968 15967
f 15975 15973 15972
f 15979 15977 15976
f 15982 15980 15983
f 15987 15985 15984
f 15991 15989 15992
f 15995 15993 15996
f 15999 15997 16000
f 16004 16002 16001
f 16009 16007 16006
f 16013 16011 16010
f 16017 16016 16014
f 16022 16020 16019
f 16033 16031 16030
f 16038 16036 16039
f 16042 16040 16043
f 16052 16050 16053
f 16058 16056 16055
f 16063 16061 16060
f 16068 16066 16065
f 16073 16071 16070
f 16078 16077 16075
f 16082 16080 16083
f 16086 16084 16087
f 16091 16090 16088
f 16096 16094 16093
f 16111 16109 16108
f 16116 16114 16113
f 16121 16119 16118
f 16126 16124 16123
f 16131 16130 16128
f 16146 16145 16143
f 16151 16149 16148
f 16156 16154 16153
f 16161 16159 16158
f 16166 16164 16163
f 16170 16168 16171
f 16175 16173 16172
f 16179 16177 16180
f 16183 16181 16184
f 16187 16185 16188
f 16191 16189 16192
f 16196 16194 16193
f 16201 16200 16198
f 16213 16211 16210
f 16223 16221 16224
f 16228 16226 16225
f 16234 16232 16231
f 16239 16237 16236
f 16244 16242 16241
f 16248 16246 16249
f 16253 16252 16250
f 16257 16255 16258
f 16262 16260 16259
f 16268 16265 16264
f 16275 16273 16272
f 15384 15389 15388
f 15387 15386 15385
f 15384 15388 15387
f 15390 15395 15394
f 15393 15392 15391
f 15390 15394 15393
f 15848 15847 15846
f 15852 15851 15850
f 15856 15855 15854
f 15860 15859 15858
f 15862 15868 15867
f 15866 15865 15864
f 15862 15867 15866
f 15866 15864 15863
f 15869 15874 15873
f 15873 15872 15871
f 15870 15869 15873
f 15885 15889 15888
f 15888 15887 15886
f 15890 15894 15893
f 15893 15892 15891
f 15949 15948 15947
f 15953 15952 15951
f 15957 15956 15955
f 15961 15960 15959
f 15965 15964 15963
f 15967 15971 15970
f 15970 15969 15968
f 15975 15974 15973
f 15979 15978 15977
f 15982 15981 15980
f 15984 15988 15987
f 15987 15986 15985
f 15991 15990 15989
f 15995 15994 15993
f 15999 15998 15997
f 16001 16005 16004
f 16004 16003 16002
f 16009 16008 16007
f 16013 16012 16011
f 16014 16018 16017
f 16016 16015 16014
f 16019 16023 16022
f 16022 16021 16020
f 16030 16035 16034
f 16033 16032 16031
f 16030 16034 16033
f 16038 16037 16036
f 16042 16041 16040
f 16052 16051 16050
f 16054 16059 16058
f 16058 16057 16056
f 16055 16054 16058
f 16060 16064 16063
f 16063 16062 16061
f 16065 16069 16068
f 16068 16067 16066
f 16070 16074 16073
f 16073 16072 16071
f 16075 16079 16078
f 16077 16076 16075
f 16082 16081 16080
f 16086 16085 16084
f 16088 16092 16091
f 16090 16089 16088
f 16093 16097 16096
f 16096 16095 16094
f 16108 16112 16111
f 16111 16110 16109
f 16113 16117 16116
f 16116 16115 16114
f 16118 16122 16121
f 16121 16120 16119
f 16123 16127 16126
f 16126 16125 16124
f 16128 16132 16131
f 16130 16129 16128
f 16143 16147 16146
f 16145 16144 16143
f 16148 16152 16151
f 16151 16150 16149
f 16153 16157 16156
f 16156 16155 16154
f 16158 16162 16161
f 16161 16160 16159
f 16163 16167 16166
f 16166 16165 16164
f 16170 16169 16168
f 16172 16176 16175
f 16175 16174 16173
f 16179 16178 16177
f 16183 16182 16181
f 16187 16186 16185
f 16191 16190 16189
f 16193 16197 16196
f 16196 16195 16194
f 16198 16202 16201
f 16200 16199 16198
f 16209 16214 16213
f 16213 16212 16211
f 16210 16209 16213
f 16223 16222 16221
f 16225 16230 16229
f 16228 16227 16226
f 16225 16229 16228
f 16231 16235 16234
f 16234 16233 16232
f 16236 16240 16239
f 16239 16238 16237
f 16241 16245 16244
f 16244 16243 16242
f 16248 16247 16246
f 16250 16254 16253
f 16252 16251 16250
f 16257 16256 16255
f 16259 16263 16262
f 16262 16261 16260
f 16264 16270 16269
f 16268 16267 16266
f 16264 16269 16268
f 16268 16266 16265
f 16271 16276 16275
f 16275 16274 16273
f 16272 16271 16275
usemtl material_62.002
f 15401 15398 15397
f 15406 15404 15403
f 15411 15409 15412
f 15415 15413 15416
f 15419 15417 15420
f 15423 15421 15424
f 15427 15425 15428
f 15431 15429 15432
f 15435 15433 15436
f 15445 15443 15446
f 15449 15447 15450
f 15453 15451 15454
f 15457 15455 15458
f 15461 15459 15462
f 15465 15463 15466
f 15469 15467 15470
f 15473 15471 15474
f 15477 15475 15478
f 15481 15479 15482
f 15486 15485 15483
f 15490 15488 15491
f 15494 15492 15495
f 15498 15496 15499
f 15502 15500 15503
f 15506 15504 15507
f 15510 15508 15511
f 15521 15519 15522
f 15527 15526 15523
f 15534 15533 15531
f 15538 15536 15539
f 15542 15540 15543
f 15546 15544 15547
f 15556 15555 15552
f 15567 15563 15562
f 15571 15569 15572
f 15579 15575 15574
f 15589 15588 15584
f 15719 15717 15720
f 15723 15721 15724
f 15732 15730 15729
f 15736 15734 15737
f 15741 15740 15738
f 15772 15771 15770
f 15938 15937 15935
f 15945 15943 15942
f 16028 16026 16025
f 16047 16045 16044
f 16101 16099 16098
f 16106 16105 16103
f 16136 16135 16133
f 16141 16139 16138
f 16206 16204 16203
f 16219 16217 16216
f 16291 16289 16288
f 16296 16295 16293
f 16382 16380 16379
f 16430 16429 16427
f 16442 16440 16443
f 16458 16456 16459
f 16462 16460 16463
f 16467 16465 16464
f 16470 16468 16471
f 16486 16484 16487
f 16545 16544 16542
f 16555 16552 16551
f 16570 16568 16567
f 16585 16583 16581
f 16589 16587 16590
f 16643 16641 16644
f 16647 16645 16648
f 16651 16649 16652
f 16655 16653 16656
f 16667 16665 16668
f 16672 16670 16669
f 16693 16691 16694
f 16697 16695 16698
f 16702 16700 16699
f 16715 16713 16716
f 16759 16757 16760
f 16763 16761 16764
f 16771 16769 16772
f 16776 16775 16773
f 16789 16788 16786
f 16882 16877 16876
f 16887 16885 16884
f 16892 16890 16889
f 16896 16894 16897
f 16900 16898 16901
f 16904 16902 16905
f 16908 16906 16909
f 16912 16910 16913
f 16916 16914 16917
f 16921 16919 16918
f 15396 15402 15401
f 15401 15400 15399
f 15401 15399 15398
f 15397 15396 15401
f 15403 15408 15407
f 15406 15405 15404
f 15403 15407 15406
f 15411 15410 15409
f 15415 15414 15413
f 15419 15418 15417
f 15423 15422 15421
f 15427 15426 15425
f 15431 15430 15429
f 15435 15434 15433
f 15445 15444 15443
f 15449 15448 15447
f 15453 15452 15451
f 15457 15456 15455
f 15461 15460 15459
f 15465 15464 15463
f 15469 15468 15467
f 15473 15472 15471
f 15477 15476 15475
f 15481 15480 15479
f 15483 15487 15486
f 15485 15484 15483
f 15490 15489 15488
f 15494 15493 15492
f 15498 15497 15496
f 15502 15501 15500
f 15506 15505 15504
f 15510 15509 15508
f 15521 15520 15519
f 15523 15530 15529
f 15523 15529 15528
f 15525 15524 15523
f 15526 15525 15523
f 15523 15528 15527
f 15531 15535 15534
f 15533 15532 15531
f 15538 15537 15536
f 15542 15541 15540
f 15546 15545 15544
f 15552 15559 15558
f 15552 15558 15557
f 15554 15553 15552
f 15555 15554 15552
f 15552 15557 15556
f 15560 15568 15567
f 15567 15566 15565
f 15567 15565 15564
f 15561 15560 15567
f 15562 15561 15567
f 15567 15564 15563
f 15571 15570 15569
f 15573 15582 15581
f 15581 15580 15579
f 15579 15578 15577
f 15579 15577 15576
f 15573 15581 15579
f 15574 15573 15579
f 15579 15576 15575
f 15583 15594 15593
f 15593 15592 15591
f 15593 15591 15590
f 15584 15583 15593
f 15586 15585 15584
f 15587 15586 15584
f 15584 15593 15590
f 15584 15590 15589
f 15588 15587 15584
f 15719 15718 15717
f 15723 15722 15721
f 15729 15733 15732
f 15732 15731 15730
f 15736 15735 15734
f 15738 15742 15741
f 15740 15739 15738
f 15935 15940 15939
f 15935 15939 15938
f 15937 15936 15935
f 15941 15946 15945
f 15945 15944 15943
f 15942 15941 15945
f 16024 16029 16028
f 16028 16027 16026
f 16025 16024 16028
f 16044 16049 16048
f 16047 16046 16045
f 16044 16048 16047
f 16098 16102 16101
f 16101 16100 16099
f 16103 16107 16106
f 16105 16104 16103
f 16133 16137 16136
f 16135 16134 16133
f 16138 16142 16141
f 16141 16140 16139
f 16203 16208 16207
f 16206 16205 16204
f 16203 16207 16206
f 16215 16220 16219
f 16219 16218 16217
f 16216 16215 16219
f 16287 16292 16291
f 16291 16290 16289
f 16288 16287 16291
f 16293 16298 16297
f 16293 16297 16296
f 16295 16294 16293
f 16382 16381 16380
f 16427 16431 16430
f 16429 16428 16427
f 16442 16441 16440
f 16458 16457 16456
f 16462 16461 16460
f 16467 16466 16465
f 16470 16469 16468
f 16486 16485 16484
f 16542 16548 16547
f 16542 16547 16546
f 16544 16543 16542
f 16542 16546 16545
f 16549 16557 16556
f 16555 16554 16553
f 16549 16556 16555
f 16550 16549 16555
f 16555 16553 16552
f 16551 16550 16555
f 16567 16571 16570
f 16570 16569 16568
f 16581 16586 16585
f 16585 16584 16583
f 16583 16582 16581
f 16589 16588 16587
f 16643 16642 16641
f 16647 16646 16645
f 16651 16650 16649
f 16655 16654 16653
f 16667 16666 16665
f 16669 16674 16673
f 16672 16671 16670
f 16669 16673 16672
f 16693 16692 16691
f 16697 16696 16695
f 16699 16704 16703
f 16702 16701 16700
f 16699 16703 16702
f 16715 16714 16713
f 16759 16758 16757
f 16763 16762 16761
f 16771 16770 16769
f 16773 16777 16776
f 16775 16774 16773
f 16786 16790 16789
f 16788 16787 16786
f 16873 16883 16882
f 16882 16881 16880
f 16882 16880 16879
f 16874 16873 16882
f 16875 16874 16882
f 16882 16879 16878
f 16882 16878 16877
f 16876 16875 16882
f 16884 16888 16887
f 16887 16886 16885
f 16889 16893 16892
f 16892 16891 16890
f 16896 16895 16894
f 16900 16899 16898
f 16904 16903 16902
f 16908 16907 16906
f 16912 16911 16910
f 16916 16915 16914
f 16918 16922 16921
f 16921 16920 16919
usemtl material_63.002
f 15897 15895 15898
f 15897 15896 15895
