# Blender 4.2.1 LTS
# www.blender.org
mtllib mario.mtl
o Shape_IndexedFaceSet.009
v -6.840798 0.789151 -0.714044
v -3.001155 0.784134 -3.018517
v -4.025195 1.039026 -4.810634
v -3.001155 0.784134 -3.018517
v -2.744834 0.675076 0.052542
v -1.465446 0.780983 -5.066699
v -4.025195 1.039026 -4.810634
v -3.001155 0.784134 -3.018517
v -1.465446 0.780983 -5.066699
v -6.840798 0.789151 -0.714044
v -2.744834 0.675076 0.052542
v -3.001155 0.784134 -3.018517
v -5.049181 1.039740 -4.810503
v -6.840798 0.789151 -0.714044
v -4.025195 1.039026 -4.810634
v -5.049181 1.039740 -4.810503
v -6.847732 0.781940 -7.813992
v -6.840798 0.789151 -0.714044
v -7.352062 2.577338 -4.811772
v -7.352158 1.875462 -1.739077
v -6.840798 0.789151 -0.714044
v -7.352062 2.577338 -4.811772
v -6.840798 0.789151 -0.714044
v -6.847732 0.781940 -7.813992
v -5.449368 0.934875 1.938614
v -4.628482 0.933508 1.155514
v -6.840798 0.789151 -0.714044
v -6.840798 0.789151 -0.714044
v -4.628482 0.933508 1.155514
v -2.744834 0.675076 0.052542
v 5.830525 1.038789 1.715061
v 4.070251 1.037707 -0.556698
v 3.654203 1.037576 -0.971642
v -2.744834 0.675076 0.052542
v -0.853302 0.781735 -3.906785
v -1.465446 0.780983 -5.066699
v 3.908566 0.006379 -7.882583
v 1.758697 0.008657 -7.114314
v 2.372936 0.264748 -6.602656
v 1.758945 0.265177 -6.602578
v 2.372936 0.264748 -6.602656
v 1.758697 0.008657 -7.114314
v 3.396868 0.187037 -6.602709
v 3.908566 0.006379 -7.882583
v 2.372936 0.264748 -6.602656
v 4.420727 0.007324 -6.602657
v 3.908566 0.006379 -7.882583
v 3.396868 0.187037 -6.602709
v 2.630315 0.988329 0.051533
v 5.830525 1.038789 1.715061
v 3.654203 1.037576 -0.971642
v 4.971649 0.532051 5.319665
v 8.007116 1.042084 6.450749
v 5.830794 1.040869 3.763047
v 2.711257 0.783958 0.725727
v 5.830525 1.038789 1.715061
v 2.630315 0.988329 0.051533
v 4.934604 1.039933 2.227172
v 5.830525 1.038789 1.715061
v 3.398428 0.784875 2.099629
v 3.398428 0.784875 2.099629
v 5.830525 1.038789 1.715061
v 2.711257 0.783958 0.725727
v 5.830525 1.038789 1.715061
v 6.726580 1.038685 2.226943
v 8.006107 1.034283 -1.228195
v 4.934739 1.040974 3.251164
v 4.971649 0.532051 5.319665
v 5.830794 1.040869 3.763047
v 5.830794 1.040869 3.763047
v 8.007116 1.042084 6.450749
v 6.854695 1.039506 3.122921
v 3.990726 0.532233 5.810787
v 8.007116 1.042084 6.450749
v 4.971649 0.532051 5.319665
v 8.007116 1.042084 6.450749
v 9.031600 1.554410 7.474091
v 8.005638 1.030642 -4.812169
v 3.991087 1.044232 5.810266
v 4.935838 1.813263 7.474353
v 8.007116 1.042084 6.450749
v 4.935838 1.813263 7.474353
v 6.984352 2.579830 7.473310
v 8.007116 1.042084 6.450749
v 8.007116 1.042084 6.450749
v 6.984352 2.579830 7.473310
v 9.031600 1.554410 7.474091
v -7.252188 1.963461 5.218779
v -7.252097 2.091460 5.218648
v -7.252174 1.963557 5.313777
v -7.252097 2.091460 5.218648
v -7.252075 2.112509 5.266626
v -7.252174 1.963557 5.313777
v -7.252075 2.112509 5.266626
v -7.252084 2.091558 5.313647
v -7.252174 1.963557 5.313777
v -7.252084 2.091558 5.313647
v -7.350448 2.589820 7.475141
v -7.252174 1.963557 5.313777
v -7.350448 2.589820 7.475141
v -7.252084 2.091558 5.313647
v -7.252075 2.112509 5.266626
v -6.840798 0.789151 -0.714044
v -7.352158 1.875462 -1.739077
v -7.252188 1.963461 5.218779
v -7.252097 2.091460 5.218648
v -7.252188 1.963461 5.218779
v -7.352158 1.875462 -1.739077
v -7.252097 2.091460 5.218648
v -7.352158 1.875462 -1.739077
v -7.252075 2.112509 5.266626
v -7.352158 1.875462 -1.739077
v -7.350739 2.746699 4.402999
v -7.252075 2.112509 5.266626
v -7.350739 2.746699 4.402999
v -7.350448 2.589820 7.475141
v -7.252075 2.112509 5.266626
v -7.350448 2.589820 7.475141
v -6.838862 2.108945 6.963567
v -7.252174 1.963557 5.313777
v -6.840798 0.789151 -0.714044
v -6.189180 0.936758 3.284698
v -5.449368 0.934875 1.938614
v -7.252188 1.963461 5.218779
v -6.189180 0.936758 3.284698
v -6.840798 0.789151 -0.714044
v -6.847732 0.781940 -7.813992
v 0.070163 0.777050 -7.882874
v -3.001023 2.058145 -8.907778
v -7.252188 1.963461 5.218779
v -7.252174 1.963557 5.313777
v -5.448643 1.958871 1.937571
v -5.449368 0.934875 1.938614
v -6.189180 0.936758 3.284698
v -7.252188 1.963461 5.218779
v -5.448643 1.958871 1.937571
v -5.449368 0.934875 1.938614
v -7.252188 1.963461 5.218779
v -2.257078 1.759697 0.017376
v -4.628482 0.933508 1.155514
v -5.448643 1.958871 1.937571
v -5.448643 1.958871 1.937571
v -4.628482 0.933508 1.155514
v -5.449368 0.934875 1.938614
v 0.070163 0.777050 -7.882874
v -6.847732 0.781940 -7.813992
v 0.070331 0.778352 -6.602883
v -3.001023 2.058145 -8.907778
v 0.070096 0.776530 -8.394871
v 3.908884 0.645335 -8.907227
v 0.070096 0.776530 -8.394871
v 0.069620 0.009054 -7.882092
v 3.908566 0.006379 -7.882583
v 0.070096 0.776530 -8.394871
v -3.001023 2.058145 -8.907778
v 0.070163 0.777050 -7.882874
v -3.001023 2.058145 -8.907778
v -7.353687 1.037183 -8.906180
v -6.847732 0.781940 -7.813992
v -2.230619 2.538733 6.962538
v -2.230552 2.539253 7.474535
v 1.708989 1.044807 4.812565
v 3.945092 1.044286 5.833272
v 1.708989 1.044807 4.812565
v -2.230552 2.539253 7.474535
v 0.070096 0.776530 -8.394871
v 3.908566 0.006379 -7.882583
v 3.908884 0.645335 -8.907227
v 3.908884 0.645335 -8.907227
v 3.908566 0.006379 -7.882583
v 9.029266 1.281765 -8.908531
v -5.049315 1.038700 -5.834496
v -4.025330 1.037986 -5.834627
v -6.847732 0.781940 -7.813992
v -5.049315 1.038700 -5.834496
v -6.847732 0.781940 -7.813992
v -5.049181 1.039740 -4.810503
v 0.070331 0.778352 -6.602883
v -6.847732 0.781940 -7.813992
v -0.953587 0.779586 -6.090756
v -0.953587 0.779586 -6.090756
v -6.847732 0.781940 -7.813992
v -4.025330 1.037986 -5.834627
v -7.353687 1.037183 -8.906180
v -7.352062 2.577338 -4.811772
v -6.847732 0.781940 -7.813992
v -2.744834 0.675076 0.052542
v -4.628482 0.933508 1.155514
v -2.257078 1.759697 0.017376
v 8.004509 0.003524 -7.883105
v 8.004913 0.006647 -4.811127
v 9.029266 1.281765 -8.908531
v 3.908566 0.006379 -7.882583
v 4.420727 0.007324 -6.602657
v 6.212626 0.005488 -7.178883
v 6.212626 0.005488 -7.178883
v 8.004509 0.003524 -7.883105
v 3.908566 0.006379 -7.882583
v 3.908566 0.006379 -7.882583
v 1.220704 0.009032 -7.114245
v 1.758697 0.008657 -7.114314
v 0.069620 0.009054 -7.882092
v 1.220704 0.009032 -7.114245
v 3.908566 0.006379 -7.882583
v 8.004509 0.003524 -7.883105
v 9.029266 1.281765 -8.908531
v 3.908566 0.006379 -7.882583
v 9.029266 1.281765 -8.908531
v 8.004913 0.006647 -4.811127
v 8.005638 1.030642 -4.812169
v 8.004913 0.006647 -4.811127
v 8.004509 0.003524 -7.883105
v 7.428761 0.005813 -6.027045
v 9.030886 2.058085 -0.717371
v 9.029266 1.281765 -8.908531
v 8.005638 1.030642 -4.812169
v 7.428685 0.005228 -6.603041
v 8.004509 0.003524 -7.883105
v 6.852617 0.005042 -7.178964
v 6.852617 0.005042 -7.178964
v 8.004509 0.003524 -7.883105
v 6.212626 0.005488 -7.178883
v 7.428685 0.005228 -6.603041
v 7.428761 0.005813 -6.027045
v 8.004509 0.003524 -7.883105
v 9.031600 1.554410 7.474091
v 9.030886 2.058085 -0.717371
v 8.005638 1.030642 -4.812169
v 0.329988 3.352464 7.473377
v -2.230552 2.539253 7.474535
v -3.509686 3.739138 7.473476
v -3.509686 3.739138 7.473476
v -2.230552 2.539253 7.474535
v -7.350448 2.589820 7.475141
v 3.991087 1.044232 5.810266
v 3.945092 1.044286 5.833272
v 4.935838 1.813263 7.474353
v 3.945092 1.044286 5.833272
v 0.329988 3.352464 7.473377
v 4.935838 1.813263 7.474353
v -2.230552 2.539253 7.474535
v 0.329988 3.352464 7.473377
v 3.945092 1.044286 5.833272
v -2.230552 2.539253 7.474535
v -6.838862 2.108945 6.963567
v -7.350448 2.589820 7.475141
v -5.404977 2.107219 6.246389
v -5.404950 2.107426 6.451387
v -2.230552 2.539253 7.474535
v -5.404950 2.107426 6.451387
v -6.838862 2.108945 6.963567
v -2.230552 2.539253 7.474535
v -5.424033 2.106791 5.811395
v -5.404977 2.107219 6.246389
v -2.230552 2.539253 7.474535
v -5.609974 2.107360 6.246416
v -7.252174 1.963557 5.313777
v -6.838862 2.108945 6.963567
v 3.398428 0.784875 2.099629
v 4.284665 0.795134 3.946494
v 4.934604 1.039933 2.227172
v 3.079879 1.043148 4.119394
v 3.252921 1.043376 4.462371
v 3.297919 1.043321 4.439365
v 3.124876 1.043093 4.096390
v 3.079879 1.043148 4.119394
v 3.297919 1.043321 4.439365
v 1.708989 1.044807 4.812565
v 3.252921 1.043376 4.462371
v 3.079879 1.043148 4.119394
v 1.708989 1.044807 4.812565
v 3.945092 1.044286 5.833272
v 3.252921 1.043376 4.462371
v 4.934604 1.039933 2.227172
v 4.284665 0.795134 3.946494
v 4.934739 1.040974 3.251164
v 4.284665 0.795134 3.946494
v 4.971649 0.532051 5.319665
v 4.934739 1.040974 3.251164
v -1.465446 0.780983 -5.066699
v -0.853302 0.781735 -3.906785
v -0.441325 0.781310 -4.042837
v -0.853302 0.781735 -3.906785
v 2.373871 0.781169 -2.251209
v -0.441325 0.781310 -4.042837
v -1.465513 0.780463 -5.578695
v -4.025330 1.037986 -5.834627
v -1.465446 0.780983 -5.066699
v -4.025330 1.037986 -5.834627
v -4.025195 1.039026 -4.810634
v -1.465446 0.780983 -5.066699
v 4.207015 0.781202 -0.961452
v 4.342031 0.781245 -0.826470
v 8.005926 0.778284 -1.227935
v 3.909984 0.781138 -1.227412
v 4.207015 0.781202 -0.961452
v 8.005926 0.778284 -1.227935
v -2.230552 2.539253 7.474535
v -2.230619 2.538733 6.962538
v -5.424033 2.106791 5.811395
v -5.404950 2.107426 6.451387
v -5.609945 2.107569 6.451413
v -6.838862 2.108945 6.963567
v -5.424033 2.106791 5.811395
v -5.609974 2.107360 6.246416
v -5.404977 2.107219 6.246389
v -7.252174 1.963557 5.313777
v -5.609974 2.107360 6.246416
v -5.424033 2.106791 5.811395
v -5.448643 1.958871 1.937571
v -7.252174 1.963557 5.313777
v -5.411638 1.958893 1.984566
v -7.252174 1.963557 5.313777
v -5.424033 2.106791 5.811395
v -5.411638 1.958893 1.984566
v 3.909648 0.778538 -3.787394
v 8.005926 0.778284 -1.227935
v 4.933498 0.776784 -4.811517
v 8.005926 0.778284 -1.227935
v 3.909648 0.778538 -3.787394
v 3.909984 0.781138 -1.227412
v 8.005456 0.774643 -4.811909
v 4.933498 0.776784 -4.811517
v 8.005926 0.778284 -1.227935
v -0.853302 0.781735 -3.906785
v -0.184914 0.784339 -0.885892
v 2.373871 0.781169 -2.251209
v -1.048974 0.784383 -1.434778
v -0.184914 0.784339 -0.885892
v -0.853302 0.781735 -3.906785
v 6.852844 0.006800 -5.450975
v 8.004913 0.006647 -4.811127
v 7.428761 0.005813 -6.027045
v 6.212853 0.007246 -5.450894
v 4.932955 0.008788 -4.810736
v 8.004913 0.006647 -4.811127
v 6.212853 0.007246 -5.450894
v 5.636786 0.007061 -6.026816
v 4.420794 0.007844 -6.090661
v 6.212853 0.007246 -5.450894
v 4.420794 0.007844 -6.090661
v 4.932955 0.008788 -4.810736
v 2.373003 0.265270 -6.090660
v 4.932955 0.008788 -4.810736
v 3.396935 0.187557 -6.090713
v 1.758764 0.009179 -6.602318
v 1.758697 0.008657 -7.114314
v 1.220704 0.009032 -7.114245
v 6.212626 0.005488 -7.178883
v 4.420727 0.007324 -6.602657
v 5.636710 0.006477 -6.602812
v 4.420794 0.007844 -6.090661
v 3.396935 0.187557 -6.090713
v 4.932955 0.008788 -4.810736
v 2.373003 0.265270 -6.090660
v 1.758899 0.010218 -5.579325
v 4.932955 0.008788 -4.810736
v 1.759012 0.265699 -6.089581
v 1.758899 0.010218 -5.579325
v 2.373003 0.265270 -6.090660
v 5.830525 1.038789 1.715061
v 4.342211 1.037244 -0.826730
v 4.070251 1.037707 -0.556698
v 4.342211 1.037244 -0.826730
v 5.830525 1.038789 1.715061
v 8.006107 1.034283 -1.228195
v 6.212853 0.007246 -5.450894
v 8.004913 0.006647 -4.811127
v 6.852844 0.006800 -5.450975
v -0.953587 0.779586 -6.090756
v -4.025330 1.037986 -5.834627
v -1.465513 0.780463 -5.578695
v 8.006107 1.034283 -1.228195
v 6.854695 1.039506 3.122921
v 8.007116 1.042084 6.450749
v 6.726580 1.038685 2.226943
v 6.854695 1.039506 3.122921
v 8.006107 1.034283 -1.228195
v 0.069788 0.010356 -6.602102
v 0.581713 0.009477 -7.114164
v 0.069620 0.009054 -7.882092
v 0.581713 0.009477 -7.114164
v 1.220704 0.009032 -7.114245
v 0.069620 0.009054 -7.882092
v -5.609945 2.107569 6.451413
v -5.609974 2.107360 6.246416
v -6.838862 2.108945 6.963567
v -5.448643 1.958871 1.937571
v -5.411638 1.958893 1.984566
v -2.220073 1.759719 0.064371
v -3.613362 3.089747 -1.843792
v -3.613389 3.089539 -2.048791
v -5.047356 3.090642 -1.946608
v -2.220073 1.759719 0.064371
v -1.239251 1.386804 0.819620
v -2.257078 1.759697 0.017376
v -2.257078 1.759697 0.017376
v -5.448643 1.958871 1.937571
v -2.220073 1.759719 0.064371
v -1.236933 0.784814 -1.139756
v -0.372873 0.784768 -0.591870
v -1.048974 0.784383 -1.434778
v -0.372873 0.784768 -0.591870
v -0.184914 0.784339 -0.885892
v -1.048974 0.784383 -1.434778
v -5.047356 3.090642 -1.946608
v -3.613389 3.089539 -2.048791
v -4.279541 3.088756 -3.276697
v -4.279191 3.091457 -0.617716
v -3.613362 3.089747 -1.843792
v -5.047356 3.090642 -1.946608
v -3.409392 3.089397 -2.048817
v -1.975398 3.088501 -1.947000
v -2.743562 3.087685 -3.276893
v -4.279191 3.091457 -0.617716
v -2.743213 3.090386 -0.617912
v -3.613362 3.089747 -1.843792
v -3.613362 3.089747 -1.843792
v -2.743213 3.090386 -0.617912
v -3.409364 3.089605 -1.843818
v -2.743213 3.090386 -0.617912
v -1.975398 3.088501 -1.947000
v -3.409364 3.089605 -1.843818
v -3.409364 3.089605 -1.843818
v -1.975398 3.088501 -1.947000
v -3.409392 3.089397 -2.048817
v -3.613389 3.089539 -2.048791
v -3.409392 3.089397 -2.048817
v -4.279541 3.088756 -3.276697
v -4.279541 3.088756 -3.276697
v -3.409392 3.089397 -2.048817
v -2.743562 3.087685 -3.276893
s 0
f 3 1 2
f 6 4 5
f 9 7 8
f 12 10 11
f 15 13 14
f 18 16 17
f 21 19 20
f 24 22 23
f 27 25 26
f 30 28 29
f 33 31 32
f 36 34 35
f 39 37 38
f 42 40 41
f 45 43 44
f 48 46 47
f 51 49 50
f 54 52 53
f 57 55 56
f 60 58 59
f 63 61 62
f 66 64 65
f 69 67 68
f 72 70 71
f 75 73 74
f 78 76 77
f 81 79 80
f 84 82 83
f 87 85 86
f 90 88 89
f 93 91 92
f 96 94 95
f 99 97 98
f 102 100 101
f 105 103 104
f 108 106 107
f 111 109 110
f 114 112 113
f 117 115 116
f 120 118 119
f 123 121 122
f 126 124 125
f 129 127 128
f 132 130 131
f 135 133 134
f 138 136 137
f 141 139 140
f 144 142 143
f 147 145 146
f 150 148 149
f 153 151 152
f 156 154 155
f 159 157 158
f 162 160 161
f 165 163 164
f 168 166 167
f 171 169 170
f 174 172 173
f 177 175 176
f 180 178 179
f 183 181 182
f 186 184 185
f 189 187 188
f 192 190 191
f 195 193 194
f 198 196 197
f 201 199 200
f 204 202 203
f 207 205 206
f 210 208 209
f 213 211 212
f 216 214 215
f 219 217 218
f 222 220 221
f 225 223 224
f 228 226 227
f 231 229 230
f 234 232 233
f 237 235 236
f 240 238 239
f 243 241 242
f 246 244 245
f 249 247 248
f 252 250 251
f 255 253 254
f 258 256 257
f 261 259 260
f 264 262 263
f 267 265 266
f 270 268 269
f 273 271 272
f 276 274 275
f 279 277 278
f 282 280 281
f 285 283 284
f 288 286 287
f 291 289 290
f 294 292 293
f 297 295 296
f 300 298 299
f 303 301 302
f 306 304 305
f 309 307 308
f 312 310 311
f 315 313 314
f 318 316 317
f 321 319 320
f 324 322 323
f 327 325 326
f 330 328 329
f 333 331 332
f 336 334 335
f 339 337 338
f 342 340 341
f 345 343 344
f 348 346 347
f 351 349 350
f 354 352 353
f 357 355 356
f 360 358 359
f 363 361 362
f 366 364 365
f 369 367 368
f 372 370 371
f 375 373 374
f 378 376 377
f 381 379 380
f 384 382 383
f 387 385 386
f 390 388 389
f 393 391 392
f 396 394 395
f 399 397 398
f 402 400 401
f 405 403 404
f 408 406 407
f 411 409 410
f 414 412 413
f 417 415 416
f 420 418 419
f 423 421 422
f 426 424 425
f 429 427 428
f 432 430 431
o Shape_IndexedFaceSet.010
v -0.953520 0.780106 -5.578760
v 0.070398 0.778873 -6.090887
v 0.070331 0.778352 -6.602883
v -0.953587 0.779586 -6.090756
v -0.953520 0.780106 -5.578760
v 0.070331 0.778352 -6.602883
v -1.465513 0.780463 -5.578695
v -0.953520 0.780106 -5.578760
v -0.953587 0.779586 -6.090756
v 2.373803 0.780649 -2.763205
v 2.373871 0.781169 -2.251209
v 2.629834 0.780730 -2.507240
v 2.373003 0.265270 -6.090660
v 2.372936 0.264748 -6.602656
v 1.759012 0.265699 -6.089581
v 1.759012 0.265699 -6.089581
v 2.372936 0.264748 -6.602656
v 1.758945 0.265177 -6.602578
v 3.396935 0.187557 -6.090713
v 2.372936 0.264748 -6.602656
v 2.373003 0.265270 -6.090660
v 3.396868 0.187037 -6.602709
v 2.372936 0.264748 -6.602656
v 3.396935 0.187557 -6.090713
v 5.636786 0.007061 -6.026816
v 5.636710 0.006477 -6.602812
v 4.420794 0.007844 -6.090661
v 5.636710 0.006477 -6.602812
v 4.420727 0.007324 -6.602657
v 4.420794 0.007844 -6.090661
v 4.420794 0.007844 -6.090661
v 4.420727 0.007324 -6.602657
v 3.396935 0.187557 -6.090713
v 4.420727 0.007324 -6.602657
v 3.396868 0.187037 -6.602709
v 3.396935 0.187557 -6.090713
v -0.953520 0.780106 -5.578760
v -1.465513 0.780463 -5.578695
v -0.953453 0.780627 -5.066764
v -1.465513 0.780463 -5.578695
v -1.465446 0.780983 -5.066699
v -0.953453 0.780627 -5.066764
v -0.441392 0.780790 -4.554833
v 2.373871 0.781169 -2.251209
v 2.373803 0.780649 -2.763205
v -0.441325 0.781310 -4.042837
v 2.373871 0.781169 -2.251209
v -0.441392 0.780790 -4.554833
v -0.953453 0.780627 -5.066764
v -1.465446 0.780983 -5.066699
v -0.441392 0.780790 -4.554833
v -1.465446 0.780983 -5.066699
v -0.441325 0.781310 -4.042837
v -0.441392 0.780790 -4.554833
v 3.654021 0.781577 -0.971381
v 3.936053 0.781665 -0.691420
v 3.909984 0.781138 -1.227412
v 3.936053 0.781665 -0.691420
v 4.207015 0.781202 -0.961452
v 3.909984 0.781138 -1.227412
s 0
f 435 433 434
f 438 436 437
f 441 439 440
f 444 442 443
f 447 445 446
f 450 448 449
f 453 451 452
f 456 454 455
f 459 457 458
f 462 460 461
f 465 463 464
f 468 466 467
f 471 469 470
f 474 472 473
f 477 475 476
f 480 478 479
f 483 481 482
f 486 484 485
f 489 487 488
f 492 490 491
o Shape_IndexedFaceSet.011
v 0.070295 0.727352 -6.602831
v 1.758909 0.214178 -6.602527
v 0.070362 0.727873 -6.090836
v 0.070362 0.727873 -6.090836
v 1.758909 0.214178 -6.602527
v 1.758976 0.214698 -6.090530
v 1.758976 0.214698 -6.090530
v 1.759012 0.265699 -6.089581
v 0.070362 0.727873 -6.090836
v 1.759012 0.265699 -6.089581
v 0.070398 0.778873 -6.090887
v 0.070362 0.727873 -6.090836
v 0.070398 0.778873 -6.090887
v 1.759012 0.265699 -6.089581
v 1.758945 0.265177 -6.602578
v 0.070331 0.778352 -6.602883
v 0.070398 0.778873 -6.090887
v 1.758945 0.265177 -6.602578
v 0.070295 0.727352 -6.602831
v 0.070331 0.778352 -6.602883
v 1.758909 0.214178 -6.602527
v 0.070331 0.778352 -6.602883
v 1.758945 0.265177 -6.602578
v 1.758909 0.214178 -6.602527
v -2.478057 2.989997 1.149146
v -2.438077 2.989819 1.001141
v -2.478075 2.963997 1.149172
v -2.438077 2.989819 1.001141
v -2.438095 2.963819 1.001168
v -2.478075 2.963997 1.149172
v -2.438077 2.989819 1.001141
v -1.566081 2.962421 1.208056
v -2.438095 2.963819 1.001168
v -1.566081 2.962421 1.208056
v -1.606061 2.962600 1.356060
v -1.566099 2.936421 1.208082
v -1.606061 2.962600 1.356060
v -1.606079 2.936600 1.356086
v -1.566099 2.936421 1.208082
v -1.606061 2.962600 1.356060
v -1.566081 2.962421 1.208056
v -2.478057 2.989997 1.149146
v -1.566081 2.962421 1.208056
v -2.438077 2.989819 1.001141
v -2.478057 2.989997 1.149146
v -2.478057 2.989997 1.149146
v -2.478075 2.963997 1.149172
v -1.606079 2.936600 1.356086
v -1.606061 2.962600 1.356060
v -2.478057 2.989997 1.149146
v -1.606079 2.936600 1.356086
v -1.606079 2.936600 1.356086
v -2.478075 2.963997 1.149172
v -2.438095 2.963819 1.001168
v -1.566081 2.962421 1.208056
v -1.566099 2.936421 1.208082
v -2.438095 2.963819 1.001168
v -1.566099 2.936421 1.208082
v -1.606079 2.936600 1.356086
v -2.438095 2.963819 1.001168
s 0
f 495 493 494
f 498 496 497
f 501 499 500
f 504 502 503
f 507 505 506
f 510 508 509
f 513 511 512
f 516 514 515
f 519 517 518
f 522 520 521
f 525 523 524
f 528 526 527
f 531 529 530
f 534 532 533
f 537 535 536
f 540 538 539
f 543 541 542
f 546 544 545
f 549 547 548
f 552 550 551
o Shape_IndexedFaceSet.012
v 7.082790 0.133542 -6.531128
v 7.082846 0.133980 -6.099132
v 7.428685 0.005228 -6.603041
v 6.679739 0.133382 -6.963073
v 6.634811 0.133970 -6.417071
v 7.082790 0.133542 -6.531128
v 7.082790 0.133542 -6.531128
v 6.634811 0.133970 -6.417071
v 7.082846 0.133980 -6.099132
v 7.082790 0.133542 -6.531128
v 7.428685 0.005228 -6.603041
v 6.679739 0.133382 -6.963073
v 6.430814 0.134112 -6.417046
v 6.634811 0.133970 -6.417071
v 6.679739 0.133382 -6.963073
v 6.385743 0.133586 -6.963036
v 6.430814 0.134112 -6.417046
v 6.679739 0.133382 -6.963073
v 6.679739 0.133382 -6.963073
v 6.852617 0.005042 -7.178964
v 6.212626 0.005488 -7.178883
v 6.385743 0.133586 -6.963036
v 6.679739 0.133382 -6.963073
v 6.212626 0.005488 -7.178883
v 6.679739 0.133382 -6.963073
v 7.428685 0.005228 -6.603041
v 6.852617 0.005042 -7.178964
v 6.634811 0.133970 -6.417071
v 6.634838 0.134177 -6.213073
v 7.082846 0.133980 -6.099132
v 6.430814 0.134112 -6.417046
v 5.982805 0.134308 -6.530988
v 6.430840 0.134319 -6.213047
v 5.982805 0.134308 -6.530988
v 6.430814 0.134112 -6.417046
v 6.385743 0.133586 -6.963036
v 6.385743 0.133586 -6.963036
v 6.212626 0.005488 -7.178883
v 5.636710 0.006477 -6.602812
v 5.982805 0.134308 -6.530988
v 6.385743 0.133586 -6.963036
v 5.636710 0.006477 -6.602812
v 5.982805 0.134308 -6.530988
v 5.982862 0.134747 -6.098991
v 6.430840 0.134319 -6.213047
v 5.982805 0.134308 -6.530988
v 5.636710 0.006477 -6.602812
v 5.636786 0.007061 -6.026816
v 5.982862 0.134747 -6.098991
v 5.982805 0.134308 -6.530988
v 5.636786 0.007061 -6.026816
v 7.082846 0.133980 -6.099132
v 7.428761 0.005813 -6.027045
v 7.428685 0.005228 -6.603041
v 6.634838 0.134177 -6.213073
v 6.679909 0.134700 -5.667083
v 7.082846 0.133980 -6.099132
v 7.082846 0.133980 -6.099132
v 6.679909 0.134700 -5.667083
v 7.428761 0.005813 -6.027045
v 6.634838 0.134177 -6.213073
v 6.430840 0.134319 -6.213047
v 6.679909 0.134700 -5.667083
v 6.430840 0.134319 -6.213047
v 6.385914 0.134905 -5.667046
v 6.679909 0.134700 -5.667083
v 6.679909 0.134700 -5.667083
v 6.852844 0.006800 -5.450975
v 7.428761 0.005813 -6.027045
v 6.679909 0.134700 -5.667083
v 6.385914 0.134905 -5.667046
v 6.852844 0.006800 -5.450975
v 5.982862 0.134747 -6.098991
v 6.385914 0.134905 -5.667046
v 6.430840 0.134319 -6.213047
v 5.982862 0.134747 -6.098991
v 5.636786 0.007061 -6.026816
v 6.385914 0.134905 -5.667046
v 6.385914 0.134905 -5.667046
v 6.212853 0.007246 -5.450894
v 6.852844 0.006800 -5.450975
v 6.385914 0.134905 -5.667046
v 5.636786 0.007061 -6.026816
v 6.212853 0.007246 -5.450894
s 0
f 555 553 554
f 558 556 557
f 561 559 560
f 564 562 563
f 567 565 566
f 570 568 569
f 573 571 572
f 576 574 575
f 579 577 578
f 582 580 581
f 585 583 584
f 588 586 587
f 591 589 590
f 594 592 593
f 597 595 596
f 600 598 599
f 603 601 602
f 606 604 605
f 609 607 608
f 612 610 611
f 615 613 614
f 618 616 617
f 621 619 620
f 624 622 623
f 627 625 626
f 630 628 629
f 633 631 632
f 636 634 635
o Shape_IndexedFaceSet.013
v 3.299426 1.760317 4.438635
v 3.253428 1.760373 4.461641
v 3.991596 1.761228 5.809537
v 3.299390 1.709317 4.438687
v 3.991560 1.710228 5.809588
v 3.945563 1.710284 5.832595
v 3.253392 1.709373 4.461693
v 3.299390 1.709317 4.438687
v 3.945563 1.710284 5.832595
v 3.299426 1.760317 4.438635
v 3.991596 1.761228 5.809537
v 3.299390 1.709317 4.438687
v 3.991596 1.761228 5.809537
v 3.991560 1.710228 5.809588
v 3.299390 1.709317 4.438687
v 3.945599 1.761284 5.832542
v 3.253428 1.760373 4.461641
v 3.945563 1.710284 5.832595
v 3.253428 1.760373 4.461641
v 3.253392 1.709373 4.461693
v 3.945563 1.710284 5.832595
v 3.297955 1.094321 4.439313
v 3.252957 1.094376 4.462318
v 3.991125 1.095232 5.810214
v 3.253428 1.760373 4.461641
v 3.945599 1.761284 5.832542
v 3.991596 1.761228 5.809537
v 3.991125 1.095232 5.810214
v 3.991087 1.044232 5.810266
v 3.297919 1.043321 4.439365
v 3.297955 1.094321 4.439313
v 3.991125 1.095232 5.810214
v 3.297919 1.043321 4.439365
v 3.945128 1.095286 5.833220
v 3.252957 1.094376 4.462318
v 3.945092 1.044286 5.833272
v 3.252957 1.094376 4.462318
v 3.252921 1.043376 4.462371
v 3.945092 1.044286 5.833272
v 3.252957 1.094376 4.462318
v 3.945128 1.095286 5.833220
v 3.991125 1.095232 5.810214
v 1.856070 1.758422 1.582839
v 3.125382 1.760090 4.095660
v 1.856034 1.707422 1.582891
v 3.991125 1.095232 5.810214
v 3.945128 1.095286 5.833220
v 3.991087 1.044232 5.810266
v 3.945128 1.095286 5.833220
v 3.945092 1.044286 5.833272
v 3.991087 1.044232 5.810266
v 3.252957 1.094376 4.462318
v 3.297955 1.094321 4.439313
v 3.252921 1.043376 4.462371
v 3.297955 1.094321 4.439313
v 3.297919 1.043321 4.439365
v 3.252921 1.043376 4.462371
v 1.810039 1.707477 1.605897
v 1.856034 1.707422 1.582891
v 3.080350 1.709145 4.118717
v 1.856034 1.707422 1.582891
v 3.125346 1.709090 4.095713
v 3.080350 1.709145 4.118717
v 3.124911 1.094093 4.096338
v 3.124876 1.043093 4.096390
v 1.855563 1.041425 1.583569
v 3.125382 1.760090 4.095660
v 3.125346 1.709090 4.095713
v 1.856034 1.707422 1.582891
v 1.810074 1.758477 1.605846
v 3.080386 1.760145 4.118666
v 3.125382 1.760090 4.095660
v 1.856070 1.758422 1.582839
v 1.810074 1.758477 1.605846
v 3.125382 1.760090 4.095660
v 3.080386 1.760145 4.118666
v 1.810074 1.758477 1.605846
v 3.080350 1.709145 4.118717
v 1.810074 1.758477 1.605846
v 1.810039 1.707477 1.605897
v 3.080350 1.709145 4.118717
v 1.855599 1.092425 1.583517
v 3.124911 1.094093 4.096338
v 1.855563 1.041425 1.583569
v 1.855599 1.092425 1.583517
v 1.855563 1.041425 1.583569
v 1.809567 1.041480 1.606575
v 3.124911 1.094093 4.096338
v 3.079915 1.094148 4.119343
v 3.124876 1.043093 4.096390
v 3.079915 1.094148 4.119343
v 3.079879 1.043148 4.119394
v 3.124876 1.043093 4.096390
v 1.809603 1.092480 1.606523
v 1.809567 1.041480 1.606575
v 3.079879 1.043148 4.119394
v 3.079915 1.094148 4.119343
v 1.809603 1.092480 1.606523
v 3.079879 1.043148 4.119394
v 1.809603 1.092480 1.606523
v 3.079915 1.094148 4.119343
v 3.124911 1.094093 4.096338
v 1.855599 1.092425 1.583517
v 1.809603 1.092480 1.606523
v 3.124911 1.094093 4.096338
v 3.298390 1.709318 4.438687
v 3.125346 1.709090 4.095713
v 3.125382 1.760090 4.095660
v 1.809603 1.092480 1.606523
v 1.855599 1.092425 1.583517
v 1.809567 1.041480 1.606575
v 1.810074 1.758477 1.605846
v 1.856070 1.758422 1.582839
v 1.810039 1.707477 1.605897
v 1.856070 1.758422 1.582839
v 1.856034 1.707422 1.582891
v 1.810039 1.707477 1.605897
v 3.945599 1.761284 5.832542
v 3.945563 1.710284 5.832595
v 3.991560 1.710228 5.809588
v 3.991596 1.761228 5.809537
v 3.945599 1.761284 5.832542
v 3.991560 1.710228 5.809588
v 3.298426 1.760318 4.438636
v 3.298390 1.709318 4.438687
v 3.125382 1.760090 4.095660
v 6.634476 -0.376821 -6.212553
v 6.634838 0.134177 -6.213073
v 6.634811 0.133970 -6.417071
v 3.253428 1.760373 4.461641
v 3.298426 1.760318 4.438636
v 3.080386 1.760145 4.118666
v 3.298426 1.760318 4.438636
v 3.125382 1.760090 4.095660
v 3.080386 1.760145 4.118666
v 3.253392 1.709373 4.461693
v 3.253428 1.760373 4.461641
v 3.080350 1.709145 4.118717
v 3.253428 1.760373 4.461641
v 3.080386 1.760145 4.118666
v 3.080350 1.709145 4.118717
v 3.298390 1.709318 4.438687
v 3.253392 1.709373 4.461693
v 3.125346 1.709090 4.095713
v 3.253392 1.709373 4.461693
v 3.080350 1.709145 4.118717
v 3.125346 1.709090 4.095713
v 6.634450 -0.377028 -6.416552
v 6.634811 0.133970 -6.417071
v 6.430814 0.134112 -6.417046
v 6.634450 -0.377028 -6.416552
v 6.634476 -0.376821 -6.212553
v 6.634811 0.133970 -6.417071
v 6.430479 -0.376679 -6.212527
v 6.430840 0.134319 -6.213047
v 6.634838 0.134177 -6.213073
v 6.634476 -0.376821 -6.212553
v 6.430479 -0.376679 -6.212527
v 6.634838 0.134177 -6.213073
v 6.430452 -0.376886 -6.416525
v 6.430814 0.134112 -6.417046
v 6.430840 0.134319 -6.213047
v 6.430479 -0.376679 -6.212527
v 6.430452 -0.376886 -6.416525
v 6.430840 0.134319 -6.213047
v 6.430452 -0.376886 -6.416525
v 6.634450 -0.377028 -6.416552
v 6.430814 0.134112 -6.417046
v 5.958537 0.834923 2.918245
v 5.958899 1.346920 2.917723
v 5.958872 1.346712 2.712725
v 6.430452 -0.376886 -6.416525
v 6.430479 -0.376679 -6.212527
v 6.634450 -0.377028 -6.416552
v 6.430479 -0.376679 -6.212527
v 6.634476 -0.376821 -6.212553
v 6.634450 -0.377028 -6.416552
v 5.958537 0.834923 2.918245
v 5.958509 0.834714 2.713246
v 5.753539 0.835066 2.918271
v 5.958509 0.834714 2.713246
v 5.753512 0.834857 2.713272
v 5.753539 0.835066 2.918271
v 5.753539 0.835066 2.918271
v 5.753901 1.347063 2.917750
v 5.958899 1.346920 2.917723
v 5.958537 0.834923 2.918245
v 5.753539 0.835066 2.918271
v 5.958899 1.346920 2.917723
v 5.958509 0.834714 2.713246
v 5.958537 0.834923 2.918245
v 5.958872 1.346712 2.712725
v 5.753512 0.834857 2.713272
v 5.958509 0.834714 2.713246
v 5.753875 1.346855 2.712751
v 5.958509 0.834714 2.713246
v 5.958872 1.346712 2.712725
v 5.753875 1.346855 2.712751
v 5.753512 0.834857 2.713272
v 5.753875 1.346855 2.712751
v 5.753901 1.347063 2.917750
v 5.753539 0.835066 2.918271
v 5.753512 0.834857 2.713272
v 5.753901 1.347063 2.917750
v 3.141654 0.371285 -1.610894
v 3.141891 0.730154 -1.739259
v 3.013639 0.371245 -1.738877
v 3.013639 0.371245 -1.738877
v 3.013386 0.013246 -1.738513
v 3.141401 0.013287 -1.610530
v 3.269635 0.371066 -1.738910
v 3.141654 0.371285 -1.610894
v 3.269382 0.013068 -1.738545
v 3.141654 0.371285 -1.610894
v 3.141401 0.013287 -1.610530
v 3.269382 0.013068 -1.738545
v 3.269635 0.371066 -1.738910
v 3.269382 0.013068 -1.738545
v 3.141367 0.013027 -1.866528
v 3.141621 0.371025 -1.866893
v 3.269635 0.371066 -1.738910
v 3.141367 0.013027 -1.866528
v 3.141621 0.371025 -1.866893
v 3.141367 0.013027 -1.866528
v 3.013386 0.013246 -1.738513
v 3.013639 0.371245 -1.738877
v 3.141621 0.371025 -1.866893
v 3.013386 0.013246 -1.738513
v -0.596068 0.011860 -5.578024
v -0.953996 0.012630 -5.065982
v -0.596001 0.012381 -5.066028
v 3.141654 0.371285 -1.610894
v 3.013639 0.371245 -1.738877
v 3.141401 0.013287 -1.610530
v 3.141621 0.371025 -1.866893
v 3.141891 0.730154 -1.739259
v 3.269635 0.371066 -1.738910
v 3.269635 0.371066 -1.738910
v 3.141891 0.730154 -1.739259
v 3.141654 0.371285 -1.610894
v 3.013639 0.371245 -1.738877
v 3.141891 0.730154 -1.739259
v 3.141621 0.371025 -1.866893
v -5.405312 1.595428 6.451909
v -5.404950 2.107426 6.451387
v -5.404977 2.107219 6.246389
v -0.954063 0.012110 -5.577979
v -0.953996 0.012630 -5.065982
v -0.596068 0.011860 -5.578024
v -5.405312 1.595428 6.451909
v -5.610308 1.595572 6.451935
v -5.404950 2.107426 6.451387
v -5.610308 1.595572 6.451935
v -5.609945 2.107569 6.451413
v -5.404950 2.107426 6.451387
v -5.405339 1.595220 6.246910
v -5.610335 1.595362 6.246936
v -5.405312 1.595428 6.451909
v -5.610335 1.595362 6.246936
v -5.610308 1.595572 6.451935
v -5.405312 1.595428 6.451909
v -5.405339 1.595220 6.246910
v -5.405312 1.595428 6.451909
v -5.404977 2.107219 6.246389
v -3.306244 2.581280 1.842664
v -3.305882 3.093278 1.842142
v -3.305909 3.093069 1.637144
v -5.610335 1.595362 6.246936
v -5.405339 1.595220 6.246910
v -5.609974 2.107360 6.246416
v -5.405339 1.595220 6.246910
v -5.404977 2.107219 6.246389
v -5.609974 2.107360 6.246416
v -5.610308 1.595572 6.451935
v -5.610335 1.595362 6.246936
v -5.609945 2.107569 6.451413
v -5.610335 1.595362 6.246936
v -5.609974 2.107360 6.246416
v -5.609945 2.107569 6.451413
v -3.306271 2.581072 1.637665
v -3.511268 2.581215 1.637691
v -3.511241 2.581423 1.842689
v -3.306244 2.581280 1.842664
v -3.306271 2.581072 1.637665
v -3.511241 2.581423 1.842689
v -3.306244 2.581280 1.842664
v -3.511241 2.581423 1.842689
v -3.305882 3.093278 1.842142
v -3.306271 2.581072 1.637665
v -3.306244 2.581280 1.842664
v -3.305909 3.093069 1.637144
v -3.511268 2.581215 1.637691
v -3.306271 2.581072 1.637665
v -3.510906 3.093212 1.637170
v -3.306271 2.581072 1.637665
v -3.305909 3.093069 1.637144
v -3.510906 3.093212 1.637170
v -3.511241 2.581423 1.842689
v -3.511268 2.581215 1.637691
v -3.510879 3.093421 1.842169
v -3.511268 2.581215 1.637691
v -3.510906 3.093212 1.637170
v -3.510879 3.093421 1.842169
v -3.511241 2.581423 1.842689
v -3.510879 3.093421 1.842169
v -3.305882 3.093278 1.842142
v -3.613724 2.577750 -1.843271
v -3.613362 3.089747 -1.843792
v -3.409364 3.089605 -1.843818
v -3.409754 2.577399 -2.048295
v -3.613751 2.577541 -2.048270
v -3.613724 2.577750 -1.843271
v -3.409727 2.577608 -1.843297
v -3.409754 2.577399 -2.048295
v -3.613724 2.577750 -1.843271
v -3.613751 2.577541 -2.048270
v -3.613389 3.089539 -2.048791
v -3.613362 3.089747 -1.843792
v -3.613724 2.577750 -1.843271
v -3.613751 2.577541 -2.048270
v -3.613362 3.089747 -1.843792
v -3.613751 2.577541 -2.048270
v -3.409754 2.577399 -2.048295
v -3.613389 3.089539 -2.048791
v -3.409754 2.577399 -2.048295
v -3.409392 3.089397 -2.048817
v -3.613389 3.089539 -2.048791
v -3.409754 2.577399 -2.048295
v -3.409727 2.577608 -1.843297
v -3.409392 3.089397 -2.048817
v -3.409727 2.577608 -1.843297
v -3.613724 2.577750 -1.843271
v -3.409364 3.089605 -1.843818
v -3.409727 2.577608 -1.843297
v -3.409364 3.089605 -1.843818
v -3.409392 3.089397 -2.048817
s 0
f 639 637 638
f 642 640 641
f 645 643 644
f 648 646 647
f 651 649 650
f 654 652 653
f 657 655 656
f 660 658 659
f 663 661 662
f 666 664 665
f 669 667 668
f 672 670 671
f 675 673 674
f 678 676 677
f 681 679 680
f 684 682 683
f 687 685 686
f 690 688 689
f 693 691 692
f 696 694 695
f 699 697 698
f 702 700 701
f 705 703 704
f 708 706 707
f 711 709 710
f 714 712 713
f 717 715 716
f 720 718 719
f 723 721 722
f 726 724 725
f 729 727 728
f 732 730 731
f 735 733 734
f 738 736 737
f 741 739 740
f 744 742 743
f 747 745 746
f 750 748 749
f 753 751 752
f 756 754 755
f 759 757 758
f 762 760 761
f 765 763 764
f 768 766 767
f 771 769 770
f 774 772 773
f 777 775 776
f 780 778 779
f 783 781 782
f 786 784 785
f 789 787 788
f 792 790 791
f 795 793 794
f 798 796 797
f 801 799 800
f 804 802 803
f 807 805 806
f 810 808 809
f 813 811 812
f 816 814 815
f 819 817 818
f 822 820 821
f 825 823 824
f 828 826 827
f 831 829 830
f 834 832 833
f 837 835 836
f 840 838 839
f 843 841 842
f 846 844 845
f 849 847 848
f 852 850 851
f 855 853 854
f 858 856 857
f 861 859 860
f 864 862 863
f 867 865 866
f 870 868 869
f 873 871 872
f 876 874 875
f 879 877 878
f 882 880 881
f 885 883 884
f 888 886 887
f 891 889 890
f 894 892 893
f 897 895 896
f 900 898 899
f 903 901 902
f 906 904 905
f 909 907 908
f 912 910 911
f 915 913 914
f 918 916 917
f 921 919 920
f 924 922 923
f 927 925 926
f 930 928 929
f 933 931 932
f 936 934 935
f 939 937 938
f 942 940 941
f 945 943 944
f 948 946 947
f 951 949 950
f 954 952 953
f 957 955 956
f 960 958 959
f 963 961 962
f 966 964 965
f 969 967 968
f 972 970 971
o Shape_IndexedFaceSet.014
v -4.505535 0.986729 0.473449
v -4.257612 0.845759 0.672559
v -4.307599 0.943357 0.242469
v -4.972745 0.779508 -0.065278
v -4.829612 0.947541 0.065532
v -4.474797 0.737050 -0.174298
v -4.829612 0.947541 0.065532
v -4.307599 0.943357 0.242469
v -4.474797 0.737050 -0.174298
v -5.002627 0.853043 0.440648
v -4.505535 0.986729 0.473449
v -4.829612 0.947541 0.065532
v -4.307599 0.943357 0.242469
v -4.005729 0.768126 0.221608
v -4.474797 0.737050 -0.174298
v -4.829612 0.947541 0.065532
v -4.972745 0.779508 -0.065278
v -5.002627 0.853043 0.440648
v -4.257612 0.845759 0.672559
v -4.505535 0.986729 0.473449
v -4.612572 0.878106 0.770571
v -4.005729 0.768126 0.221608
v -4.307599 0.943357 0.242469
v -4.257612 0.845759 0.672559
v -4.505535 0.986729 0.473449
v -5.002627 0.853043 0.440648
v -4.612572 0.878106 0.770571
v -4.307599 0.943357 0.242469
v -4.829612 0.947541 0.065532
v -4.505535 0.986729 0.473449
v 6.075002 1.089084 5.125957
v 6.357866 0.867072 5.308146
v 6.162037 1.153935 5.039881
v 5.691765 0.816962 4.742287
v 5.909999 1.099093 5.021970
v 6.037822 0.916637 4.660141
v 5.909999 1.099093 5.021970
v 6.162037 1.153935 5.039881
v 6.037822 0.916637 4.660141
v 5.694764 0.756283 5.060346
v 6.075002 1.089084 5.125957
v 5.909999 1.099093 5.021970
v 6.162037 1.153935 5.039881
v 6.416880 0.980516 4.801026
v 6.037822 0.916637 4.660141
v 5.909999 1.099093 5.021970
v 5.691765 0.816962 4.742287
v 5.694764 0.756283 5.060346
v 6.357866 0.867072 5.308146
v 6.075002 1.089084 5.125957
v 6.042817 0.794280 5.296261
v 6.416880 0.980516 4.801026
v 6.162037 1.153935 5.039881
v 6.357866 0.867072 5.308146
v 6.075002 1.089084 5.125957
v 5.694764 0.756283 5.060346
v 6.042817 0.794280 5.296261
v 6.162037 1.153935 5.039881
v 5.909999 1.099093 5.021970
v 6.075002 1.089084 5.125957
v 6.299912 1.346839 3.071679
v 6.854695 1.039506 3.122921
v 6.726580 1.038685 2.226943
v 4.934604 1.039933 2.227172
v 5.856818 1.346368 2.303741
v 5.830525 1.038789 1.715061
v 4.934739 1.040974 3.251164
v 5.412928 1.347457 3.071792
v 4.934604 1.039933 2.227172
v 5.856818 1.346368 2.303741
v 6.726580 1.038685 2.226943
v 5.830525 1.038789 1.715061
v 5.412928 1.347457 3.071792
v 5.753875 1.346855 2.712751
v 5.856818 1.346368 2.303741
v 5.753875 1.346855 2.712751
v 5.958872 1.346712 2.712725
v 5.856818 1.346368 2.303741
v 5.856818 1.346368 2.303741
v 5.958872 1.346712 2.712725
v 6.299912 1.346839 3.071679
v 5.856818 1.346368 2.303741
v 4.934604 1.039933 2.227172
v 5.412928 1.347457 3.071792
v 6.854695 1.039506 3.122921
v 6.299912 1.346839 3.071679
v 5.830794 1.040869 3.763047
v 6.299912 1.346839 3.071679
v 5.412928 1.347457 3.071792
v 5.830794 1.040869 3.763047
v 6.726580 1.038685 2.226943
v 5.856818 1.346368 2.303741
v 6.299912 1.346839 3.071679
v 5.412928 1.347457 3.071792
v 4.934739 1.040974 3.251164
v 5.830794 1.040869 3.763047
v 4.038434 1.221138 -0.153883
v 3.611262 1.025138 -0.447627
v 3.654435 1.221381 -0.178834
v 5.753901 1.347063 2.917750
v 5.753875 1.346855 2.712751
v 5.412928 1.347457 3.071792
v 5.958872 1.346712 2.712725
v 5.958899 1.346920 2.917723
v 6.299912 1.346839 3.071679
v 5.958899 1.346920 2.917723
v 5.753901 1.347063 2.917750
v 5.412928 1.347457 3.071792
v 6.299912 1.346839 3.071679
v 5.958899 1.346920 2.917723
v 5.412928 1.347457 3.071792
v 3.611262 1.025138 -0.447627
v 3.379281 1.015470 -0.279588
v 3.654435 1.221381 -0.178834
v 3.261307 1.007783 -0.052567
v 3.316326 1.004920 0.119428
v 3.654476 1.221692 0.128164
v 4.038434 1.221138 -0.153883
v 3.897265 1.032943 -0.443671
v 3.611262 1.025138 -0.447627
v 3.654435 1.221381 -0.178834
v 3.654476 1.221692 0.128164
v 3.884480 1.221584 0.179135
v 4.038434 1.221138 -0.153883
v 4.178300 1.034043 -0.152710
v 3.897265 1.032943 -0.443671
v 3.884480 1.221584 0.179135
v 4.287340 1.029317 0.192278
v 4.038434 1.221138 -0.153883
v 4.056358 1.019649 0.360317
v 4.287340 1.029317 0.192278
v 3.884480 1.221584 0.179135
v 3.884480 1.221584 0.179135
v 3.711369 1.008000 0.469372
v 4.056358 1.019649 0.360317
v 4.038434 1.221138 -0.153883
v 4.287340 1.029317 0.192278
v 4.178300 1.034043 -0.152710
v 3.884480 1.221584 0.179135
v 3.484354 1.005038 0.351405
v 3.711369 1.008000 0.469372
v 4.038434 1.221138 -0.153883
v 3.654435 1.221381 -0.178834
v 3.884480 1.221584 0.179135
v 3.484354 1.005038 0.351405
v 3.884480 1.221584 0.179135
v 3.654476 1.221692 0.128164
v 3.316326 1.004920 0.119428
v 3.484354 1.005038 0.351405
v 3.654476 1.221692 0.128164
v 3.654435 1.221381 -0.178834
v 3.261307 1.007783 -0.052567
v 3.654476 1.221692 0.128164
v 3.261307 1.007783 -0.052567
v 3.654435 1.221381 -0.178834
v 3.379281 1.015470 -0.279588
v 3.153864 0.252785 -7.014742
v 3.194767 0.141616 -7.153633
v 2.960823 0.180977 -6.958644
v 3.238853 0.242703 -7.037743
v 3.416740 0.118409 -7.205638
v 3.194767 0.141616 -7.153633
v 3.153864 0.252785 -7.014742
v 3.238853 0.242703 -7.037743
v 3.194767 0.141616 -7.153633
v 3.079878 0.205199 -6.658687
v 3.201870 0.246837 -6.930742
v 3.153864 0.252785 -7.014742
v 3.238853 0.242703 -7.037743
v 3.481753 0.122443 -7.127651
v 3.416740 0.118409 -7.205638
v 3.201870 0.246837 -6.930742
v 3.079878 0.205199 -6.658687
v 3.223870 0.195111 -6.645694
v 3.379833 0.168871 -6.775687
v 3.469784 0.139597 -6.983667
v 3.238853 0.242703 -7.037743
v 3.201870 0.246837 -6.930742
v 3.379833 0.168871 -6.775687
v 3.238853 0.242703 -7.037743
v 3.201870 0.246837 -6.930742
v 3.223870 0.195111 -6.645694
v 3.379833 0.168871 -6.775687
v 3.238853 0.242703 -7.037743
v 3.469784 0.139597 -6.983667
v 3.481753 0.122443 -7.127651
v 3.238853 0.242703 -7.037743
v 3.153864 0.252785 -7.014742
v 3.201870 0.246837 -6.930742
v 3.153864 0.252785 -7.014742
v 2.947853 0.197131 -6.815660
v 3.079878 0.205199 -6.658687
v 2.960823 0.180977 -6.958644
v 2.947853 0.197131 -6.815660
v 3.153864 0.252785 -7.014742
v -4.408581 1.267768 -1.389839
v -4.126522 1.351602 -1.359960
v -3.987597 1.346958 -1.897970
v -3.743020 0.764731 -1.955409
v -3.971032 0.774714 -2.128389
v -3.987597 1.346958 -1.897970
v -3.987597 1.346958 -1.897970
v -3.971032 0.774714 -2.128389
v -4.521000 0.781257 -1.971326
v -4.843955 0.777817 -1.641283
v -5.016926 0.773169 -1.413257
v -3.987597 1.346958 -1.897970
v -4.126522 1.351602 -1.359960
v -4.631860 0.740635 -0.691278
v -4.230877 0.734300 -0.745323
v -3.538994 0.749892 -1.657422
v -3.987597 1.346958 -1.897970
v -4.126522 1.351602 -1.359960
v -4.408581 1.267768 -1.389839
v -4.631860 0.740635 -0.691278
v -4.126522 1.351602 -1.359960
v -3.743020 0.764731 -1.955409
v -3.987597 1.346958 -1.897970
v -3.538994 0.749892 -1.657422
v -3.987597 1.346958 -1.897970
v -5.016926 0.773169 -1.413257
v -4.408581 1.267768 -1.389839
v -3.656923 0.731613 -1.028392
v -3.459967 0.739116 -1.382423
v -4.126522 1.351602 -1.359960
v -4.408581 1.267768 -1.389839
v -4.937899 0.762394 -1.138258
v -4.631860 0.740635 -0.691278
v -4.408581 1.267768 -1.389839
v -5.016926 0.773169 -1.413257
v -4.937899 0.762394 -1.138258
v -4.126522 1.351602 -1.359960
v -4.230877 0.734300 -0.745323
v -3.656923 0.731613 -1.028392
v -4.126522 1.351602 -1.359960
v -3.459967 0.739116 -1.382423
v -3.538994 0.749892 -1.657422
v -3.987597 1.346958 -1.897970
v -4.521000 0.781257 -1.971326
v -4.843955 0.777817 -1.641283
s 0
f 975 973 974
f 978 976 977
f 981 979 980
f 984 982 983
f 987 985 986
f 990 988 989
f 993 991 992
f 996 994 995
f 999 997 998
f 1002 1000 1001
f 1005 1003 1004
f 1008 1006 1007
f 1011 1009 1010
f 1014 1012 1013
f 1017 1015 1016
f 1020 1018 1019
f 1023 1021 1022
f 1026 1024 1025
f 1029 1027 1028
f 1032 1030 1031
f 1035 1033 1034
f 1038 1036 1037
f 1041 1039 1040
f 1044 1042 1043
f 1047 1045 1046
f 1050 1048 1049
f 1053 1051 1052
f 1056 1054 1055
f 1059 1057 1058
f 1062 1060 1061
f 1065 1063 1064
f 1068 1066 1067
f 1071 1069 1070
f 1074 1072 1073
f 1077 1075 1076
f 1080 1078 1079
f 1083 1081 1082
f 1086 1084 1085
f 1089 1087 1088
f 1092 1090 1091
f 1095 1093 1094
f 1098 1096 1097
f 1101 1099 1100
f 1104 1102 1103
f 1107 1105 1106
f 1110 1108 1109
f 1113 1111 1112
f 1116 1114 1115
f 1119 1117 1118
f 1122 1120 1121
f 1125 1123 1124
f 1128 1126 1127
f 1131 1129 1130
f 1134 1132 1133
f 1137 1135 1136
f 1140 1138 1139
f 1143 1141 1142
f 1146 1144 1145
f 1149 1147 1148
f 1152 1150 1151
f 1155 1153 1154
f 1158 1156 1157
f 1161 1159 1160
f 1164 1162 1163
f 1167 1165 1166
f 1170 1168 1169
f 1173 1171 1172
f 1176 1174 1175
f 1179 1177 1178
f 1182 1180 1181
f 1185 1183 1184
f 1188 1186 1187
f 1191 1189 1190
f 1194 1192 1193
f 1197 1195 1196
f 1200 1198 1199
f 1203 1201 1202
f 1206 1204 1205
f 1209 1207 1208
f 1212 1210 1211
o Shape_IndexedFaceSet.015
v 3.632619 0.658920 4.272714
v 3.976592 0.658505 4.100672
v 3.297919 1.043321 4.439365
v 3.297194 0.019326 4.440407
v 3.518177 0.019060 4.330379
v 3.297919 1.043321 4.439365
v 3.518177 0.019060 4.330379
v 3.518448 0.403058 4.329988
v 3.297919 1.043321 4.439365
v 4.090402 0.402369 4.043918
v 4.090131 0.018371 4.044309
v 4.284665 0.795134 3.946494
v 4.090131 0.018371 4.044309
v 4.284117 0.019137 3.947284
v 4.284665 0.795134 3.946494
v 3.976592 0.658505 4.100672
v 4.284665 0.795134 3.946494
v 3.297919 1.043321 4.439365
v 3.518448 0.403058 4.329988
v 3.632619 0.658920 4.272714
v 3.297919 1.043321 4.439365
v 4.090402 0.402369 4.043918
v 4.284665 0.795134 3.946494
v 3.976592 0.658505 4.100672
v 3.398428 0.784875 2.099629
v 3.297919 1.043321 4.439365
v 4.284665 0.795134 3.946494
v 2.374691 1.042107 2.611496
v 3.297919 1.043321 4.439365
v 3.398428 0.784875 2.099629
v 2.603220 0.401835 2.498118
v 2.374691 1.042107 2.611496
v 2.717392 0.657695 2.439844
v 2.602948 0.017837 2.498509
v 2.374691 1.042107 2.611496
v 2.603220 0.401835 2.498118
v 2.373966 0.018112 2.612538
v 2.374691 1.042107 2.611496
v 2.602948 0.017837 2.498509
v 2.374691 1.042107 2.611496
v 3.398428 0.784875 2.099629
v 3.061365 0.657282 2.268801
v 2.717392 0.657695 2.439844
v 2.374691 1.042107 2.611496
v 3.061365 0.657282 2.268801
v 3.518448 0.403058 4.329988
v 3.518177 0.019060 4.330379
v 2.603220 0.401835 2.498118
v 3.061365 0.657282 2.268801
v 3.398428 0.784875 2.099629
v 3.175174 0.401145 2.211048
v 3.175174 0.401145 2.211048
v 3.398428 0.784875 2.099629
v 3.397885 0.016878 2.100411
v 3.174902 0.017146 2.211438
v 3.175174 0.401145 2.211048
v 3.397885 0.016878 2.100411
v 4.090402 0.402369 4.043918
v 3.175174 0.401145 2.211048
v 3.174902 0.017146 2.211438
v 4.090131 0.018371 4.044309
v 4.090402 0.402369 4.043918
v 3.174902 0.017146 2.211438
v 3.518177 0.019060 4.330379
v 2.602948 0.017837 2.498509
v 2.603220 0.401835 2.498118
v 4.090402 0.402369 4.043918
v 3.976592 0.658505 4.100672
v 3.175174 0.401145 2.211048
v 3.976592 0.658505 4.100672
v 3.061365 0.657282 2.268801
v 3.175174 0.401145 2.211048
v 3.518448 0.403058 4.329988
v 2.603220 0.401835 2.498118
v 2.717392 0.657695 2.439844
v 3.632619 0.658920 4.272714
v 3.518448 0.403058 4.329988
v 2.717392 0.657695 2.439844
v 3.976592 0.658505 4.100672
v 3.632619 0.658920 4.272714
v 3.061365 0.657282 2.268801
v 3.632619 0.658920 4.272714
v 2.717392 0.657695 2.439844
v 3.061365 0.657282 2.268801
s 0
f 1215 1213 1214
f 1218 1216 1217
f 1221 1219 1220
f 1224 1222 1223
f 1227 1225 1226
f 1230 1228 1229
f 1233 1231 1232
f 1236 1234 1235
f 1239 1237 1238
f 1242 1240 1241
f 1245 1243 1244
f 1248 1246 1247
f 1251 1249 1250
f 1254 1252 1253
f 1257 1255 1256
f 1260 1258 1259
f 1263 1261 1262
f 1266 1264 1265
f 1269 1267 1268
f 1272 1270 1271
f 1275 1273 1274
f 1278 1276 1277
f 1281 1279 1280
f 1284 1282 1283
f 1287 1285 1286
f 1290 1288 1289
f 1293 1291 1292
f 1296 1294 1295
o Shape_IndexedFaceSet.016
v -2.257078 1.759697 0.017376
v -0.346417 1.424774 -0.566525
v -0.184371 1.552335 -0.886673
v -0.372420 1.424765 -0.592521
v -1.236480 1.424811 -1.140407
v -0.184461 1.424336 -0.886543
v -1.236480 1.424811 -1.140407
v -1.048522 1.424380 -1.435429
v -0.184461 1.424336 -0.886543
v -0.184461 1.424336 -0.886543
v -1.048522 1.424380 -1.435429
v -1.048431 1.552379 -1.435559
v -0.184371 1.552335 -0.886673
v -0.184461 1.424336 -0.886543
v -1.048431 1.552379 -1.435559
v -0.372420 1.424765 -0.592521
v -0.184461 1.424336 -0.886543
v -0.184914 0.784339 -0.885892
v -0.372873 0.784768 -0.591870
v -0.372420 1.424765 -0.592521
v -0.184914 0.784339 -0.885892
v 2.373871 0.781169 -2.251209
v -0.346417 1.424774 -0.566525
v 2.373328 0.013172 -2.250427
v -0.184371 1.552335 -0.886673
v -0.346417 1.424774 -0.566525
v 2.373871 0.781169 -2.251209
v -0.184371 1.552335 -0.886673
v -1.109962 2.066235 -0.634079
v -2.257078 1.759697 0.017376
v -2.257078 1.759697 0.017376
v -1.109962 2.066235 -0.634079
v -1.048431 1.552379 -1.435559
v -1.048431 1.552379 -1.435559
v -1.109962 2.066235 -0.634079
v -0.184371 1.552335 -0.886673
v -0.346417 1.424774 -0.566525
v -0.346869 0.784776 -0.565874
v 2.373328 0.013172 -2.250427
v -0.346417 1.424774 -0.566525
v -2.257078 1.759697 0.017376
v -0.346869 0.784776 -0.565874
v -2.257078 1.759697 0.017376
v -1.048431 1.552379 -1.435559
v -2.744834 0.675076 0.052542
v -1.048431 1.552379 -1.435559
v -0.853302 0.781735 -3.906785
v -2.744834 0.675076 0.052542
v -0.184914 0.784339 -0.885892
v -0.184371 1.552335 -0.886673
v 2.373871 0.781169 -2.251209
v -1.236933 0.784814 -1.139756
v -1.236480 1.424811 -1.140407
v -0.372420 1.424765 -0.592521
v -0.372873 0.784768 -0.591870
v -1.236933 0.784814 -1.139756
v -0.372420 1.424765 -0.592521
v -0.346869 0.784776 -0.565874
v -2.257078 1.759697 0.017376
v 1.605641 0.016047 0.052654
v 2.373328 0.013172 -2.250427
v -0.346869 0.784776 -0.565874
v 1.605641 0.016047 0.052654
v 1.605641 0.016047 0.052654
v -2.257078 1.759697 0.017376
v -1.239251 1.386804 0.819620
v -1.239251 1.386804 0.819620
v 1.854838 0.017429 1.584611
v 1.605641 0.016047 0.052654
v -1.048431 1.552379 -1.435559
v -1.048974 0.784383 -1.434778
v -0.853302 0.781735 -3.906785
v -1.236933 0.784814 -1.139756
v -1.048974 0.784383 -1.434778
v -1.048522 1.424380 -1.435429
v -1.236480 1.424811 -1.140407
v -1.236933 0.784814 -1.139756
v -1.048522 1.424380 -1.435429
v -0.680041 2.937340 1.734964
v -0.487035 2.937274 1.802940
v -0.419062 2.937031 1.609932
v -0.611068 2.937096 1.541957
v -0.680041 2.937340 1.734964
v -0.419062 2.937031 1.609932
s 0
f 1299 1297 1298
f 1302 1300 1301
f 1305 1303 1304
f 1308 1306 1307
f 1311 1309 1310
f 1314 1312 1313
f 1317 1315 1316
f 1320 1318 1319
f 1323 1321 1322
f 1326 1324 1325
f 1329 1327 1328
f 1332 1330 1331
f 1335 1333 1334
f 1338 1336 1337
f 1341 1339 1340
f 1344 1342 1343
f 1347 1345 1346
f 1350 1348 1349
f 1353 1351 1352
f 1356 1354 1355
f 1359 1357 1358
f 1362 1360 1361
f 1365 1363 1364
f 1368 1366 1367
f 1371 1369 1370
f 1374 1372 1373
f 1377 1375 1376
f 1380 1378 1379
o Shape_IndexedFaceSet.017
v -4.639241 1.039038 -5.220553
v -4.639267 1.038830 -5.424551
v -4.638878 1.551035 -5.221074
v -4.639267 1.038830 -5.424551
v -4.638905 1.550828 -5.425073
v -4.638878 1.551035 -5.221074
v -4.639241 1.039038 -5.220553
v -4.638878 1.551035 -5.221074
v -4.434881 1.550893 -5.221100
v -4.435243 1.038895 -5.220579
v -4.639241 1.039038 -5.220553
v -4.434881 1.550893 -5.221100
v -4.639267 1.038830 -5.424551
v -4.435270 1.038688 -5.424577
v -4.638905 1.550828 -5.425073
v -4.435270 1.038688 -5.424577
v -4.434908 1.550686 -5.425098
v -4.638905 1.550828 -5.425073
v -4.435270 1.038688 -5.424577
v -4.435243 1.038895 -5.220579
v -4.434908 1.550686 -5.425098
v -4.435243 1.038895 -5.220579
v -4.434881 1.550893 -5.221100
v -4.434908 1.550686 -5.425098
v -4.435270 1.038688 -5.424577
v -4.639267 1.038830 -5.424551
v -4.639241 1.039038 -5.220553
v -4.435243 1.038895 -5.220579
v -4.435270 1.038688 -5.424577
v -4.639241 1.039038 -5.220553
v -4.792923 1.550779 -5.579052
v -4.280931 1.550421 -5.579117
v -5.049315 1.038700 -5.834496
v -4.792923 1.550779 -5.579052
v -4.638905 1.550828 -5.425073
v -4.280931 1.550421 -5.579117
v -4.792856 1.551299 -5.067056
v -4.638878 1.551035 -5.221074
v -4.792923 1.550779 -5.579052
v -4.638878 1.551035 -5.221074
v -4.638905 1.550828 -5.425073
v -4.792923 1.550779 -5.579052
v -4.434881 1.550893 -5.221100
v -4.638878 1.551035 -5.221074
v -4.792856 1.551299 -5.067056
v -4.638905 1.550828 -5.425073
v -4.434908 1.550686 -5.425098
v -4.280931 1.550421 -5.579117
v -4.280863 1.550942 -5.067121
v -4.434881 1.550893 -5.221100
v -4.792856 1.551299 -5.067056
v -4.280931 1.550421 -5.579117
v -4.434908 1.550686 -5.425098
v -4.280863 1.550942 -5.067121
v -4.434908 1.550686 -5.425098
v -4.434881 1.550893 -5.221100
v -4.280863 1.550942 -5.067121
v -4.792923 1.550779 -5.579052
v -5.049315 1.038700 -5.834496
v -5.049181 1.039740 -4.810503
v -4.792856 1.551299 -5.067056
v -4.792923 1.550779 -5.579052
v -5.049181 1.039740 -4.810503
v 4.026200 0.973694 -0.600628
v 4.070206 0.973708 -0.556633
v 4.342166 0.973244 -0.826665
v -4.280931 1.550421 -5.579117
v -4.025330 1.037986 -5.834627
v -5.049315 1.038700 -5.834496
v -4.280863 1.550942 -5.067121
v -4.025195 1.039026 -4.810634
v -4.025330 1.037986 -5.834627
v -4.280931 1.550421 -5.579117
v -4.280863 1.550942 -5.067121
v -4.025330 1.037986 -5.834627
v -4.792856 1.551299 -5.067056
v -5.049181 1.039740 -4.810503
v -4.025195 1.039026 -4.810634
v -4.280863 1.550942 -5.067121
v -4.792856 1.551299 -5.067056
v -4.025195 1.039026 -4.810634
v 4.297161 0.973230 -0.871660
v 4.026200 0.973694 -0.600628
v 4.342166 0.973244 -0.826665
v 4.026200 0.973694 -0.600628
v 4.297161 0.973230 -0.871660
v 4.025155 0.909694 -0.601562
v 4.297161 0.973230 -0.871660
v 4.297115 0.909230 -0.871594
v 4.025155 0.909694 -0.601562
v 4.252110 0.909215 -0.916588
v 4.252066 0.845216 -0.916523
v 3.981105 0.845679 -0.646490
v 3.981150 0.909679 -0.646556
v 4.252110 0.909215 -0.916588
v 3.981105 0.845679 -0.646490
v 4.252110 0.909215 -0.916588
v 3.981150 0.909679 -0.646556
v 4.297115 0.909230 -0.871594
v 3.981150 0.909679 -0.646556
v 4.025155 0.909694 -0.601562
v 4.297115 0.909230 -0.871594
v 4.207060 0.845201 -0.961517
v 3.936099 0.845665 -0.691485
v 4.252066 0.845216 -0.916523
v 3.936099 0.845665 -0.691485
v 3.981105 0.845679 -0.646490
v 4.252066 0.845216 -0.916523
v 3.936099 0.845665 -0.691485
v 4.207060 0.845201 -0.961517
v 3.936053 0.781665 -0.691420
v 4.207060 0.845201 -0.961517
v 4.207015 0.781202 -0.961452
v 3.936053 0.781665 -0.691420
v 4.207015 0.781202 -0.961452
v 4.252066 0.845216 -0.916523
v 4.342031 0.781245 -0.826470
v 4.252066 0.845216 -0.916523
v 4.297115 0.909230 -0.871594
v 4.342031 0.781245 -0.826470
v 4.297115 0.909230 -0.871594
v 4.342166 0.973244 -0.826665
v 4.342031 0.781245 -0.826470
v 4.252110 0.909215 -0.916588
v 4.297115 0.909230 -0.871594
v 4.252066 0.845216 -0.916523
v 4.297161 0.973230 -0.871660
v 4.342166 0.973244 -0.826665
v 4.297115 0.909230 -0.871594
v 4.207060 0.845201 -0.961517
v 4.252066 0.845216 -0.916523
v 4.207015 0.781202 -0.961452
s 0
f 1383 1381 1382
f 1386 1384 1385
f 1389 1387 1388
f 1392 1390 1391
f 1395 1393 1394
f 1398 1396 1397
f 1401 1399 1400
f 1404 1402 1403
f 1407 1405 1406
f 1410 1408 1409
f 1413 1411 1412
f 1416 1414 1415
f 1419 1417 1418
f 1422 1420 1421
f 1425 1423 1424
f 1428 1426 1427
f 1431 1429 1430
f 1434 1432 1433
f 1437 1435 1436
f 1440 1438 1439
f 1443 1441 1442
f 1446 1444 1445
f 1449 1447 1448
f 1452 1450 1451
f 1455 1453 1454
f 1458 1456 1457
f 1461 1459 1460
f 1464 1462 1463
f 1467 1465 1466
f 1470 1468 1469
f 1473 1471 1472
f 1476 1474 1475
f 1479 1477 1478
f 1482 1480 1481
f 1485 1483 1484
f 1488 1486 1487
f 1491 1489 1490
f 1494 1492 1493
f 1497 1495 1496
f 1500 1498 1499
f 1503 1501 1502
f 1506 1504 1505
f 1509 1507 1508
f 1512 1510 1511
o Shape_IndexedFaceSet.018
v 7.376637 1.089459 2.450807
v 7.244658 1.089710 2.607822
v 7.516685 1.089755 2.837785
v -1.312714 0.829540 -7.364754
v -1.242689 0.829688 -7.170763
v -1.040687 0.829583 -7.135790
v -0.908710 0.829331 -7.293806
v -0.978734 0.829184 -7.486796
v -1.040687 0.829583 -7.135790
v -0.978734 0.829184 -7.486796
v -1.180737 0.829289 -7.521770
v -1.040687 0.829583 -7.135790
v -1.180737 0.829289 -7.521770
v -1.312714 0.829540 -7.364754
v -1.040687 0.829583 -7.135790
v 7.033901 1.091714 4.435836
v 6.832899 1.091818 4.399861
v 6.972949 1.092113 4.786841
v 6.700923 1.092069 4.556878
v 6.770947 1.092219 4.751867
v 6.972949 1.092113 4.786841
v 6.832899 1.091818 4.399861
v 6.700923 1.092069 4.556878
v 6.972949 1.092113 4.786841
v 7.104927 1.091860 4.627827
v 7.033901 1.091714 4.435836
v 6.972949 1.092113 4.786841
v 7.578638 1.089354 2.485780
v 7.376637 1.089459 2.450807
v 7.516685 1.089755 2.837785
v 7.648663 1.089501 2.678770
v 7.578638 1.089354 2.485780
v 7.516685 1.089755 2.837785
v 7.244658 1.089710 2.607822
v 7.314683 1.089859 2.801812
v 7.516685 1.089755 2.837785
s 0
f 1515 1513 1514
f 1518 1516 1517
f 1521 1519 1520
f 1524 1522 1523
f 1527 1525 1526
f 1530 1528 1529
f 1533 1531 1532
f 1536 1534 1535
f 1539 1537 1538
f 1542 1540 1541
f 1545 1543 1544
f 1548 1546 1547
o Shape_IndexedFaceSet.019
v -1.312714 0.829540 -7.364754
v -1.180737 0.829289 -7.521770
v -1.312750 0.778540 -7.364702
v -0.908710 0.829331 -7.293806
v -1.040687 0.829583 -7.135790
v -0.908746 0.778331 -7.293754
v -1.040687 0.829583 -7.135790
v -1.040723 0.778584 -7.135738
v -0.908746 0.778331 -7.293754
v -1.040687 0.829583 -7.135790
v -1.242689 0.829688 -7.170763
v -1.040723 0.778584 -7.135738
v -1.242689 0.829688 -7.170763
v -1.242725 0.778689 -7.170712
v -1.040723 0.778584 -7.135738
v -1.312714 0.829540 -7.364754
v -1.312750 0.778540 -7.364702
v -1.242725 0.778689 -7.170712
v -1.242689 0.829688 -7.170763
v -1.312714 0.829540 -7.364754
v -1.242725 0.778689 -7.170712
v 7.104927 1.091860 4.627827
v 6.972949 1.092113 4.786841
v 7.104891 1.040860 4.627878
v -1.180737 0.829289 -7.521770
v -1.180773 0.778289 -7.521717
v -1.312750 0.778540 -7.364702
v -1.180737 0.829289 -7.521770
v -0.978734 0.829184 -7.486796
v -1.180773 0.778289 -7.521717
v -0.978734 0.829184 -7.486796
v -0.978770 0.778184 -7.486744
v -1.180773 0.778289 -7.521717
v -0.978734 0.829184 -7.486796
v -0.908710 0.829331 -7.293806
v -0.978770 0.778184 -7.486744
v -0.908710 0.829331 -7.293806
v -0.908746 0.778331 -7.293754
v -0.978770 0.778184 -7.486744
v 6.972949 1.092113 4.786841
v 6.972914 1.041114 4.786894
v 7.104891 1.040860 4.627878
v 7.033901 1.091714 4.435836
v 7.033865 1.040715 4.435887
v 6.832864 1.040818 4.399914
v 6.770947 1.092219 4.751867
v 6.770911 1.041219 4.751920
v 6.972914 1.041114 4.786894
v 6.972949 1.092113 4.786841
v 6.770947 1.092219 4.751867
v 6.972914 1.041114 4.786894
v 6.770947 1.092219 4.751867
v 6.700923 1.092069 4.556878
v 6.770911 1.041219 4.751920
v 6.700923 1.092069 4.556878
v 6.700886 1.041070 4.556930
v 6.770911 1.041219 4.751920
v 6.700923 1.092069 4.556878
v 6.832899 1.091818 4.399861
v 6.700886 1.041070 4.556930
v 6.832899 1.091818 4.399861
v 6.832864 1.040818 4.399914
v 6.700886 1.041070 4.556930
v 7.314683 1.089859 2.801812
v 7.314648 1.038859 2.801864
v 7.516649 1.038755 2.837837
v 6.832899 1.091818 4.399861
v 7.033901 1.091714 4.435836
v 6.832864 1.040818 4.399914
v 7.033901 1.091714 4.435836
v 7.104927 1.091860 4.627827
v 7.033865 1.040715 4.435887
v 7.104927 1.091860 4.627827
v 7.104891 1.040860 4.627878
v 7.033865 1.040715 4.435887
v 7.648663 1.089501 2.678770
v 7.516685 1.089755 2.837785
v 7.648626 1.038501 2.678821
v 7.516685 1.089755 2.837785
v 7.516649 1.038755 2.837837
v 7.648626 1.038501 2.678821
v 7.516685 1.089755 2.837785
v 7.314683 1.089859 2.801812
v 7.516649 1.038755 2.837837
v 7.578638 1.089354 2.485780
v 7.648663 1.089501 2.678770
v 7.578602 1.038354 2.485832
v 7.244658 1.089710 2.607822
v 7.244622 1.038711 2.607874
v 7.314648 1.038859 2.801864
v 7.314683 1.089859 2.801812
v 7.244658 1.089710 2.607822
v 7.314648 1.038859 2.801864
v 7.244658 1.089710 2.607822
v 7.376637 1.089459 2.450807
v 7.244622 1.038711 2.607874
v 7.376637 1.089459 2.450807
v 7.376600 1.038459 2.450859
v 7.244622 1.038711 2.607874
v 7.578638 1.089354 2.485780
v 7.578602 1.038354 2.485832
v 7.376600 1.038459 2.450859
v 7.376637 1.089459 2.450807
v 7.578638 1.089354 2.485780
v 7.376600 1.038459 2.450859
v 7.648663 1.089501 2.678770
v 7.648626 1.038501 2.678821
v 7.578602 1.038354 2.485832
s 0
f 1551 1549 1550
f 1554 1552 1553
f 1557 1555 1556
f 1560 1558 1559
f 1563 1561 1562
f 1566 1564 1565
f 1569 1567 1568
f 1572 1570 1571
f 1575 1573 1574
f 1578 1576 1577
f 1581 1579 1580
f 1584 1582 1583
f 1587 1585 1586
f 1590 1588 1589
f 1593 1591 1592
f 1596 1594 1595
f 1599 1597 1598
f 1602 1600 1601
f 1605 1603 1604
f 1608 1606 1607
f 1611 1609 1610
f 1614 1612 1613
f 1617 1615 1616
f 1620 1618 1619
f 1623 1621 1622
f 1626 1624 1625
f 1629 1627 1628
f 1632 1630 1631
f 1635 1633 1634
f 1638 1636 1637
f 1641 1639 1640
f 1644 1642 1643
f 1647 1645 1646
f 1650 1648 1649
f 1653 1651 1652
f 1656 1654 1655
o Shape_IndexedFaceSet.022
v 4.070206 0.973708 -0.556633
v 3.936053 0.781665 -0.691420
v 3.654203 1.037576 -0.971642
v 3.654203 1.037576 -0.971642
v 3.936053 0.781665 -0.691420
v 3.654021 0.781577 -0.971381
v 4.070251 1.037707 -0.556698
v 4.070206 0.973708 -0.556633
v 3.654203 1.037576 -0.971642
v 4.070070 0.781709 -0.556437
v 3.936053 0.781665 -0.691420
v 4.070206 0.973708 -0.556633
v 4.070251 1.037707 -0.556698
v 4.342211 1.037244 -0.826730
v 4.070206 0.973708 -0.556633
v 4.342211 1.037244 -0.826730
v 4.342166 0.973244 -0.826665
v 4.070206 0.973708 -0.556633
v 8.004913 0.006647 -4.811127
v 4.932955 0.008788 -4.810736
v 8.005456 0.774643 -4.811909
v 4.933498 0.776784 -4.811517
v 8.005456 0.774643 -4.811909
v 4.932955 0.008788 -4.810736
v 0.070163 0.777050 -7.882874
v 0.069620 0.009054 -7.882092
v 0.070096 0.776530 -8.394871
v 0.070331 0.778352 -6.602883
v 0.069620 0.009054 -7.882092
v 0.070163 0.777050 -7.882874
v 0.069788 0.010356 -6.602102
v 0.069620 0.009054 -7.882092
v 0.070295 0.727352 -6.602831
v 0.070331 0.778352 -6.602883
v 0.070295 0.727352 -6.602831
v 0.069620 0.009054 -7.882092
v -1.975398 3.088501 -1.947000
v -2.359755 2.576771 -1.946430
v -2.935878 2.576160 -2.943349
v -2.935878 2.576160 -2.943349
v -2.359755 2.576771 -1.946430
v -3.512101 2.065576 -1.945762
v -1.975398 3.088501 -1.947000
v -2.743213 3.090386 -0.617912
v -2.359755 2.576771 -1.946430
v -2.743213 3.090386 -0.617912
v -2.935616 2.578186 -0.948364
v -2.359755 2.576771 -1.946430
v -2.359755 2.576771 -1.946430
v -2.935616 2.578186 -0.948364
v -3.512101 2.065576 -1.945762
v -2.743562 3.087685 -3.276893
v -1.975398 3.088501 -1.947000
v -2.935878 2.576160 -2.943349
v -4.279191 3.091457 -0.617716
v -4.087600 2.578989 -0.948217
v -2.743213 3.090386 -0.617912
v -2.743213 3.090386 -0.617912
v -4.087600 2.578989 -0.948217
v -2.935616 2.578186 -0.948364
v -2.935616 2.578186 -0.948364
v -4.087600 2.578989 -0.948217
v -3.512101 2.065576 -1.945762
v -4.087862 2.576962 -2.943202
v -2.935878 2.576160 -2.943349
v -3.512101 2.065576 -1.945762
v -4.087600 2.578989 -0.948217
v -4.663723 2.578377 -1.946136
v -3.512101 2.065576 -1.945762
v -4.663723 2.578377 -1.946136
v -4.087862 2.576962 -2.943202
v -3.512101 2.065576 -1.945762
v -4.279191 3.091457 -0.617716
v -5.047356 3.090642 -1.946608
v -4.087600 2.578989 -0.948217
v -5.047356 3.090642 -1.946608
v -4.663723 2.578377 -1.946136
v -4.087600 2.578989 -0.948217
v -5.047356 3.090642 -1.946608
v -4.279541 3.088756 -3.276697
v -4.663723 2.578377 -1.946136
v -4.279541 3.088756 -3.276697
v -4.087862 2.576962 -2.943202
v -4.663723 2.578377 -1.946136
v -4.279541 3.088756 -3.276697
v -2.743562 3.087685 -3.276893
v -4.087862 2.576962 -2.943202
v -2.743562 3.087685 -3.276893
v -2.935878 2.576160 -2.943349
v -4.087862 2.576962 -2.943202
v 8.005926 0.778284 -1.227935
v 8.006107 1.034283 -1.228195
v 8.005456 0.774643 -4.811909
v 8.005638 1.030642 -4.812169
v 8.005456 0.774643 -4.811909
v 8.006107 1.034283 -1.228195
v 8.006107 1.034283 -1.228195
v 4.342166 0.973244 -0.826665
v 4.342211 1.037244 -0.826730
v 8.005926 0.778284 -1.227935
v 4.342166 0.973244 -0.826665
v 8.006107 1.034283 -1.228195
v 4.342031 0.781245 -0.826470
v 4.342166 0.973244 -0.826665
v 8.005926 0.778284 -1.227935
v -2.231054 2.965009 1.330138
v -2.231073 2.914140 1.458189
v -2.011016 1.632731 1.203466
v -2.231073 2.914140 1.458189
v -2.231040 2.914399 1.714187
v -2.011016 1.632731 1.203466
v -2.231040 2.914399 1.714187
v -1.961920 1.633442 1.937455
v -2.011016 1.632731 1.203466
v -2.231476 2.369011 1.330745
v -2.487428 2.512738 0.886634
v -2.231054 2.965009 1.330138
v -2.231054 2.965009 1.330138
v -2.487428 2.512738 0.886634
v -2.487109 2.963736 0.886175
v -4.702128 2.659581 2.166761
v -2.487428 2.512738 0.886634
v -4.448174 2.515856 2.610872
v -2.230987 2.965529 1.842134
v -1.961920 1.633442 1.937455
v -2.231040 2.914399 1.714187
v -2.229871 3.691207 6.449368
v -2.229804 3.691727 6.961365
v -2.229974 3.546207 6.449514
v -2.229804 3.691727 6.961365
v -2.229907 3.546728 6.961512
v -2.229974 3.546207 6.449514
v -4.447753 3.111854 2.610265
v -4.701808 3.111580 2.166301
v -4.448174 2.515856 2.610872
v -4.701808 3.111580 2.166301
v -4.702128 2.659581 2.166761
v -4.448174 2.515856 2.610872
v -2.487428 2.512738 0.886634
v -2.231476 2.369011 1.330745
v -4.448174 2.515856 2.610872
v 0.786992 2.781586 2.982927
v 0.785762 1.043594 2.984696
v 0.673963 2.728723 3.039995
v -2.229907 3.546728 6.961512
v -4.447417 3.113456 5.170248
v -2.229974 3.546207 6.449514
v -4.891377 3.115026 5.426302
v -4.447417 3.113456 5.170248
v -2.229907 3.546728 6.961512
v -4.890275 3.259022 5.426155
v -4.447315 3.258456 5.170101
v -4.891377 3.115026 5.426302
v -4.891377 3.115026 5.426302
v -4.447315 3.258456 5.170101
v -4.447417 3.113456 5.170248
v 0.673963 2.728723 3.039995
v 0.785762 1.043594 2.984696
v 0.421981 2.726027 3.167029
v 0.785762 1.043594 2.984696
v 0.308024 2.775165 3.224993
v 0.421981 2.726027 3.167029
v 0.303963 2.740879 2.940031
v 0.189009 2.792018 2.997993
v 0.670733 1.043441 2.755712
v 0.671972 2.794434 2.753930
v 0.554945 2.742575 2.812998
v 0.670733 1.043441 2.755712
v 0.554945 2.742575 2.812998
v 0.303963 2.740879 2.940031
v 0.670733 1.043441 2.755712
v -1.719076 2.883978 1.650153
v -1.719913 1.633359 2.021423
v -1.719046 2.882227 1.896153
v -1.719913 1.633359 2.021423
v -1.718994 2.932352 2.019101
v -1.719046 2.882227 1.896153
v -1.719978 1.631859 1.528428
v -1.719913 1.633359 2.021423
v -1.719076 2.883978 1.650153
v -1.719055 2.936852 1.527100
v -1.719978 1.631859 1.528428
v -1.719076 2.883978 1.650153
v 0.612869 2.820520 1.814917
v 0.440935 2.821130 2.296936
v 0.440754 2.565131 2.297196
v 0.189009 2.792018 2.997993
v 0.308024 2.775165 3.224993
v 0.785762 1.043594 2.984696
v -1.547121 2.936243 1.045081
v -1.719236 2.680854 1.527361
v -1.719055 2.936852 1.527100
v -1.547121 2.936243 1.045081
v 0.612869 2.820520 1.814917
v 0.440754 2.565131 2.297196
v -1.719236 2.680854 1.527361
v -1.547121 2.936243 1.045081
v 0.440754 2.565131 2.297196
v -1.719978 1.631859 1.528428
v -1.719055 2.936852 1.527100
v 0.439677 1.043138 2.298745
v -1.719055 2.936852 1.527100
v 0.440935 2.821130 2.296936
v 0.439677 1.043138 2.298745
v 0.670733 1.043441 2.755712
v 0.189009 2.792018 2.997993
v 0.785762 1.043594 2.984696
v 0.440935 2.821130 2.296936
v 0.671972 2.794434 2.753930
v 0.670733 1.043441 2.755712
v 0.439677 1.043138 2.298745
v 0.440935 2.821130 2.296936
v 0.670733 1.043441 2.755712
v -0.500975 3.857467 4.938984
v -0.854943 3.857921 5.143030
v -0.455996 3.832412 4.913004
v -0.854943 3.857921 5.143030
v -2.229939 3.690687 5.937369
v -0.455996 3.832412 4.913004
v -0.854943 3.857921 5.143030
v -2.229495 4.318686 5.936729
v -2.229939 3.690687 5.937369
v -0.854761 4.113922 5.142767
v -2.229495 4.318686 5.936729
v -0.854943 3.857921 5.143030
v -0.766697 4.216806 5.091652
v -2.229495 4.318686 5.936729
v -0.854761 4.113922 5.142767
v -0.455654 4.315410 4.912516
v -2.229495 4.318686 5.936729
v -0.766697 4.216806 5.091652
v -2.229495 4.318686 5.936729
v -4.004354 3.257885 4.914043
v -2.229939 3.690687 5.937369
v -0.500975 3.857467 4.938984
v -0.455996 3.832412 4.913004
v -0.455654 4.315410 4.912516
v -2.230987 2.965529 1.842134
v -1.718994 2.932352 2.019101
v -1.719913 1.633359 2.021423
v -0.455654 4.315410 4.912516
v -0.455996 3.832412 4.913004
v -0.455923 4.313327 2.864529
v -0.588712 4.216579 4.989632
v -0.500794 4.113466 4.938725
v -0.455654 4.315410 4.912516
v -0.766697 4.216806 5.091652
v -0.588712 4.216579 4.989632
v -0.455654 4.315410 4.912516
v -0.500794 4.113466 4.938725
v -0.500975 3.857467 4.938984
v -0.455654 4.315410 4.912516
v -0.455923 4.313327 2.864529
v -0.455996 3.832412 4.913004
v -0.456163 3.974329 2.864874
v -4.003910 4.264800 2.865033
v -2.230172 4.117524 1.840962
v -4.004725 3.111805 2.866206
v -2.230172 4.117524 1.840962
v -2.230987 2.965529 1.842134
v -4.004725 3.111805 2.866206
v -1.961920 1.633442 1.937455
v -2.230987 2.965529 1.842134
v -1.719913 1.633359 2.021423
v 0.334459 3.063931 4.979686
v 0.512442 3.063701 4.877664
v -0.008962 3.840365 5.175940
v -2.230172 4.117524 1.840962
v -1.718994 2.932352 2.019101
v -2.230987 2.965529 1.842134
v -0.026206 3.973743 2.583821
v -1.718994 2.932352 2.019101
v -2.230172 4.117524 1.840962
v -0.027021 2.820749 2.584994
v -1.718994 2.932352 2.019101
v -0.026206 3.973743 2.583821
v -0.026206 3.973743 2.583821
v 0.189009 2.792018 2.997993
v -0.027021 2.820749 2.584994
v -0.026206 3.973743 2.583821
v 1.022946 3.839045 4.583812
v 1.022125 2.679050 4.584992
v 0.308024 2.775165 3.224993
v 0.189009 2.792018 2.997993
v -0.026206 3.973743 2.583821
v 1.022125 2.679050 4.584992
v 0.308024 2.775165 3.224993
v -0.026206 3.973743 2.583821
v -2.230687 2.538213 6.450541
v 0.245393 2.961043 5.030802
v -0.008962 3.840365 5.175940
v -2.229871 3.691207 6.449368
v -2.230687 2.538213 6.450541
v -0.008962 3.840365 5.175940
v 0.245212 2.705045 5.031062
v -2.230687 2.538213 6.450541
v 1.022125 2.679050 4.584992
v 0.245393 2.961043 5.030802
v -2.230687 2.538213 6.450541
v 0.245212 2.705045 5.031062
v -4.447417 3.113456 5.170248
v -4.448131 2.105459 5.171274
v -2.230687 2.538213 6.450541
v -2.229974 3.546207 6.449514
v -4.447417 3.113456 5.170248
v -2.230687 2.538213 6.450541
v -4.447315 3.258456 5.170101
v -4.447753 3.111854 2.610265
v -4.448131 2.105459 5.171274
v -4.447753 3.111854 2.610265
v -4.448568 1.958858 2.611439
v -4.448131 2.105459 5.171274
v -2.487109 2.963736 0.886175
v -2.487428 2.512738 0.886634
v -4.701808 3.111580 2.166301
v -2.229804 3.691727 6.961365
v -4.891377 3.115026 5.426302
v -2.229907 3.546728 6.961512
v -4.890275 3.259022 5.426155
v -4.891377 3.115026 5.426302
v -2.229804 3.691727 6.961365
v -2.231476 2.369011 1.330745
v -2.011016 1.632731 1.203466
v -4.448174 2.515856 2.610872
v -4.448174 2.515856 2.610872
v -2.011016 1.632731 1.203466
v -4.448568 1.958858 2.611439
v -2.231476 2.369011 1.330745
v -2.231054 2.965009 1.330138
v -2.011016 1.632731 1.203466
v -4.701808 3.111580 2.166301
v -2.487428 2.512738 0.886634
v -4.702128 2.659581 2.166761
v 0.786992 2.781586 2.982927
v 1.710145 2.677800 4.810904
v 1.708989 1.044807 4.812565
v -4.003641 4.266881 4.913019
v -4.004354 3.257885 4.914043
v -2.229495 4.318686 5.936729
v -4.003641 4.266881 4.913019
v -4.004725 3.111805 2.866206
v -4.004354 3.257885 4.914043
v -4.003910 4.264800 2.865033
v -4.004725 3.111805 2.866206
v -4.003641 4.266881 4.913019
v -2.229966 4.314043 2.352759
v -0.455923 4.313327 2.864529
v -2.230104 4.118044 2.352958
v -2.230104 4.118044 2.352958
v -3.559846 4.316751 3.120922
v -2.229966 4.314043 2.352759
v -3.559847 4.315750 3.120924
v -3.559846 4.316751 3.120922
v -2.230104 4.118044 2.352958
v -0.455923 4.313327 2.864529
v -0.456163 3.974329 2.864874
v -2.230104 4.118044 2.352958
v 0.785762 1.043594 2.984696
v 0.786992 2.781586 2.982927
v 1.708989 1.044807 4.812565
v 1.708989 1.044807 4.812565
v 1.710145 2.677800 4.810904
v -2.230619 2.538733 6.962538
v -0.008962 3.840365 5.175940
v 0.512442 3.063701 4.877664
v 1.022125 2.679050 4.584992
v 0.245393 2.961043 5.030802
v 0.334459 3.063931 4.979686
v -0.008962 3.840365 5.175940
v 0.601180 2.704589 4.827019
v 1.022125 2.679050 4.584992
v 0.601362 2.960588 4.826757
v 1.022125 2.679050 4.584992
v 0.512442 3.063701 4.877664
v 0.601362 2.960588 4.826757
v 0.601180 2.704589 4.827019
v 0.245212 2.705045 5.031062
v 1.022125 2.679050 4.584992
v 1.022125 2.679050 4.584992
v 1.022946 3.839045 4.583812
v -0.008962 3.840365 5.175940
v 3.990726 0.532233 5.810787
v 3.991087 1.044232 5.810266
v 8.007116 1.042084 6.450749
v 1.855563 1.041425 1.583569
v 1.854838 0.017429 1.584611
v -1.239251 1.386804 0.819620
v 3.472237 0.019551 4.782383
v 3.297194 0.019326 4.440407
v 3.297919 1.043321 4.439365
v 3.990726 0.532233 5.810787
v 3.472237 0.019551 4.782383
v 3.297919 1.043321 4.439365
v 3.991087 1.044232 5.810266
v 3.990726 0.532233 5.810787
v 3.297919 1.043321 4.439365
v 4.456159 0.019366 4.290259
v 4.971649 0.532051 5.319665
v 4.284117 0.019137 3.947284
v 4.971649 0.532051 5.319665
v 4.284665 0.795134 3.946494
v 4.284117 0.019137 3.947284
v 3.654203 1.037576 -0.971642
v 3.653479 0.013580 -0.970600
v 2.629627 0.015333 0.052524
v 3.398428 0.784875 2.099629
v 2.710714 0.015961 0.726509
v 3.397885 0.016878 2.100411
v 2.711257 0.783958 0.725727
v 2.710714 0.015961 0.726509
v 3.398428 0.784875 2.099629
v 2.374691 1.042107 2.611496
v 2.373966 0.018112 2.612538
v 1.854838 0.017429 1.584611
v 1.855563 1.041425 1.583569
v 2.374691 1.042107 2.611496
v 1.854838 0.017429 1.584611
v 2.710714 0.015961 0.726509
v 2.711257 0.783958 0.725727
v 2.629627 0.015333 0.052524
v 2.711257 0.783958 0.725727
v 2.630315 0.988329 0.051533
v 2.629627 0.015333 0.052524
v 1.758831 0.009698 -6.091321
v 0.069855 0.010876 -6.090106
v -0.596068 0.011860 -5.578024
v 2.630315 0.988329 0.051533
v 3.654203 1.037576 -0.971642
v 2.629627 0.015333 0.052524
v 0.070398 0.778873 -6.090887
v -0.953520 0.780106 -5.578760
v 0.070362 0.727873 -6.090836
v 0.070362 0.727873 -6.090836
v -0.953520 0.780106 -5.578760
v 0.069855 0.010876 -6.090106
v 0.069855 0.010876 -6.090106
v -0.953520 0.780106 -5.578760
v -0.954063 0.012110 -5.577979
v -0.596001 0.012381 -5.066028
v 1.758831 0.009698 -6.091321
v -0.596068 0.011860 -5.578024
v -0.954063 0.012110 -5.577979
v -0.596068 0.011860 -5.578024
v 0.069855 0.010876 -6.090106
v 1.758764 0.009179 -6.602318
v 1.220704 0.009032 -7.114245
v 0.069788 0.010356 -6.602102
v 3.909104 0.010541 -3.786612
v 4.932955 0.008788 -4.810736
v -0.596001 0.012381 -5.066028
v 1.758899 0.010218 -5.579325
v 1.758831 0.009698 -6.091321
v -0.596001 0.012381 -5.066028
v -0.596001 0.012381 -5.066028
v 4.932955 0.008788 -4.810736
v 1.758899 0.010218 -5.579325
v 1.220704 0.009032 -7.114245
v 0.581713 0.009477 -7.114164
v 0.069788 0.010356 -6.602102
v 3.909648 0.778538 -3.787394
v 3.909104 0.010541 -3.786612
v 3.909984 0.781138 -1.227412
v 3.909441 0.013142 -1.226631
v 3.909104 0.010541 -3.786612
v 2.629291 0.012734 -2.506458
v 2.629291 0.012734 -2.506458
v 3.909104 0.010541 -3.786612
v 2.373260 0.012652 -2.762424
v 2.373260 0.012652 -2.762424
v 3.909104 0.010541 -3.786612
v -0.441936 0.012793 -4.554051
v 1.758697 0.008657 -7.114314
v 1.758764 0.009179 -6.602318
v 1.758945 0.265177 -6.602578
v 1.759012 0.265699 -6.089581
v 1.758831 0.009698 -6.091321
v 1.758899 0.010218 -5.579325
v 3.909104 0.010541 -3.786612
v 3.909441 0.013142 -1.226631
v 3.909984 0.781138 -1.227412
v -0.441936 0.012793 -4.554051
v -0.596001 0.012381 -5.066028
v -0.953996 0.012630 -5.065982
v 3.909648 0.778538 -3.787394
v 4.933498 0.776784 -4.811517
v 4.932955 0.008788 -4.810736
v 3.909104 0.010541 -3.786612
v 3.909648 0.778538 -3.787394
v 4.932955 0.008788 -4.810736
v 2.629291 0.012734 -2.506458
v 2.373260 0.012652 -2.762424
v 2.629834 0.780730 -2.507240
v -0.441936 0.012793 -4.554051
v -0.441392 0.780790 -4.554833
v 2.373260 0.012652 -2.762424
v -0.441392 0.780790 -4.554833
v 2.373803 0.780649 -2.763205
v 2.373260 0.012652 -2.762424
v -0.441936 0.012793 -4.554051
v -0.953453 0.780627 -5.066764
v -0.441392 0.780790 -4.554833
v -0.954063 0.012110 -5.577979
v -0.953520 0.780106 -5.578760
v -0.953996 0.012630 -5.065982
v 3.909104 0.010541 -3.786612
v -0.596001 0.012381 -5.066028
v -0.441936 0.012793 -4.554051
v -0.953996 0.012630 -5.065982
v -0.953453 0.780627 -5.066764
v -0.441936 0.012793 -4.554051
v -0.953996 0.012630 -5.065982
v -0.953520 0.780106 -5.578760
v -0.953453 0.780627 -5.066764
v 2.373803 0.780649 -2.763205
v 2.629834 0.780730 -2.507240
v 2.373260 0.012652 -2.762424
v 1.605641 0.016047 0.052654
v 3.653479 0.013580 -0.970600
v 2.373328 0.013172 -2.250427
v 1.605641 0.016047 0.052654
v 2.629627 0.015333 0.052524
v 3.653479 0.013580 -0.970600
v 1.854838 0.017429 1.584611
v 2.629627 0.015333 0.052524
v 1.605641 0.016047 0.052654
v 2.710714 0.015961 0.726509
v 2.629627 0.015333 0.052524
v 1.854838 0.017429 1.584611
v 3.397885 0.016878 2.100411
v 1.854838 0.017429 1.584611
v 2.373966 0.018112 2.612538
v 3.397885 0.016878 2.100411
v 2.710714 0.015961 0.726509
v 1.854838 0.017429 1.584611
v 4.456159 0.019366 4.290259
v 3.472237 0.019551 4.782383
v 4.971649 0.532051 5.319665
v 3.518177 0.019060 4.330379
v 3.472237 0.019551 4.782383
v 4.456159 0.019366 4.290259
v 4.090131 0.018371 4.044309
v 3.518177 0.019060 4.330379
v 4.456159 0.019366 4.290259
v 4.971649 0.532051 5.319665
v 3.472237 0.019551 4.782383
v 3.990726 0.532233 5.810787
v 4.284117 0.019137 3.947284
v 4.090131 0.018371 4.044309
v 4.456159 0.019366 4.290259
v 3.297194 0.019326 4.440407
v 3.472237 0.019551 4.782383
v 3.518177 0.019060 4.330379
v 3.079879 1.043148 4.119394
v 1.781516 0.939660 1.763681
v 2.935799 0.941177 4.048518
v 1.809567 1.041480 1.606575
v 1.781516 0.939660 1.763681
v 3.079879 1.043148 4.119394
v 3.079879 1.043148 4.119394
v 2.935799 0.941177 4.048518
v 1.708989 1.044807 4.812565
v 2.391660 0.736544 4.036796
v 2.049689 0.736959 4.209839
v 1.708989 1.044807 4.812565
v 2.935799 0.941177 4.048518
v 1.781516 0.939660 1.763681
v 2.706727 0.838309 4.021652
v 1.781516 0.939660 1.763681
v 1.667470 0.836944 1.964799
v 2.706727 0.838309 4.021652
v 1.125461 0.735745 2.381969
v 1.468433 0.735331 2.208927
v 1.781516 0.939660 1.763681
v 1.468433 0.735331 2.208927
v 1.667470 0.836944 1.964799
v 1.781516 0.939660 1.763681
v 0.811540 0.837980 2.397906
v 1.125461 0.735745 2.381969
v 1.781516 0.939660 1.763681
v 0.582612 0.941111 2.369830
v 0.811540 0.837980 2.397906
v 1.781516 0.939660 1.763681
v 0.439677 1.043138 2.298745
v 0.582612 0.941111 2.369830
v 1.781516 0.939660 1.763681
v 1.809567 1.041480 1.606575
v 0.439677 1.043138 2.298745
v 1.781516 0.939660 1.763681
v 2.935799 0.941177 4.048518
v 2.706727 0.838309 4.021652
v 1.708989 1.044807 4.812565
v 1.667470 0.836944 1.964799
v 1.468433 0.735331 2.208927
v 2.706727 0.838309 4.021652
v 2.706727 0.838309 4.021652
v 1.468433 0.735331 2.208927
v 2.391660 0.736544 4.036796
v 2.706727 0.838309 4.021652
v 2.391660 0.736544 4.036796
v 1.708989 1.044807 4.812565
v 1.468433 0.735331 2.208927
v 1.125461 0.735745 2.381969
v 2.049689 0.736959 4.209839
v 2.391660 0.736544 4.036796
v 1.468433 0.735331 2.208927
v 2.049689 0.736959 4.209839
v 2.049689 0.736959 4.209839
v 1.125461 0.735745 2.381969
v 1.849795 0.839346 4.454759
v 2.049689 0.736959 4.209839
v 1.849795 0.839346 4.454759
v 1.708989 1.044807 4.812565
v 1.125461 0.735745 2.381969
v 0.811540 0.837980 2.397906
v 1.849795 0.839346 4.454759
v 1.849795 0.839346 4.454759
v 1.736897 0.942628 4.654667
v 1.708989 1.044807 4.812565
v 1.849795 0.839346 4.454759
v 0.811540 0.837980 2.397906
v 1.736897 0.942628 4.654667
v 0.811540 0.837980 2.397906
v 0.582612 0.941111 2.369830
v 1.736897 0.942628 4.654667
v 1.708989 1.044807 4.812565
v 1.736897 0.942628 4.654667
v 0.785762 1.043594 2.984696
v 1.736897 0.942628 4.654667
v 0.582612 0.941111 2.369830
v 0.785762 1.043594 2.984696
v 0.785762 1.043594 2.984696
v 0.582612 0.941111 2.369830
v 0.670733 1.043441 2.755712
v 0.582612 0.941111 2.369830
v 0.439677 1.043138 2.298745
v 0.670733 1.043441 2.755712
s 0
f 1659 1657 1658
f 1662 1660 1661
f 1665 1663 1664
f 1668 1666 1667
f 1671 1669 1670
f 1674 1672 1673
f 1677 1675 1676
f 1680 1678 1679
f 1683 1681 1682
f 1686 1684 1685
f 1689 1687 1688
f 1692 1690 1691
f 1695 1693 1694
f 1698 1696 1697
f 1701 1699 1700
f 1704 1702 1703
f 1707 1705 1706
f 1710 1708 1709
f 1713 1711 1712
f 1716 1714 1715
f 1719 1717 1718
f 1722 1720 1721
f 1725 1723 1724
f 1728 1726 1727
f 1731 1729 1730
f 1734 1732 1733
f 1737 1735 1736
f 1740 1738 1739
f 1743 1741 1742
f 1746 1744 1745
f 1749 1747 1748
f 1752 1750 1751
f 1755 1753 1754
f 1758 1756 1757
f 1761 1759 1760
f 1764 1762 1763
f 1767 1765 1766
f 1770 1768 1769
f 1773 1771 1772
f 1776 1774 1775
f 1779 1777 1778
f 1782 1780 1781
f 1785 1783 1784
f 1788 1786 1787
f 1791 1789 1790
f 1794 1792 1793
f 1797 1795 1796
f 1800 1798 1799
f 1803 1801 1802
f 1806 1804 1805
f 1809 1807 1808
f 1812 1810 1811
f 1815 1813 1814
f 1818 1816 1817
f 1821 1819 1820
f 1824 1822 1823
f 1827 1825 1826
f 1830 1828 1829
f 1833 1831 1832
f 1836 1834 1835
f 1839 1837 1838
f 1842 1840 1841
f 1845 1843 1844
f 1848 1846 1847
f 1851 1849 1850
f 1854 1852 1853
f 1857 1855 1856
f 1860 1858 1859
f 1863 1861 1862
f 1866 1864 1865
f 1869 1867 1868
f 1872 1870 1871
f 1875 1873 1874
f 1878 1876 1877
f 1881 1879 1880
f 1884 1882 1883
f 1887 1885 1886
f 1890 1888 1889
f 1893 1891 1892
f 1896 1894 1895
f 1899 1897 1898
f 1902 1900 1901
f 1905 1903 1904
f 1908 1906 1907
f 1911 1909 1910
f 1914 1912 1913
f 1917 1915 1916
f 1920 1918 1919
f 1923 1921 1922
f 1926 1924 1925
f 1929 1927 1928
f 1932 1930 1931
f 1935 1933 1934
f 1938 1936 1937
f 1941 1939 1940
f 1944 1942 1943
f 1947 1945 1946
f 1950 1948 1949
f 1953 1951 1952
f 1956 1954 1955
f 1959 1957 1958
f 1962 1960 1961
f 1965 1963 1964
f 1968 1966 1967
f 1971 1969 1970
f 1974 1972 1973
f 1977 1975 1976
f 1980 1978 1979
f 1983 1981 1982
f 1986 1984 1985
f 1989 1987 1988
f 1992 1990 1991
f 1995 1993 1994
f 1998 1996 1997
f 2001 1999 2000
f 2004 2002 2003
f 2007 2005 2006
f 2010 2008 2009
f 2013 2011 2012
f 2016 2014 2015
f 2019 2017 2018
f 2022 2020 2021
f 2025 2023 2024
f 2028 2026 2027
f 2031 2029 2030
f 2034 2032 2033
f 2037 2035 2036
f 2040 2038 2039
f 2043 2041 2042
f 2046 2044 2045
f 2049 2047 2048
f 2052 2050 2051
f 2055 2053 2054
f 2058 2056 2057
f 2061 2059 2060
f 2064 2062 2063
f 2067 2065 2066
f 2070 2068 2069
f 2073 2071 2072
f 2076 2074 2075
f 2079 2077 2078
f 2082 2080 2081
f 2085 2083 2084
f 2088 2086 2087
f 2091 2089 2090
f 2094 2092 2093
f 2097 2095 2096
f 2100 2098 2099
f 2103 2101 2102
f 2106 2104 2105
f 2109 2107 2108
f 2112 2110 2111
f 2115 2113 2114
f 2118 2116 2117
f 2121 2119 2120
f 2124 2122 2123
f 2127 2125 2126
f 2130 2128 2129
f 2133 2131 2132
f 2136 2134 2135
f 2139 2137 2138
f 2142 2140 2141
f 2145 2143 2144
f 2148 2146 2147
f 2151 2149 2150
f 2154 2152 2153
f 2157 2155 2156
f 2160 2158 2159
f 2163 2161 2162
f 2166 2164 2165
f 2169 2167 2168
f 2172 2170 2171
f 2175 2173 2174
f 2178 2176 2177
f 2181 2179 2180
f 2184 2182 2183
f 2187 2185 2186
f 2190 2188 2189
f 2193 2191 2192
f 2196 2194 2195
f 2199 2197 2198
f 2202 2200 2201
f 2205 2203 2204
f 2208 2206 2207
f 2211 2209 2210
f 2214 2212 2213
f 2217 2215 2216
f 2220 2218 2219
f 2223 2221 2222
f 2226 2224 2225
f 2229 2227 2228
f 2232 2230 2231
f 2235 2233 2234
f 2238 2236 2237
f 2241 2239 2240
f 2244 2242 2243
f 2247 2245 2246
f 2250 2248 2249
f 2253 2251 2252
f 2256 2254 2255
f 2259 2257 2258
f 2262 2260 2261
f 2265 2263 2264
f 2268 2266 2267
f 2271 2269 2270
f 2274 2272 2273
f 2277 2275 2276
f 2280 2278 2279
f 2283 2281 2282
f 2286 2284 2285
f 2289 2287 2288
f 2292 2290 2291
o Shape_IndexedFaceSet.023
v 0.070362 0.727873 -6.090836
v 0.069855 0.010876 -6.090106
v 0.070295 0.727352 -6.602831
v 3.653479 0.013580 -0.970600
v 3.654021 0.781577 -0.971381
v 3.909441 0.013142 -1.226631
v 3.654021 0.781577 -0.971381
v 3.909984 0.781138 -1.227412
v 3.909441 0.013142 -1.226631
v 0.069855 0.010876 -6.090106
v 1.758831 0.009698 -6.091321
v 1.758764 0.009179 -6.602318
v 0.069788 0.010356 -6.602102
v 0.069855 0.010876 -6.090106
v 1.758764 0.009179 -6.602318
v 1.758909 0.214178 -6.602527
v 1.758764 0.009179 -6.602318
v 1.758831 0.009698 -6.091321
v 1.758976 0.214698 -6.090530
v 1.758909 0.214178 -6.602527
v 1.758831 0.009698 -6.091321
v 3.518177 0.019060 4.330379
v 4.090131 0.018371 4.044309
v 2.602948 0.017837 2.498509
v 0.069855 0.010876 -6.090106
v 0.069788 0.010356 -6.602102
v 0.070295 0.727352 -6.602831
v 2.373328 0.013172 -2.250427
v 2.629291 0.012734 -2.506458
v 2.629834 0.780730 -2.507240
v 2.373871 0.781169 -2.251209
v 2.373328 0.013172 -2.250427
v 2.629834 0.780730 -2.507240
v 3.653479 0.013580 -0.970600
v 3.909441 0.013142 -1.226631
v 2.629291 0.012734 -2.506458
v 2.373328 0.013172 -2.250427
v 3.653479 0.013580 -0.970600
v 2.629291 0.012734 -2.506458
v 4.090131 0.018371 4.044309
v 3.174902 0.017146 2.211438
v 2.602948 0.017837 2.498509
s 0
f 2295 2293 2294
f 2298 2296 2297
f 2301 2299 2300
f 2304 2302 2303
f 2307 2305 2306
f 2310 2308 2309
f 2313 2311 2312
f 2316 2314 2315
f 2319 2317 2318
f 2322 2320 2321
f 2325 2323 2324
f 2328 2326 2327
f 2331 2329 2330
f 2334 2332 2333
o Shape_IndexedFaceSet.024
v -1.961920 1.633442 1.937455
v -1.719913 1.633359 2.021423
v -2.011016 1.632731 1.203466
v -1.719978 1.631859 1.528428
v -2.011016 1.632731 1.203466
v -1.719913 1.633359 2.021423
v -1.719978 1.631859 1.528428
v -2.034059 1.595620 1.078508
v -2.011016 1.632731 1.203466
v -1.648165 1.388702 1.422667
v -1.719978 1.631859 1.528428
v 0.439677 1.043138 2.298745
v -1.648165 1.388702 1.422667
v -2.034059 1.595620 1.078508
v -1.719978 1.631859 1.528428
v -4.447753 3.111854 2.610265
v -2.231054 2.965009 1.330138
v -3.305882 3.093278 1.842142
v -0.487035 2.937274 1.802940
v 0.440935 2.821130 2.296936
v 0.612869 2.820520 1.814917
v -0.419062 2.937031 1.609932
v -0.487035 2.937274 1.802940
v 0.612869 2.820520 1.814917
v -3.305909 3.093069 1.637144
v -2.487109 2.963736 0.886175
v -3.510906 3.093212 1.637170
v 0.612869 2.820520 1.814917
v -1.547121 2.936243 1.045081
v -0.419062 2.937031 1.609932
v -0.419062 2.937031 1.609932
v -1.547121 2.936243 1.045081
v -0.611068 2.937096 1.541957
v 0.440935 2.821130 2.296936
v -0.487035 2.937274 1.802940
v -1.719055 2.936852 1.527100
v -1.719055 2.936852 1.527100
v -0.487035 2.937274 1.802940
v -0.680041 2.937340 1.734964
v -1.547121 2.936243 1.045081
v -1.719055 2.936852 1.527100
v -0.680041 2.937340 1.734964
v -0.611068 2.937096 1.541957
v -1.547121 2.936243 1.045081
v -0.680041 2.937340 1.734964
v -3.305882 3.093278 1.842142
v -2.231054 2.965009 1.330138
v -3.305909 3.093069 1.637144
v -3.305909 3.093069 1.637144
v -2.231054 2.965009 1.330138
v -2.487109 2.963736 0.886175
v -3.559644 4.318310 4.656909
v -4.003641 4.266881 4.913019
v -2.229495 4.317686 5.936731
v -3.510879 3.093421 1.842169
v -4.447753 3.111854 2.610265
v -3.305882 3.093278 1.842142
v -3.510879 3.093421 1.842169
v -3.510906 3.093212 1.637170
v -4.447753 3.111854 2.610265
v -4.447753 3.111854 2.610265
v -3.510906 3.093212 1.637170
v -4.701808 3.111580 2.166301
v -3.510906 3.093212 1.637170
v -2.487109 2.963736 0.886175
v -4.701808 3.111580 2.166301
v -0.455654 4.315410 4.912516
v -0.455923 4.313327 2.864529
v -2.229495 4.317686 5.936731
v -2.229966 4.314043 2.352759
v -3.559846 4.316751 3.120922
v -2.229495 4.317686 5.936731
v -0.455923 4.313327 2.864529
v -2.229966 4.314043 2.352759
v -2.229495 4.317686 5.936731
v -3.559846 4.316751 3.120922
v -3.559644 4.318310 4.656909
v -2.229495 4.317686 5.936731
v -2.229804 3.691727 6.961365
v -2.229871 3.691207 6.449368
v -4.890275 3.259022 5.426155
v -0.008962 3.840365 5.175940
v 1.022946 3.839045 4.583812
v -0.026206 3.973743 2.583821
v -4.890275 3.259022 5.426155
v -2.229871 3.691207 6.449368
v -4.447315 3.258456 5.170101
s 0
f 2337 2335 2336
f 2340 2338 2339
f 2343 2341 2342
f 2346 2344 2345
f 2349 2347 2348
f 2352 2350 2351
f 2355 2353 2354
f 2358 2356 2357
f 2361 2359 2360
f 2364 2362 2363
f 2367 2365 2366
f 2370 2368 2369
f 2373 2371 2372
f 2376 2374 2375
f 2379 2377 2378
f 2382 2380 2381
f 2385 2383 2384
f 2388 2386 2387
f 2391 2389 2390
f 2394 2392 2393
f 2397 2395 2396
f 2400 2398 2399
f 2403 2401 2402
f 2406 2404 2405
f 2409 2407 2408
f 2412 2410 2411
f 2415 2413 2414
f 2418 2416 2417
f 2421 2419 2420
o Shape_IndexedFaceSet.025
v -2.197107 1.687829 0.188441
v -2.220073 1.759719 0.064371
v -5.290667 1.907877 2.051603
v -2.230706 2.487342 6.578592
v 1.194094 2.626988 4.642022
v -2.230687 2.538213 6.450541
v -2.230687 2.538213 6.450541
v 1.194094 2.626988 4.642022
v 1.022125 2.679050 4.584992
v -2.230619 2.538733 6.962538
v 1.538103 2.626863 4.754977
v -2.230673 2.487602 6.834591
v 1.538103 2.626863 4.754977
v 1.194094 2.626988 4.642022
v -2.230673 2.487602 6.834591
v -2.230673 2.487602 6.834591
v 1.194094 2.626988 4.642022
v -2.230706 2.487342 6.578592
v 1.710145 2.677800 4.810904
v 1.538103 2.626863 4.754977
v -2.230619 2.538733 6.962538
v 1.538103 2.626863 4.754977
v 1.710145 2.677800 4.810904
v 0.673963 2.728723 3.039995
v -2.220073 1.759719 0.064371
v -2.197107 1.687829 0.188441
v -1.239251 1.386804 0.819620
v -2.197107 1.687829 0.188441
v -2.034059 1.595620 1.078508
v -1.239251 1.386804 0.819620
v 0.308024 2.775165 3.224993
v 1.022125 2.679050 4.584992
v 1.194094 2.626988 4.642022
v 0.421981 2.726027 3.167029
v 0.308024 2.775165 3.224993
v 1.194094 2.626988 4.642022
v 1.194094 2.626988 4.642022
v 1.538103 2.626863 4.754977
v 0.421981 2.726027 3.167029
v 1.538103 2.626863 4.754977
v 0.673963 2.728723 3.039995
v 0.421981 2.726027 3.167029
v 0.671972 2.794434 2.753930
v 0.440935 2.821130 2.296936
v 0.323909 2.769285 2.369003
v 1.710145 2.677800 4.810904
v 0.786992 2.781586 2.982927
v 0.673963 2.728723 3.039995
v -0.027021 2.820749 2.584994
v 0.189009 2.792018 2.997993
v 0.089931 2.769594 2.513032
v 0.089931 2.769594 2.513032
v 0.189009 2.792018 2.997993
v 0.303963 2.740879 2.940031
v 0.303963 2.740879 2.940031
v 0.554945 2.742575 2.812998
v 0.089931 2.769594 2.513032
v 0.554945 2.742575 2.812998
v 0.323909 2.769285 2.369003
v 0.089931 2.769594 2.513032
v 0.554945 2.742575 2.812998
v 0.671972 2.794434 2.753930
v 0.323909 2.769285 2.369003
v -4.004725 3.111805 2.866206
v -2.231040 2.914399 1.714187
v -4.114769 3.060817 2.802274
v -3.670926 4.212763 3.057043
v -3.559644 4.318310 4.656909
v -3.559846 4.316751 3.120922
v -3.892940 4.212788 2.929072
v -4.003641 4.266881 4.913019
v -3.559644 4.318310 4.656909
v -3.670926 4.212763 3.057043
v -3.892940 4.212788 2.929072
v -3.559644 4.318310 4.656909
v -4.003641 4.266881 4.913019
v -3.892940 4.212788 2.929072
v -4.003910 4.264800 2.865033
v 0.439677 1.043138 2.298745
v 1.855563 1.041425 1.583569
v -1.239251 1.386804 0.819620
v -2.034059 1.595620 1.078508
v -1.648165 1.388702 1.422667
v -1.239251 1.386804 0.819620
v -2.231040 2.914399 1.714187
v -2.231073 2.914140 1.458189
v -4.114769 3.060817 2.802274
v -2.230987 2.965529 1.842134
v -2.231040 2.914399 1.714187
v -4.004725 3.111805 2.866206
v -4.336782 3.060842 2.674303
v -2.231073 2.914140 1.458189
v -2.231054 2.965009 1.330138
v -4.114769 3.060817 2.802274
v -2.231073 2.914140 1.458189
v -4.336782 3.060842 2.674303
v -4.447753 3.111854 2.610265
v -4.336782 3.060842 2.674303
v -2.231054 2.965009 1.330138
v -4.004354 3.257885 4.914043
v -4.114769 3.060817 2.802274
v -4.114381 3.207026 4.978112
v -4.114381 3.207026 4.978112
v -4.336782 3.060842 2.674303
v -4.336361 3.207314 5.106139
v -4.114769 3.060817 2.802274
v -4.336782 3.060842 2.674303
v -4.114381 3.207026 4.978112
v -2.229871 3.691207 6.449368
v -2.229925 3.639077 6.321423
v -4.447315 3.258456 5.170101
v -4.004725 3.111805 2.866206
v -4.114769 3.060817 2.802274
v -4.004354 3.257885 4.914043
v -4.336361 3.207314 5.106139
v -4.336782 3.060842 2.674303
v -4.447753 3.111854 2.610265
v -4.447315 3.258456 5.170101
v -4.336361 3.207314 5.106139
v -4.447753 3.111854 2.610265
v -4.447315 3.258456 5.170101
v -2.229925 3.639077 6.321423
v -4.336361 3.207314 5.106139
v -4.336361 3.207314 5.106139
v -2.229959 3.638819 6.065423
v -4.114381 3.207026 4.978112
v -2.229925 3.639077 6.321423
v -2.229959 3.638819 6.065423
v -4.336361 3.207314 5.106139
v -0.456163 3.974329 2.864874
v -0.346026 3.780398 4.977044
v -0.346210 3.922188 2.800914
v -2.229959 3.638819 6.065423
v -2.229939 3.690687 5.937369
v -4.114381 3.207026 4.978112
v -4.114381 3.207026 4.978112
v -2.229939 3.690687 5.937369
v -4.004354 3.257885 4.914043
v -2.229871 3.691207 6.449368
v -0.124012 3.780375 5.105016
v -2.229925 3.639077 6.321423
v -0.124012 3.780375 5.105016
v -0.346026 3.780398 4.977044
v -2.229925 3.639077 6.321423
v -2.229925 3.639077 6.321423
v -0.346026 3.780398 4.977044
v -2.229959 3.638819 6.065423
v -0.008962 3.840365 5.175940
v -0.124012 3.780375 5.105016
v -2.229871 3.691207 6.449368
v -2.229959 3.638819 6.065423
v -0.346026 3.780398 4.977044
v -0.455996 3.832412 4.913004
v -2.229939 3.690687 5.937369
v -2.229959 3.638819 6.065423
v -0.455996 3.832412 4.913004
v -2.230158 4.066915 2.225012
v -0.124230 3.921903 2.672886
v -2.230191 4.066654 1.969013
v -0.346210 3.922188 2.800914
v -0.124012 3.780375 5.105016
v -0.124230 3.921903 2.672886
v -0.455996 3.832412 4.913004
v -0.346026 3.780398 4.977044
v -0.456163 3.974329 2.864874
v -0.346026 3.780398 4.977044
v -0.124012 3.780375 5.105016
v -0.346210 3.922188 2.800914
v -0.124012 3.780375 5.105016
v -0.008962 3.840365 5.175940
v -0.124230 3.921903 2.672886
v -0.124230 3.921903 2.672886
v -0.008962 3.840365 5.175940
v -0.026206 3.973743 2.583821
v -0.456163 3.974329 2.864874
v -0.346210 3.922188 2.800914
v -2.230158 4.066915 2.225012
v -2.230104 4.118044 2.352958
v -0.456163 3.974329 2.864874
v -2.230158 4.066915 2.225012
v -0.346210 3.922188 2.800914
v -0.124230 3.921903 2.672886
v -2.230158 4.066915 2.225012
v -5.424033 2.106791 5.811395
v -2.230673 2.487602 6.834591
v -5.290082 2.055614 5.731430
v -2.230191 4.066654 1.969013
v -0.124230 3.921903 2.672886
v -0.026206 3.973743 2.583821
v -2.230172 4.117524 1.840962
v -2.230191 4.066654 1.969013
v -0.026206 3.973743 2.583821
v -3.559847 4.315750 3.120924
v -2.230158 4.066915 2.225012
v -3.670926 4.212763 3.057043
v -2.230158 4.066915 2.225012
v -2.230191 4.066654 1.969013
v -3.670926 4.212763 3.057043
v -3.670926 4.212763 3.057043
v -2.230191 4.066654 1.969013
v -3.892940 4.212788 2.929072
v -2.230104 4.118044 2.352958
v -2.230158 4.066915 2.225012
v -3.559847 4.315750 3.120924
v -3.892940 4.212788 2.929072
v -2.230191 4.066654 1.969013
v -2.230172 4.117524 1.840962
v -4.003910 4.264800 2.865033
v -3.892940 4.212788 2.929072
v -2.230172 4.117524 1.840962
v -4.559156 2.054601 5.235340
v -4.448131 2.105459 5.171274
v -4.559611 1.907871 2.547505
v -2.230619 2.538733 6.962538
v -2.230673 2.487602 6.834591
v -5.424033 2.106791 5.811395
v -2.230706 2.487342 6.578592
v -2.230687 2.538213 6.450541
v -4.559156 2.054601 5.235340
v -4.559156 2.054601 5.235340
v -2.230687 2.538213 6.450541
v -4.448131 2.105459 5.171274
v -5.290082 2.055614 5.731430
v -5.411638 1.958893 1.984566
v -5.424033 2.106791 5.811395
v -5.290667 1.907877 2.051603
v -5.411638 1.958893 1.984566
v -5.290082 2.055614 5.731430
v -4.559611 1.907871 2.547505
v -4.448131 2.105459 5.171274
v -4.448568 1.958858 2.611439
v -4.448568 1.958858 2.611439
v -2.011016 1.632731 1.203466
v -4.559611 1.907871 2.547505
v -2.011016 1.632731 1.203466
v -2.034059 1.595620 1.078508
v -4.559611 1.907871 2.547505
v -2.220073 1.759719 0.064371
v -5.411638 1.958893 1.984566
v -5.290667 1.907877 2.051603
v -1.648165 1.388702 1.422667
v 0.439677 1.043138 2.298745
v -1.239251 1.386804 0.819620
v -0.027021 2.820749 2.584994
v 0.089931 2.769594 2.513032
v -1.718994 2.932352 2.019101
v 0.089931 2.769594 2.513032
v -1.719046 2.882227 1.896153
v -1.718994 2.932352 2.019101
v 0.089931 2.769594 2.513032
v 0.323909 2.769285 2.369003
v -1.719046 2.882227 1.896153
v 0.323909 2.769285 2.369003
v -1.719076 2.883978 1.650153
v -1.719046 2.882227 1.896153
v -1.719055 2.936852 1.527100
v -1.719076 2.883978 1.650153
v 0.440935 2.821130 2.296936
v -1.719076 2.883978 1.650153
v 0.323909 2.769285 2.369003
v 0.440935 2.821130 2.296936
s 0
f 2424 2422 2423
f 2427 2425 2426
f 2430 2428 2429
f 2433 2431 2432
f 2436 2434 2435
f 2439 2437 2438
f 2442 2440 2441
f 2445 2443 2444
f 2448 2446 2447
f 2451 2449 2450
f 2454 2452 2453
f 2457 2455 2456
f 2460 2458 2459
f 2463 2461 2462
f 2466 2464 2465
f 2469 2467 2468
f 2472 2470 2471
f 2475 2473 2474
f 2478 2476 2477
f 2481 2479 2480
f 2484 2482 2483
f 2487 2485 2486
f 2490 2488 2489
f 2493 2491 2492
f 2496 2494 2495
f 2499 2497 2498
f 2502 2500 2501
f 2505 2503 2504
f 2508 2506 2507
f 2511 2509 2510
f 2514 2512 2513
f 2517 2515 2516
f 2520 2518 2519
f 2523 2521 2522
f 2526 2524 2525
f 2529 2527 2528
f 2532 2530 2531
f 2535 2533 2534
f 2538 2536 2537
f 2541 2539 2540
f 2544 2542 2543
f 2547 2545 2546
f 2550 2548 2549
f 2553 2551 2552
f 2556 2554 2555
f 2559 2557 2558
f 2562 2560 2561
f 2565 2563 2564
f 2568 2566 2567
f 2571 2569 2570
f 2574 2572 2573
f 2577 2575 2576
f 2580 2578 2579
f 2583 2581 2582
f 2586 2584 2585
f 2589 2587 2588
f 2592 2590 2591
f 2595 2593 2594
f 2598 2596 2597
f 2601 2599 2600
f 2604 2602 2603
f 2607 2605 2606
f 2610 2608 2609
f 2613 2611 2612
f 2616 2614 2615
f 2619 2617 2618
f 2622 2620 2621
f 2625 2623 2624
f 2628 2626 2627
f 2631 2629 2630
f 2634 2632 2633
f 2637 2635 2636
f 2640 2638 2639
f 2643 2641 2642
f 2646 2644 2645
f 2649 2647 2648
f 2652 2650 2651
f 2655 2653 2654
f 2658 2656 2657
f 2661 2659 2660
f 2664 2662 2663
f 2667 2665 2666
f 2670 2668 2669
f 2673 2671 2672
f 2676 2674 2675
f 2679 2677 2678
f 2682 2680 2681
o Shape_IndexedFaceSet.026
v -0.943480 0.780411 -5.271764
v -0.943552 0.678412 -5.271660
v -0.943565 0.678308 -5.373659
v -0.943493 0.780308 -5.373763
v -0.943480 0.780411 -5.271764
v -0.943565 0.678308 -5.373659
v -0.943837 0.294310 -5.373269
v -0.943824 0.294414 -5.271269
v -0.943897 0.191414 -5.271164
v -0.943910 0.191310 -5.373164
v -0.943837 0.294310 -5.373269
v -0.943897 0.191414 -5.271164
s 0
f 2685 2683 2684
f 2688 2686 2687
f 2691 2689 2690
f 2694 2692 2693
o Shape_IndexedFaceSet.027
v -5.290082 2.055614 5.731430
v -2.230706 2.487342 6.578592
v -4.559156 2.054601 5.235340
v -2.230673 2.487602 6.834591
v -2.230706 2.487342 6.578592
v -5.290082 2.055614 5.731430
v -5.290667 1.907877 2.051603
v -4.559156 2.054601 5.235340
v -4.559611 1.907871 2.547505
v -5.290082 2.055614 5.731430
v -4.559156 2.054601 5.235340
v -5.290667 1.907877 2.051603
v -4.559611 1.907871 2.547505
v -2.197107 1.687829 0.188441
v -5.290667 1.907877 2.051603
v -2.034059 1.595620 1.078508
v -2.197107 1.687829 0.188441
v -4.559611 1.907871 2.547505
s 0
f 2697 2695 2696
f 2700 2698 2699
f 2703 2701 2702
f 2706 2704 2705
f 2709 2707 2708
f 2712 2710 2711
o Shape_IndexedFaceSet.028
v -0.943552 0.678412 -5.271660
v -0.943824 0.294414 -5.271269
v -0.943837 0.294310 -5.373269
v -0.943565 0.678308 -5.373659
v -0.943552 0.678412 -5.271660
v -0.943837 0.294310 -5.373269
s 0
f 2715 2713 2714
f 2718 2716 2717
o Shape_IndexedFaceSet.029
v -0.971742 4.213591 4.736683
v -1.059808 4.110703 4.787802
v -1.059986 3.857704 4.788056
v -0.971742 4.213591 4.736683
v -0.766697 4.216806 5.091652
v -0.854761 4.113922 5.142767
v -1.059808 4.110703 4.787802
v -0.971742 4.213591 4.736683
v -0.854761 4.113922 5.142767
v -0.971742 4.213591 4.736683
v -0.793758 4.213361 4.634663
v -0.766697 4.216806 5.091652
v -0.793758 4.213361 4.634663
v -0.588712 4.216579 4.989632
v -0.766697 4.216806 5.091652
v -0.793758 4.213361 4.634663
v -0.705839 4.110250 4.583755
v -0.588712 4.216579 4.989632
v -0.705839 4.110250 4.583755
v -0.500794 4.113466 4.938725
v -0.588712 4.216579 4.989632
v -0.705839 4.110250 4.583755
v -0.706019 3.857250 4.584013
v -0.500794 4.113466 4.938725
v -0.706019 3.857250 4.584013
v -0.500975 3.857467 4.938984
v -0.500794 4.113466 4.938725
v -1.059986 3.857704 4.788056
v -1.059808 4.110703 4.787802
v -0.854943 3.857921 5.143030
v -0.705839 4.110250 4.583755
v -0.793758 4.213361 4.634663
v -1.059986 3.857704 4.788056
v -0.793758 4.213361 4.634663
v -0.971742 4.213591 4.736683
v -1.059986 3.857704 4.788056
v -0.706019 3.857250 4.584013
v -0.705839 4.110250 4.583755
v -1.059986 3.857704 4.788056
v -1.059986 3.857704 4.788056
v -0.854943 3.857921 5.143030
v -0.500975 3.857467 4.938984
v -0.706019 3.857250 4.584013
v -1.059986 3.857704 4.788056
v -0.500975 3.857467 4.938984
v -1.059808 4.110703 4.787802
v -0.854761 4.113922 5.142767
v -0.854943 3.857921 5.143030
v 0.396137 2.704371 4.472047
v 0.040169 2.704827 4.676092
v 0.601180 2.704589 4.827019
v 0.038351 2.961828 4.676830
v 0.129414 3.063711 4.624715
v 0.245393 2.961043 5.030802
v 0.129414 3.063711 4.624715
v 0.334459 3.063931 4.979686
v 0.245393 2.961043 5.030802
v 0.129414 3.063711 4.624715
v 0.307399 3.063483 4.522693
v 0.334459 3.063931 4.979686
v 0.307399 3.063483 4.522693
v 0.512442 3.063701 4.877664
v 0.334459 3.063931 4.979686
v 0.307399 3.063483 4.522693
v 0.396317 2.960370 4.471786
v 0.512442 3.063701 4.877664
v 0.396317 2.960370 4.471786
v 0.601362 2.960588 4.826757
v 0.512442 3.063701 4.877664
v 0.396137 2.704371 4.472047
v 0.601180 2.704589 4.827019
v 0.601362 2.960588 4.826757
v 0.396317 2.960370 4.471786
v 0.396137 2.704371 4.472047
v 0.601362 2.960588 4.826757
v 0.129414 3.063711 4.624715
v 0.038351 2.961828 4.676830
v 0.040169 2.704827 4.676092
v 0.040169 2.704827 4.676092
v 0.245212 2.705045 5.031062
v 0.601180 2.704589 4.827019
v 0.040169 2.704827 4.676092
v 0.245393 2.961043 5.030802
v 0.245212 2.705045 5.031062
v 0.038351 2.961828 4.676830
v 0.245393 2.961043 5.030802
v 0.040169 2.704827 4.676092
v 0.396137 2.704371 4.472047
v 0.396317 2.960370 4.471786
v 0.040169 2.704827 4.676092
v 0.396317 2.960370 4.471786
v 0.307399 3.063483 4.522693
v 0.040169 2.704827 4.676092
v 0.307399 3.063483 4.522693
v 0.129414 3.063711 4.624715
v 0.040169 2.704827 4.676092
s 0
f 2721 2719 2720
f 2724 2722 2723
f 2727 2725 2726
f 2730 2728 2729
f 2733 2731 2732
f 2736 2734 2735
f 2739 2737 2738
f 2742 2740 2741
f 2745 2743 2744
f 2748 2746 2747
f 2751 2749 2750
f 2754 2752 2753
f 2757 2755 2756
f 2760 2758 2759
f 2763 2761 2762
f 2766 2764 2765
f 2769 2767 2768
f 2772 2770 2771
f 2775 2773 2774
f 2778 2776 2777
f 2781 2779 2780
f 2784 2782 2783
f 2787 2785 2786
f 2790 2788 2789
f 2793 2791 2792
f 2796 2794 2795
f 2799 2797 2798
f 2802 2800 2801
f 2805 2803 2804
f 2808 2806 2807
f 2811 2809 2810
f 2814 2812 2813
o Shape_IndexedFaceSet.064
v 3.102349 1.709118 4.107715
v 3.101914 1.094121 4.108341
v 1.833036 1.707449 1.593895
v 3.101914 1.094121 4.108341
v 1.832601 1.092452 1.594520
v 1.833036 1.707449 1.593895
v 3.968125 1.095258 5.821218
v 3.275956 1.094348 4.451315
v 3.968561 1.710256 5.820591
v 3.968561 1.710256 5.820591
v 3.275956 1.094348 4.451315
v 3.276391 1.709346 4.450689
s 0
f 2817 2815 2816
f 2820 2818 2819
f 2823 2821 2822
f 2826 2824 2825
o Shape_IndexedFaceSet.065
v 3.909829 1.034537 -3.787654
v 3.909648 0.778538 -3.787394
v 3.909850 0.780098 -2.251405
v -0.912583 0.779599 -6.049762
v 0.070336 0.778394 -6.561884
v 0.070409 0.880394 -6.561988
v -0.912510 0.881599 -6.049866
v -0.912583 0.779599 -6.049762
v 0.070409 0.880394 -6.561988
v -1.424513 0.780435 -5.578700
v -0.912583 0.779599 -6.049762
v -0.912510 0.881599 -6.049866
v -1.424441 0.882434 -5.578804
v -1.424513 0.780435 -5.578700
v -0.912510 0.881599 -6.049866
v -1.424391 0.882824 -5.194807
v -1.423463 0.780824 -5.194703
v -1.424441 0.882434 -5.578804
v -1.424441 0.882434 -5.578804
v -1.423463 0.780824 -5.194703
v -1.424513 0.780435 -5.578700
v -2.237985 1.887707 0.040243
v -5.430550 2.086882 1.961439
v -2.238075 1.759707 0.040373
v 3.910031 1.036097 -2.251665
v 3.909829 1.034537 -3.787654
v 3.909850 0.780098 -2.251405
v 8.005638 1.030642 -4.812169
v 8.005456 0.774643 -4.811909
v 4.933680 1.032783 -4.811778
v 8.005456 0.774643 -4.811909
v 4.933498 0.776784 -4.811517
v 4.933680 1.032783 -4.811778
v 3.909648 0.778538 -3.787394
v 3.909829 1.034537 -3.787654
v 4.933498 0.776784 -4.811517
v 3.909829 1.034537 -3.787654
v 4.933680 1.032783 -4.811778
v 4.933498 0.776784 -4.811517
v -2.238075 1.759707 0.040373
v -5.430550 2.086882 1.961439
v -5.429640 1.958882 1.961569
v -7.252090 2.091511 5.266648
v -5.429640 1.958882 1.961569
v -5.430550 2.086882 1.961439
v -7.252181 1.963509 5.266778
v -5.429640 1.958882 1.961569
v -7.252090 2.091511 5.266648
v -0.449390 0.780816 -4.534832
v -0.449303 0.903815 -4.534957
v 2.359893 0.903672 -2.749329
v 2.359805 0.780672 -2.749203
v -0.449390 0.780816 -4.534832
v 2.359893 0.903672 -2.749329
v 0.070235 0.879050 -7.882977
v 0.070409 0.880394 -6.561988
v 0.070163 0.777050 -7.882874
v 0.070409 0.880394 -6.561988
v 0.070336 0.778394 -6.561884
v 0.070163 0.777050 -7.882874
s 0
f 2829 2827 2828
f 2832 2830 2831
f 2835 2833 2834
f 2838 2836 2837
f 2841 2839 2840
f 2844 2842 2843
f 2847 2845 2846
f 2850 2848 2849
f 2853 2851 2852
f 2856 2854 2855
f 2859 2857 2858
f 2862 2860 2861
f 2865 2863 2864
f 2868 2866 2867
f 2871 2869 2870
f 2874 2872 2873
f 2877 2875 2876
f 2880 2878 2879
f 2883 2881 2882
f 2886 2884 2885
